call_id,call_date,call_month,member_type,call_channel,call_reason,agent_id,queue_name,wait_time_sec,handle_time_sec,call_outcome,first_call_resolution,sla_target_sec,sla_met,escalated_flag,abandoned_flag
1,2024-07-01 00:00:00,2024-07,Medicaid,Phone,Prior Authorization,2014,Claims Queue,114,325,Resolved,No,90,No,0,0
2,2024-07-01 01:00:00,2024-07,Medicare,Phone,Provider Inquiry,2003,Enrollment Queue,62,248,Resolved,Yes,90,Yes,0,0
3,2024-07-01 02:00:00,2024-07,Medicaid,Phone,System Access,2040,Benefits Queue,109,115,Abandoned,Yes,60,No,0,1
4,2024-07-01 03:00:00,2024-07,Medicare,Phone,System Access,2040,Enrollment Queue,208,396,Resolved,Yes,90,No,0,0
5,2024-07-01 04:00:00,2024-07,Commercial,Phone,Provider Inquiry,2023,Claims Queue,123,882,Resolved,Yes,30,No,0,0
6,2024-07-01 05:00:00,2024-07,Medicare,Phone,Claims Status,2025,Enrollment Queue,91,490,Escalated,Yes,90,No,1,0
7,2024-07-01 06:00:00,2024-07,Medicare,Phone,Billing,2052,Benefits Queue,179,156,Resolved,No,90,No,0,0
8,2024-07-01 07:00:00,2024-07,Medicaid,Phone,Prior Authorization,2040,Claims Queue,96,472,Resolved,Yes,60,No,0,0
9,2024-07-01 08:00:00,2024-07,Medicaid,Portal,Prior Authorization,2043,Claims Queue,49,343,Escalated,Yes,30,No,1,0
10,2024-07-01 09:00:00,2024-07,Medicare,Portal,Enrollment,2039,Claims Queue,40,349,Resolved,Yes,90,Yes,0,0
11,2024-07-01 10:00:00,2024-07,Medicare,Phone,Provider Inquiry,2008,Enrollment Queue,159,227,Resolved,Yes,60,No,0,0
12,2024-07-01 11:00:00,2024-07,Commercial,Phone,System Access,2029,Enrollment Queue,77,427,Resolved,No,60,No,0,0
13,2024-07-01 12:00:00,2024-07,Medicaid,Phone,Benefits Coverage,2015,Enrollment Queue,147,281,Resolved,Yes,30,No,0,0
14,2024-07-01 13:00:00,2024-07,Medicaid,Phone,Claims Status,2055,Enrollment Queue,226,300,Resolved,Yes,60,No,0,0
15,2024-07-01 14:00:00,2024-07,Medicaid,IVR,Billing,2037,Benefits Queue,94,452,Resolved,Yes,30,No,0,0
16,2024-07-01 15:00:00,2024-07,Commercial,Phone,Billing,2033,Enrollment Queue,27,457,Escalated,Yes,90,Yes,1,0
17,2024-07-01 16:00:00,2024-07,Medicaid,Phone,Claims Status,2018,Benefits Queue,128,251,Escalated,No,60,No,1,0
18,2024-07-01 17:00:00,2024-07,Medicare,Phone,Billing,2046,Enrollment Queue,78,223,Resolved,Yes,30,No,0,0
19,2024-07-01 18:00:00,2024-07,Commercial,Phone,Benefits Coverage,2021,Benefits Queue,45,345,Resolved,No,60,Yes,0,0
20,2024-07-01 19:00:00,2024-07,Medicaid,Phone,Enrollment,2052,Benefits Queue,122,129,Resolved,Yes,30,No,0,0
21,2024-07-01 20:00:00,2024-07,Medicare,Phone,System Access,2053,Benefits Queue,77,298,Resolved,Yes,30,No,0,0
22,2024-07-01 21:00:00,2024-07,Commercial,Portal,System Access,2059,Benefits Queue,58,174,Resolved,Yes,60,Yes,0,0
23,2024-07-01 22:00:00,2024-07,Medicaid,Phone,Enrollment,2019,Claims Queue,54,489,Escalated,Yes,90,Yes,1,0
24,2024-07-01 23:00:00,2024-07,Medicare,IVR,Prior Authorization,2013,Claims Queue,30,558,Resolved,Yes,30,Yes,0,0
25,2024-07-02 00:00:00,2024-07,Commercial,Portal,Claims Status,2041,Enrollment Queue,175,183,Abandoned,No,60,No,0,1
26,2024-07-02 01:00:00,2024-07,Medicaid,Phone,Enrollment,2024,Claims Queue,16,70,Resolved,Yes,90,Yes,0,0
27,2024-07-02 02:00:00,2024-07,Medicare,IVR,Billing,2054,Claims Queue,57,126,Resolved,Yes,90,Yes,0,0
28,2024-07-02 03:00:00,2024-07,Medicare,Phone,Prior Authorization,2041,Benefits Queue,104,495,Resolved,Yes,30,No,0,0
29,2024-07-02 04:00:00,2024-07,Medicare,Phone,Enrollment,2038,Benefits Queue,147,268,Abandoned,No,90,No,0,1
30,2024-07-02 05:00:00,2024-07,Medicare,Phone,Prior Authorization,2010,Enrollment Queue,144,164,Resolved,Yes,60,No,0,0
31,2024-07-02 06:00:00,2024-07,Medicaid,Phone,Claims Status,2008,Claims Queue,57,659,Resolved,Yes,30,No,0,0
32,2024-07-02 07:00:00,2024-07,Medicare,IVR,System Access,2032,Enrollment Queue,146,286,Abandoned,Yes,30,No,0,1
33,2024-07-02 08:00:00,2024-07,Medicaid,Phone,Enrollment,2008,Claims Queue,40,241,Resolved,Yes,90,Yes,0,0
34,2024-07-02 09:00:00,2024-07,Medicare,Phone,Billing,2028,Claims Queue,73,218,Escalated,No,60,No,1,0
35,2024-07-02 10:00:00,2024-07,Medicaid,IVR,Provider Inquiry,2057,Benefits Queue,85,336,Resolved,Yes,60,No,0,0
36,2024-07-02 11:00:00,2024-07,Commercial,Phone,Benefits Coverage,2013,Claims Queue,74,314,Escalated,No,90,Yes,1,0
37,2024-07-02 12:00:00,2024-07,Medicare,Phone,Provider Inquiry,2004,Enrollment Queue,59,132,Abandoned,No,90,Yes,0,1
38,2024-07-02 13:00:00,2024-07,Medicaid,Portal,System Access,2042,Benefits Queue,50,510,Resolved,No,60,Yes,0,0
39,2024-07-02 14:00:00,2024-07,Medicare,Phone,Provider Inquiry,2033,Benefits Queue,54,339,Abandoned,No,30,No,0,1
40,2024-07-02 15:00:00,2024-07,Medicaid,Phone,Prior Authorization,2014,Benefits Queue,31,156,Resolved,Yes,30,No,0,0
41,2024-07-02 16:00:00,2024-07,Medicare,Phone,Provider Inquiry,2003,Claims Queue,104,331,Resolved,Yes,30,No,0,0
42,2024-07-02 17:00:00,2024-07,Medicaid,Phone,System Access,2029,Enrollment Queue,18,147,Resolved,Yes,90,Yes,0,0
43,2024-07-02 18:00:00,2024-07,Medicare,Portal,Benefits Coverage,2041,Enrollment Queue,211,184,Resolved,Yes,60,No,0,0
44,2024-07-02 19:00:00,2024-07,Medicaid,Portal,Benefits Coverage,2024,Claims Queue,225,87,Abandoned,Yes,60,No,0,1
45,2024-07-02 20:00:00,2024-07,Medicare,Phone,Provider Inquiry,2008,Claims Queue,56,310,Resolved,Yes,90,Yes,0,0
46,2024-07-02 21:00:00,2024-07,Medicare,IVR,Provider Inquiry,2004,Enrollment Queue,86,377,Resolved,Yes,60,No,0,0
47,2024-07-02 22:00:00,2024-07,Medicaid,IVR,Benefits Coverage,2044,Enrollment Queue,67,200,Resolved,No,30,No,0,0
48,2024-07-02 23:00:00,2024-07,Commercial,Phone,System Access,2028,Claims Queue,213,153,Resolved,Yes,60,No,0,0
49,2024-07-03 00:00:00,2024-07,Medicaid,Phone,Benefits Coverage,2033,Claims Queue,87,376,Resolved,No,60,No,0,0
50,2024-07-03 01:00:00,2024-07,Medicare,Phone,System Access,2045,Enrollment Queue,45,144,Escalated,No,30,No,1,0
51,2024-07-03 02:00:00,2024-07,Medicaid,Phone,Prior Authorization,2046,Benefits Queue,51,835,Abandoned,Yes,60,Yes,0,1
52,2024-07-03 03:00:00,2024-07,Medicaid,Phone,Enrollment,2003,Benefits Queue,33,340,Resolved,Yes,30,No,0,0
53,2024-07-03 04:00:00,2024-07,Medicare,IVR,System Access,2053,Enrollment Queue,165,154,Escalated,No,30,No,1,0
54,2024-07-03 05:00:00,2024-07,Medicare,Phone,Provider Inquiry,2041,Benefits Queue,36,457,Resolved,Yes,30,No,0,0
55,2024-07-03 06:00:00,2024-07,Medicaid,Portal,Billing,2006,Enrollment Queue,96,159,Resolved,Yes,30,No,0,0
56,2024-07-03 07:00:00,2024-07,Medicaid,IVR,Enrollment,2052,Benefits Queue,137,228,Resolved,Yes,30,No,0,0
57,2024-07-03 08:00:00,2024-07,Medicaid,IVR,Claims Status,2045,Claims Queue,157,293,Escalated,Yes,60,No,1,0
58,2024-07-03 09:00:00,2024-07,Medicare,Portal,Enrollment,2034,Claims Queue,31,280,Escalated,Yes,90,Yes,1,0
59,2024-07-03 10:00:00,2024-07,Medicare,Phone,Benefits Coverage,2020,Enrollment Queue,20,148,Resolved,Yes,30,Yes,0,0
60,2024-07-03 11:00:00,2024-07,Medicare,Phone,Benefits Coverage,2059,Claims Queue,80,416,Resolved,Yes,90,Yes,0,0
61,2024-07-03 12:00:00,2024-07,Commercial,Phone,Benefits Coverage,2028,Enrollment Queue,54,280,Escalated,No,60,Yes,1,0
62,2024-07-03 13:00:00,2024-07,Medicare,Phone,Claims Status,2031,Benefits Queue,61,122,Resolved,No,30,No,0,0
63,2024-07-03 14:00:00,2024-07,Medicaid,IVR,Claims Status,2036,Enrollment Queue,23,204,Resolved,Yes,90,Yes,0,0
64,2024-07-03 15:00:00,2024-07,Medicaid,Phone,Billing,2020,Benefits Queue,53,544,Resolved,Yes,60,Yes,0,0
65,2024-07-03 16:00:00,2024-07,Medicare,IVR,Enrollment,2046,Enrollment Queue,47,871,Resolved,Yes,30,No,0,0
66,2024-07-03 17:00:00,2024-07,Medicaid,Phone,Claims Status,2024,Benefits Queue,68,163,Resolved,Yes,60,No,0,0
67,2024-07-03 18:00:00,2024-07,Commercial,Phone,Prior Authorization,2029,Enrollment Queue,35,275,Resolved,Yes,60,Yes,0,0
68,2024-07-03 19:00:00,2024-07,Commercial,Phone,Provider Inquiry,2032,Claims Queue,99,262,Resolved,No,60,No,0,0
69,2024-07-03 20:00:00,2024-07,Commercial,Portal,System Access,2050,Benefits Queue,82,935,Resolved,Yes,60,No,0,0
70,2024-07-03 21:00:00,2024-07,Medicare,IVR,Provider Inquiry,2024,Claims Queue,163,323,Resolved,Yes,30,No,0,0
71,2024-07-03 22:00:00,2024-07,Commercial,Phone,Benefits Coverage,2021,Claims Queue,116,289,Resolved,Yes,30,No,0,0
72,2024-07-03 23:00:00,2024-07,Medicaid,Phone,Provider Inquiry,2051,Claims Queue,70,302,Resolved,Yes,30,No,0,0
73,2024-07-04 00:00:00,2024-07,Medicaid,Phone,Enrollment,2032,Claims Queue,97,327,Resolved,Yes,60,No,0,0
74,2024-07-04 01:00:00,2024-07,Medicare,Phone,Prior Authorization,2052,Enrollment Queue,38,695,Resolved,Yes,90,Yes,0,0
75,2024-07-04 02:00:00,2024-07,Medicare,Phone,Provider Inquiry,2024,Benefits Queue,100,217,Resolved,Yes,90,No,0,0
76,2024-07-04 03:00:00,2024-07,Medicare,Phone,Claims Status,2034,Enrollment Queue,56,398,Resolved,Yes,90,Yes,0,0
77,2024-07-04 04:00:00,2024-07,Medicaid,IVR,Benefits Coverage,2013,Enrollment Queue,37,242,Escalated,Yes,30,No,1,0
78,2024-07-04 05:00:00,2024-07,Medicaid,Phone,System Access,2046,Benefits Queue,206,115,Resolved,Yes,90,No,0,0
79,2024-07-04 06:00:00,2024-07,Medicaid,Phone,Claims Status,2053,Claims Queue,94,739,Resolved,Yes,60,No,0,0
80,2024-07-04 07:00:00,2024-07,Medicaid,IVR,Billing,2002,Enrollment Queue,52,681,Resolved,Yes,30,No,0,0
81,2024-07-04 08:00:00,2024-07,Medicaid,IVR,Billing,2058,Claims Queue,67,122,Escalated,Yes,60,No,1,0
82,2024-07-04 09:00:00,2024-07,Medicaid,Phone,System Access,2003,Benefits Queue,40,641,Resolved,Yes,60,Yes,0,0
83,2024-07-04 10:00:00,2024-07,Medicaid,Phone,Benefits Coverage,2006,Claims Queue,25,507,Resolved,Yes,30,Yes,0,0
84,2024-07-04 11:00:00,2024-07,Medicare,Phone,Claims Status,2053,Enrollment Queue,87,150,Resolved,Yes,90,Yes,0,0
85,2024-07-04 12:00:00,2024-07,Medicare,Phone,Enrollment,2013,Claims Queue,135,277,Abandoned,Yes,60,No,0,1
86,2024-07-04 13:00:00,2024-07,Medicare,Phone,Claims Status,2024,Benefits Queue,98,121,Resolved,No,30,No,0,0
87,2024-07-04 14:00:00,2024-07,Medicare,Phone,Provider Inquiry,2015,Enrollment Queue,107,201,Resolved,Yes,30,No,0,0
88,2024-07-04 15:00:00,2024-07,Medicare,Phone,Billing,2019,Claims Queue,185,220,Escalated,Yes,30,No,1,0
89,2024-07-04 16:00:00,2024-07,Commercial,IVR,Provider Inquiry,2046,Enrollment Queue,91,329,Resolved,No,30,No,0,0
90,2024-07-04 17:00:00,2024-07,Medicare,Portal,Prior Authorization,2043,Enrollment Queue,87,212,Escalated,Yes,60,No,1,0
91,2024-07-04 18:00:00,2024-07,Commercial,Phone,Benefits Coverage,2016,Claims Queue,98,329,Escalated,Yes,30,No,1,0
92,2024-07-04 19:00:00,2024-07,Commercial,IVR,Prior Authorization,2042,Benefits Queue,21,666,Resolved,No,30,Yes,0,0
93,2024-07-04 20:00:00,2024-07,Medicaid,Phone,Provider Inquiry,2049,Benefits Queue,123,500,Resolved,Yes,30,No,0,0
94,2024-07-04 21:00:00,2024-07,Commercial,IVR,Claims Status,2035,Claims Queue,58,384,Escalated,No,60,Yes,1,0
95,2024-07-04 22:00:00,2024-07,Medicaid,IVR,Benefits Coverage,2017,Benefits Queue,128,387,Resolved,Yes,30,No,0,0
96,2024-07-04 23:00:00,2024-07,Medicare,Phone,Claims Status,2018,Benefits Queue,41,585,Resolved,No,30,No,0,0
97,2024-07-05 00:00:00,2024-07,Medicare,IVR,Provider Inquiry,2034,Benefits Queue,33,345,Escalated,Yes,60,Yes,1,0
98,2024-07-05 01:00:00,2024-07,Medicare,Portal,Benefits Coverage,2038,Claims Queue,34,314,Resolved,Yes,60,Yes,0,0
99,2024-07-05 02:00:00,2024-07,Medicaid,Phone,Claims Status,2007,Benefits Queue,131,200,Resolved,Yes,90,No,0,0
100,2024-07-05 03:00:00,2024-07,Medicare,Phone,Prior Authorization,2038,Claims Queue,140,457,Abandoned,Yes,60,No,0,1
101,2024-07-05 04:00:00,2024-07,Medicaid,Portal,Prior Authorization,2029,Enrollment Queue,48,316,Resolved,Yes,60,Yes,0,0
102,2024-07-05 05:00:00,2024-07,Medicaid,Phone,Claims Status,2033,Benefits Queue,8,145,Resolved,Yes,90,Yes,0,0
103,2024-07-05 06:00:00,2024-07,Commercial,IVR,Prior Authorization,2028,Claims Queue,81,385,Resolved,Yes,30,No,0,0
104,2024-07-05 07:00:00,2024-07,Medicaid,IVR,Benefits Coverage,2056,Benefits Queue,128,115,Resolved,Yes,90,No,0,0
105,2024-07-05 08:00:00,2024-07,Medicare,Phone,Provider Inquiry,2007,Claims Queue,199,385,Abandoned,Yes,30,No,0,1
106,2024-07-05 09:00:00,2024-07,Medicare,Phone,Prior Authorization,2037,Benefits Queue,163,1147,Resolved,No,30,No,0,0
107,2024-07-05 10:00:00,2024-07,Commercial,Phone,Prior Authorization,2043,Enrollment Queue,89,362,Abandoned,No,60,No,0,1
108,2024-07-05 11:00:00,2024-07,Medicare,IVR,Prior Authorization,2027,Claims Queue,36,216,Resolved,Yes,60,Yes,0,0
109,2024-07-05 12:00:00,2024-07,Medicaid,Phone,Billing,2054,Claims Queue,105,368,Abandoned,Yes,90,No,0,1
110,2024-07-05 13:00:00,2024-07,Medicaid,Phone,Enrollment,2003,Claims Queue,53,402,Resolved,Yes,30,No,0,0
111,2024-07-05 14:00:00,2024-07,Medicare,Phone,Provider Inquiry,2020,Enrollment Queue,79,147,Resolved,Yes,90,Yes,0,0
112,2024-07-05 15:00:00,2024-07,Medicaid,IVR,System Access,2031,Benefits Queue,12,708,Resolved,Yes,90,Yes,0,0
113,2024-07-05 16:00:00,2024-07,Medicare,Phone,Provider Inquiry,2008,Claims Queue,84,138,Escalated,Yes,30,No,1,0
114,2024-07-05 17:00:00,2024-07,Medicare,Phone,Provider Inquiry,2025,Claims Queue,172,401,Resolved,Yes,30,No,0,0
115,2024-07-05 18:00:00,2024-07,Commercial,Phone,Enrollment,2051,Benefits Queue,34,139,Resolved,Yes,90,Yes,0,0
116,2024-07-05 19:00:00,2024-07,Commercial,Portal,Provider Inquiry,2006,Enrollment Queue,151,275,Resolved,No,60,No,0,0
117,2024-07-05 20:00:00,2024-07,Medicaid,IVR,Prior Authorization,2001,Benefits Queue,128,368,Resolved,Yes,60,No,0,0
118,2024-07-05 21:00:00,2024-07,Medicaid,Phone,Provider Inquiry,2053,Enrollment Queue,59,465,Escalated,Yes,60,Yes,1,0
119,2024-07-05 22:00:00,2024-07,Medicare,Phone,System Access,2052,Enrollment Queue,155,457,Resolved,Yes,30,No,0,0
120,2024-07-05 23:00:00,2024-07,Medicaid,Phone,Billing,2024,Claims Queue,98,946,Escalated,Yes,30,No,1,0
121,2024-07-06 00:00:00,2024-07,Medicaid,Phone,Prior Authorization,2034,Benefits Queue,59,646,Escalated,No,60,Yes,1,0
122,2024-07-06 01:00:00,2024-07,Medicare,Phone,Billing,2019,Enrollment Queue,107,468,Resolved,Yes,60,No,0,0
123,2024-07-06 02:00:00,2024-07,Medicaid,Phone,Claims Status,2047,Claims Queue,143,147,Resolved,No,30,No,0,0
124,2024-07-06 03:00:00,2024-07,Medicare,Phone,Provider Inquiry,2045,Claims Queue,29,172,Resolved,Yes,60,Yes,0,0
125,2024-07-06 04:00:00,2024-07,Commercial,Portal,Benefits Coverage,2032,Benefits Queue,284,439,Resolved,No,60,No,0,0
126,2024-07-06 05:00:00,2024-07,Medicaid,Phone,Prior Authorization,2037,Benefits Queue,57,580,Escalated,Yes,90,Yes,1,0
127,2024-07-06 06:00:00,2024-07,Medicare,Phone,Prior Authorization,2004,Benefits Queue,69,545,Resolved,Yes,90,Yes,0,0
128,2024-07-06 07:00:00,2024-07,Medicare,Phone,Benefits Coverage,2023,Benefits Queue,162,317,Escalated,Yes,90,No,1,0
129,2024-07-06 08:00:00,2024-07,Commercial,IVR,Enrollment,2057,Benefits Queue,81,475,Resolved,No,90,Yes,0,0
130,2024-07-06 09:00:00,2024-07,Medicaid,Portal,Enrollment,2013,Claims Queue,100,391,Resolved,Yes,30,No,0,0
131,2024-07-06 10:00:00,2024-07,Medicaid,Phone,System Access,2020,Benefits Queue,105,506,Resolved,Yes,60,No,0,0
132,2024-07-06 11:00:00,2024-07,Commercial,Phone,Enrollment,2019,Enrollment Queue,69,346,Escalated,Yes,30,No,1,0
133,2024-07-06 12:00:00,2024-07,Commercial,Phone,Claims Status,2038,Enrollment Queue,94,231,Resolved,No,60,No,0,0
134,2024-07-06 13:00:00,2024-07,Medicaid,IVR,System Access,2013,Enrollment Queue,123,75,Escalated,Yes,60,No,1,0
135,2024-07-06 14:00:00,2024-07,Medicaid,Phone,Enrollment,2012,Enrollment Queue,76,660,Resolved,No,30,No,0,0
136,2024-07-06 15:00:00,2024-07,Medicare,Portal,Prior Authorization,2052,Enrollment Queue,119,387,Resolved,Yes,90,No,0,0
137,2024-07-06 16:00:00,2024-07,Commercial,IVR,System Access,2042,Enrollment Queue,291,365,Resolved,No,90,No,0,0
138,2024-07-06 17:00:00,2024-07,Medicaid,Phone,Benefits Coverage,2018,Enrollment Queue,134,76,Resolved,Yes,30,No,0,0
139,2024-07-06 18:00:00,2024-07,Medicare,Phone,Enrollment,2057,Benefits Queue,93,227,Resolved,No,60,No,0,0
140,2024-07-06 19:00:00,2024-07,Commercial,IVR,Provider Inquiry,2015,Benefits Queue,56,184,Abandoned,Yes,90,Yes,0,1
141,2024-07-06 20:00:00,2024-07,Medicare,Portal,Provider Inquiry,2038,Benefits Queue,26,323,Abandoned,No,30,Yes,0,1
142,2024-07-06 21:00:00,2024-07,Medicaid,Phone,System Access,2029,Enrollment Queue,94,148,Resolved,Yes,90,No,0,0
143,2024-07-06 22:00:00,2024-07,Medicaid,Phone,Benefits Coverage,2055,Benefits Queue,35,340,Resolved,No,60,Yes,0,0
144,2024-07-06 23:00:00,2024-07,Medicaid,Phone,Billing,2008,Claims Queue,44,355,Resolved,Yes,30,No,0,0
145,2024-07-07 00:00:00,2024-07,Commercial,Phone,System Access,2046,Benefits Queue,61,163,Resolved,Yes,30,No,0,0
146,2024-07-07 01:00:00,2024-07,Medicaid,Phone,Provider Inquiry,2033,Claims Queue,106,404,Resolved,Yes,60,No,0,0
147,2024-07-07 02:00:00,2024-07,Medicaid,Portal,Claims Status,2055,Benefits Queue,29,205,Resolved,Yes,90,Yes,0,0
148,2024-07-07 03:00:00,2024-07,Medicaid,Phone,Claims Status,2017,Enrollment Queue,151,543,Escalated,Yes,30,No,1,0
149,2024-07-07 04:00:00,2024-07,Medicaid,IVR,System Access,2031,Claims Queue,123,144,Resolved,Yes,30,No,0,0
150,2024-07-07 05:00:00,2024-07,Medicaid,IVR,Provider Inquiry,2006,Claims Queue,45,98,Resolved,Yes,30,No,0,0
151,2024-07-07 06:00:00,2024-07,Medicaid,Phone,Enrollment,2038,Claims Queue,175,1008,Abandoned,No,30,No,0,1
152,2024-07-07 07:00:00,2024-07,Medicare,Phone,Billing,2025,Claims Queue,90,658,Resolved,Yes,30,No,0,0
153,2024-07-07 08:00:00,2024-07,Medicare,Phone,Provider Inquiry,2004,Claims Queue,55,121,Resolved,Yes,90,Yes,0,0
154,2024-07-07 09:00:00,2024-07,Medicaid,Phone,Provider Inquiry,2024,Benefits Queue,155,128,Abandoned,Yes,90,No,0,1
155,2024-07-07 10:00:00,2024-07,Medicaid,Phone,System Access,2015,Enrollment Queue,54,249,Resolved,Yes,60,Yes,0,0
156,2024-07-07 11:00:00,2024-07,Medicaid,IVR,Prior Authorization,2049,Benefits Queue,147,692,Resolved,Yes,30,No,0,0
157,2024-07-07 12:00:00,2024-07,Medicare,Phone,Benefits Coverage,2049,Benefits Queue,79,487,Resolved,Yes,30,No,0,0
158,2024-07-07 13:00:00,2024-07,Commercial,Phone,Provider Inquiry,2021,Claims Queue,106,586,Resolved,No,90,No,0,0
159,2024-07-07 14:00:00,2024-07,Commercial,Portal,Prior Authorization,2006,Benefits Queue,96,20,Resolved,Yes,90,No,0,0
160,2024-07-07 15:00:00,2024-07,Medicaid,Phone,System Access,2036,Claims Queue,98,388,Resolved,No,30,No,0,0
161,2024-07-07 16:00:00,2024-07,Medicaid,Phone,Prior Authorization,2038,Claims Queue,147,164,Resolved,No,30,No,0,0
162,2024-07-07 17:00:00,2024-07,Commercial,Phone,Claims Status,2044,Benefits Queue,94,154,Resolved,Yes,30,No,0,0
163,2024-07-07 18:00:00,2024-07,Commercial,Phone,Benefits Coverage,2049,Enrollment Queue,40,523,Resolved,No,60,Yes,0,0
164,2024-07-07 19:00:00,2024-07,Medicare,IVR,System Access,2011,Benefits Queue,10,1008,Escalated,No,30,Yes,1,0
165,2024-07-07 20:00:00,2024-07,Medicare,IVR,System Access,2012,Claims Queue,110,163,Escalated,No,90,No,1,0
166,2024-07-07 21:00:00,2024-07,Commercial,Phone,Claims Status,2051,Claims Queue,262,358,Resolved,Yes,90,No,0,0
167,2024-07-07 22:00:00,2024-07,Medicare,Phone,System Access,2019,Benefits Queue,123,58,Resolved,No,60,No,0,0
168,2024-07-07 23:00:00,2024-07,Commercial,Portal,System Access,2022,Benefits Queue,52,370,Resolved,Yes,60,Yes,0,0
169,2024-07-08 00:00:00,2024-07,Medicaid,Phone,System Access,2043,Benefits Queue,150,542,Resolved,No,30,No,0,0
170,2024-07-08 01:00:00,2024-07,Medicaid,Phone,Billing,2058,Benefits Queue,73,82,Resolved,Yes,30,No,0,0
171,2024-07-08 02:00:00,2024-07,Medicaid,Phone,Prior Authorization,2025,Claims Queue,133,301,Resolved,Yes,30,No,0,0
172,2024-07-08 03:00:00,2024-07,Medicaid,Portal,Enrollment,2047,Claims Queue,80,556,Resolved,No,30,No,0,0
173,2024-07-08 04:00:00,2024-07,Commercial,Phone,Enrollment,2004,Enrollment Queue,232,262,Resolved,No,90,No,0,0
174,2024-07-08 05:00:00,2024-07,Medicaid,Phone,System Access,2048,Enrollment Queue,83,204,Resolved,Yes,60,No,0,0
175,2024-07-08 06:00:00,2024-07,Medicare,Phone,Enrollment,2024,Enrollment Queue,204,667,Abandoned,Yes,30,No,0,1
176,2024-07-08 07:00:00,2024-07,Medicaid,Phone,Provider Inquiry,2030,Enrollment Queue,101,253,Abandoned,Yes,30,No,0,1
177,2024-07-08 08:00:00,2024-07,Medicaid,Phone,Benefits Coverage,2043,Claims Queue,31,415,Escalated,Yes,60,Yes,1,0
178,2024-07-08 09:00:00,2024-07,Medicaid,Phone,Benefits Coverage,2020,Claims Queue,56,259,Resolved,Yes,90,Yes,0,0
179,2024-07-08 10:00:00,2024-07,Medicaid,IVR,Provider Inquiry,2020,Claims Queue,38,137,Abandoned,Yes,30,No,0,1
180,2024-07-08 11:00:00,2024-07,Medicare,Phone,Billing,2014,Benefits Queue,40,373,Resolved,Yes,30,No,0,0
181,2024-07-08 12:00:00,2024-07,Medicare,IVR,Billing,2002,Claims Queue,85,202,Resolved,No,30,No,0,0
182,2024-07-08 13:00:00,2024-07,Medicaid,Portal,Billing,2049,Benefits Queue,35,261,Resolved,No,60,Yes,0,0
183,2024-07-08 14:00:00,2024-07,Medicare,Phone,Billing,2007,Benefits Queue,64,638,Abandoned,Yes,60,No,0,1
184,2024-07-08 15:00:00,2024-07,Medicaid,IVR,Claims Status,2055,Enrollment Queue,109,811,Resolved,Yes,30,No,0,0
185,2024-07-08 16:00:00,2024-07,Medicaid,Phone,System Access,2045,Claims Queue,55,705,Resolved,Yes,60,Yes,0,0
186,2024-07-08 17:00:00,2024-07,Medicaid,Phone,System Access,2026,Claims Queue,38,540,Resolved,No,30,No,0,0
187,2024-07-08 18:00:00,2024-07,Medicaid,Phone,Provider Inquiry,2054,Enrollment Queue,138,443,Resolved,Yes,60,No,0,0
188,2024-07-08 19:00:00,2024-07,Medicaid,Phone,Billing,2058,Enrollment Queue,319,962,Resolved,No,30,No,0,0
189,2024-07-08 20:00:00,2024-07,Commercial,IVR,Claims Status,2026,Benefits Queue,84,314,Escalated,Yes,90,Yes,1,0
190,2024-07-08 21:00:00,2024-07,Commercial,Phone,Prior Authorization,2032,Enrollment Queue,154,701,Resolved,No,30,No,0,0
191,2024-07-08 22:00:00,2024-07,Medicaid,IVR,Prior Authorization,2001,Benefits Queue,189,206,Resolved,Yes,90,No,0,0
192,2024-07-08 23:00:00,2024-07,Medicaid,IVR,Claims Status,2023,Benefits Queue,40,469,Resolved,Yes,30,No,0,0
193,2024-07-09 00:00:00,2024-07,Medicaid,Phone,Prior Authorization,2045,Benefits Queue,43,158,Escalated,Yes,90,Yes,1,0
194,2024-07-09 01:00:00,2024-07,Medicare,Phone,Claims Status,2011,Claims Queue,142,373,Resolved,Yes,60,No,0,0
195,2024-07-09 02:00:00,2024-07,Medicaid,Phone,Claims Status,2022,Enrollment Queue,169,434,Resolved,No,90,No,0,0
196,2024-07-09 03:00:00,2024-07,Medicare,Portal,Provider Inquiry,2026,Benefits Queue,138,349,Resolved,Yes,60,No,0,0
197,2024-07-09 04:00:00,2024-07,Commercial,Phone,Provider Inquiry,2021,Enrollment Queue,96,498,Escalated,Yes,30,No,1,0
198,2024-07-09 05:00:00,2024-07,Medicaid,Phone,Prior Authorization,2003,Benefits Queue,60,125,Escalated,Yes,60,Yes,1,0
199,2024-07-09 06:00:00,2024-07,Medicare,Phone,Enrollment,2044,Enrollment Queue,103,258,Resolved,Yes,60,No,0,0
200,2024-07-09 07:00:00,2024-07,Medicare,IVR,Enrollment,2034,Enrollment Queue,40,189,Resolved,Yes,60,Yes,0,0
201,2024-07-09 08:00:00,2024-07,Medicare,Phone,System Access,2010,Enrollment Queue,265,448,Resolved,Yes,60,No,0,0
202,2024-07-09 09:00:00,2024-07,Medicaid,IVR,Prior Authorization,2039,Enrollment Queue,156,598,Resolved,No,90,No,0,0
203,2024-07-09 10:00:00,2024-07,Medicare,Portal,Prior Authorization,2024,Enrollment Queue,138,681,Escalated,No,30,No,1,0
204,2024-07-09 11:00:00,2024-07,Commercial,IVR,Provider Inquiry,2028,Claims Queue,111,427,Resolved,Yes,90,No,0,0
205,2024-07-09 12:00:00,2024-07,Medicare,Phone,Benefits Coverage,2019,Enrollment Queue,192,226,Escalated,Yes,90,No,1,0
206,2024-07-09 13:00:00,2024-07,Medicaid,Phone,Benefits Coverage,2031,Claims Queue,45,77,Resolved,Yes,30,No,0,0
207,2024-07-09 14:00:00,2024-07,Medicare,Phone,Benefits Coverage,2017,Enrollment Queue,171,200,Escalated,Yes,60,No,1,0
208,2024-07-09 15:00:00,2024-07,Medicare,IVR,Billing,2041,Claims Queue,160,131,Resolved,Yes,30,No,0,0
209,2024-07-09 16:00:00,2024-07,Medicare,Phone,Benefits Coverage,2006,Enrollment Queue,64,105,Resolved,No,60,No,0,0
210,2024-07-09 17:00:00,2024-07,Medicaid,Phone,Benefits Coverage,2028,Claims Queue,75,552,Resolved,No,30,No,0,0
211,2024-07-09 18:00:00,2024-07,Commercial,Phone,Benefits Coverage,2015,Benefits Queue,81,261,Resolved,Yes,30,No,0,0
212,2024-07-09 19:00:00,2024-07,Commercial,Phone,System Access,2053,Claims Queue,73,208,Resolved,Yes,60,No,0,0
213,2024-07-09 20:00:00,2024-07,Medicaid,IVR,Claims Status,2054,Enrollment Queue,35,287,Resolved,Yes,90,Yes,0,0
214,2024-07-09 21:00:00,2024-07,Medicare,IVR,Benefits Coverage,2033,Claims Queue,35,1223,Resolved,No,30,No,0,0
215,2024-07-09 22:00:00,2024-07,Medicaid,Phone,Provider Inquiry,2056,Claims Queue,77,215,Resolved,No,90,Yes,0,0
216,2024-07-09 23:00:00,2024-07,Commercial,Portal,Enrollment,2024,Claims Queue,9,591,Resolved,Yes,60,Yes,0,0
217,2024-07-10 00:00:00,2024-07,Commercial,Phone,Enrollment,2027,Benefits Queue,89,210,Resolved,No,60,No,0,0
218,2024-07-10 01:00:00,2024-07,Medicare,Phone,Billing,2009,Claims Queue,55,405,Resolved,Yes,90,Yes,0,0
219,2024-07-10 02:00:00,2024-07,Medicare,Phone,Benefits Coverage,2031,Claims Queue,41,168,Resolved,Yes,60,Yes,0,0
220,2024-07-10 03:00:00,2024-07,Medicaid,Phone,Billing,2048,Enrollment Queue,141,449,Resolved,Yes,60,No,0,0
221,2024-07-10 04:00:00,2024-07,Medicaid,IVR,Claims Status,2042,Enrollment Queue,109,317,Escalated,Yes,90,No,1,0
222,2024-07-10 05:00:00,2024-07,Medicaid,IVR,Prior Authorization,2054,Enrollment Queue,126,477,Resolved,Yes,90,No,0,0
223,2024-07-10 06:00:00,2024-07,Medicare,Portal,Provider Inquiry,2006,Claims Queue,152,258,Resolved,Yes,30,No,0,0
224,2024-07-10 07:00:00,2024-07,Medicaid,Phone,Claims Status,2005,Claims Queue,75,318,Resolved,Yes,30,No,0,0
225,2024-07-10 08:00:00,2024-07,Commercial,IVR,Benefits Coverage,2006,Claims Queue,82,313,Escalated,Yes,60,No,1,0
226,2024-07-10 09:00:00,2024-07,Medicare,Phone,System Access,2013,Claims Queue,24,636,Resolved,Yes,60,Yes,0,0
227,2024-07-10 10:00:00,2024-07,Medicaid,Portal,Billing,2010,Enrollment Queue,32,214,Resolved,No,90,Yes,0,0
228,2024-07-10 11:00:00,2024-07,Medicaid,IVR,Enrollment,2024,Benefits Queue,85,286,Resolved,Yes,30,No,0,0
229,2024-07-10 12:00:00,2024-07,Medicare,Phone,Provider Inquiry,2044,Benefits Queue,123,275,Abandoned,Yes,90,No,0,1
230,2024-07-10 13:00:00,2024-07,Commercial,Phone,Prior Authorization,2040,Benefits Queue,109,603,Resolved,Yes,90,No,0,0
231,2024-07-10 14:00:00,2024-07,Medicare,Portal,Billing,2033,Enrollment Queue,56,159,Escalated,Yes,60,Yes,1,0
232,2024-07-10 15:00:00,2024-07,Medicaid,Phone,Claims Status,2015,Claims Queue,19,415,Escalated,No,60,Yes,1,0
233,2024-07-10 16:00:00,2024-07,Medicare,Phone,Billing,2049,Enrollment Queue,54,138,Resolved,Yes,30,No,0,0
234,2024-07-10 17:00:00,2024-07,Medicaid,Phone,Enrollment,2010,Benefits Queue,82,406,Resolved,Yes,60,No,0,0
235,2024-07-10 18:00:00,2024-07,Commercial,Phone,Enrollment,2055,Benefits Queue,64,633,Resolved,Yes,30,No,0,0
236,2024-07-10 19:00:00,2024-07,Medicare,Phone,Benefits Coverage,2018,Benefits Queue,118,262,Escalated,Yes,60,No,1,0
237,2024-07-10 20:00:00,2024-07,Medicaid,Phone,Benefits Coverage,2030,Claims Queue,97,331,Escalated,Yes,90,No,1,0
238,2024-07-10 21:00:00,2024-07,Medicare,Phone,System Access,2041,Enrollment Queue,74,259,Escalated,Yes,60,No,1,0
239,2024-07-10 22:00:00,2024-07,Medicare,Phone,Enrollment,2014,Benefits Queue,36,660,Resolved,Yes,90,Yes,0,0
240,2024-07-10 23:00:00,2024-07,Medicaid,IVR,Provider Inquiry,2055,Claims Queue,16,463,Resolved,Yes,30,Yes,0,0
241,2024-07-11 00:00:00,2024-07,Commercial,Phone,Provider Inquiry,2029,Benefits Queue,45,243,Resolved,Yes,90,Yes,0,0
242,2024-07-11 01:00:00,2024-07,Medicaid,Phone,Prior Authorization,2026,Claims Queue,153,139,Escalated,Yes,60,No,1,0
243,2024-07-11 02:00:00,2024-07,Commercial,IVR,Prior Authorization,2025,Enrollment Queue,157,229,Escalated,Yes,60,No,1,0
244,2024-07-11 03:00:00,2024-07,Commercial,Phone,Provider Inquiry,2028,Enrollment Queue,81,649,Resolved,Yes,30,No,0,0
245,2024-07-11 04:00:00,2024-07,Medicaid,Phone,Claims Status,2030,Claims Queue,23,217,Escalated,Yes,30,Yes,1,0
246,2024-07-11 05:00:00,2024-07,Medicare,Phone,Provider Inquiry,2050,Claims Queue,119,963,Resolved,No,60,No,0,0
247,2024-07-11 06:00:00,2024-07,Medicaid,Phone,Enrollment,2031,Benefits Queue,68,263,Escalated,Yes,30,No,1,0
248,2024-07-11 07:00:00,2024-07,Medicare,Phone,Benefits Coverage,2051,Enrollment Queue,73,134,Abandoned,No,30,No,0,1
249,2024-07-11 08:00:00,2024-07,Medicare,Phone,Claims Status,2007,Benefits Queue,33,499,Resolved,Yes,30,No,0,0
250,2024-07-11 09:00:00,2024-07,Medicare,IVR,System Access,2025,Enrollment Queue,53,475,Resolved,Yes,90,Yes,0,0
251,2024-07-11 10:00:00,2024-07,Commercial,Phone,System Access,2045,Claims Queue,112,726,Resolved,Yes,90,No,0,0
252,2024-07-11 11:00:00,2024-07,Medicaid,IVR,Claims Status,2040,Enrollment Queue,156,211,Resolved,Yes,90,No,0,0
253,2024-07-11 12:00:00,2024-07,Medicare,Portal,System Access,2001,Enrollment Queue,128,235,Resolved,Yes,90,No,0,0
254,2024-07-11 13:00:00,2024-07,Medicaid,Portal,Enrollment,2041,Claims Queue,149,306,Resolved,Yes,90,No,0,0
255,2024-07-11 14:00:00,2024-07,Medicaid,Phone,Billing,2055,Benefits Queue,83,701,Resolved,Yes,90,Yes,0,0
256,2024-07-11 15:00:00,2024-07,Medicare,IVR,Provider Inquiry,2025,Claims Queue,32,207,Escalated,Yes,30,No,1,0
257,2024-07-11 16:00:00,2024-07,Medicare,Phone,Prior Authorization,2037,Claims Queue,22,323,Abandoned,Yes,30,Yes,0,1
258,2024-07-11 17:00:00,2024-07,Commercial,Phone,Provider Inquiry,2006,Benefits Queue,110,228,Resolved,Yes,60,No,0,0
259,2024-07-11 18:00:00,2024-07,Medicare,Phone,Benefits Coverage,2009,Enrollment Queue,38,304,Escalated,Yes,90,Yes,1,0
260,2024-07-11 19:00:00,2024-07,Medicaid,Phone,Claims Status,2028,Enrollment Queue,64,467,Resolved,Yes,60,No,0,0
261,2024-07-11 20:00:00,2024-07,Commercial,Phone,Prior Authorization,2032,Claims Queue,56,164,Escalated,No,30,No,1,0
262,2024-07-11 21:00:00,2024-07,Medicaid,Phone,Claims Status,2020,Claims Queue,176,194,Resolved,Yes,30,No,0,0
263,2024-07-11 22:00:00,2024-07,Medicaid,Phone,System Access,2038,Claims Queue,33,363,Escalated,Yes,30,No,1,0
264,2024-07-11 23:00:00,2024-07,Medicare,Phone,Billing,2030,Claims Queue,65,526,Resolved,No,30,No,0,0
265,2024-07-12 00:00:00,2024-07,Medicaid,Phone,Billing,2042,Benefits Queue,110,379,Resolved,Yes,30,No,0,0
266,2024-07-12 01:00:00,2024-07,Medicaid,IVR,Provider Inquiry,2015,Benefits Queue,169,214,Abandoned,Yes,60,No,0,1
267,2024-07-12 02:00:00,2024-07,Commercial,Phone,System Access,2033,Enrollment Queue,42,479,Resolved,Yes,90,Yes,0,0
268,2024-07-12 03:00:00,2024-07,Medicaid,Phone,Prior Authorization,2029,Benefits Queue,113,400,Resolved,Yes,60,No,0,0
269,2024-07-12 04:00:00,2024-07,Commercial,Phone,Prior Authorization,2036,Benefits Queue,77,444,Resolved,Yes,60,No,0,0
270,2024-07-12 05:00:00,2024-07,Medicare,Phone,Claims Status,2003,Enrollment Queue,78,162,Resolved,Yes,60,No,0,0
271,2024-07-12 06:00:00,2024-07,Medicaid,Phone,Prior Authorization,2009,Claims Queue,80,391,Resolved,Yes,90,Yes,0,0
272,2024-07-12 07:00:00,2024-07,Medicaid,Phone,System Access,2037,Claims Queue,54,124,Abandoned,Yes,60,Yes,0,1
273,2024-07-12 08:00:00,2024-07,Medicaid,Phone,Claims Status,2057,Enrollment Queue,139,450,Resolved,Yes,30,No,0,0
274,2024-07-12 09:00:00,2024-07,Commercial,Phone,System Access,2044,Claims Queue,171,387,Resolved,Yes,60,No,0,0
275,2024-07-12 10:00:00,2024-07,Medicaid,Phone,System Access,2010,Benefits Queue,14,416,Resolved,No,30,Yes,0,0
276,2024-07-12 11:00:00,2024-07,Medicaid,IVR,Claims Status,2041,Enrollment Queue,81,345,Resolved,Yes,60,No,0,0
277,2024-07-12 12:00:00,2024-07,Medicaid,Phone,System Access,2004,Benefits Queue,145,459,Escalated,Yes,60,No,1,0
278,2024-07-12 13:00:00,2024-07,Commercial,Phone,Benefits Coverage,2039,Enrollment Queue,145,366,Abandoned,No,90,No,0,1
279,2024-07-12 14:00:00,2024-07,Medicaid,Phone,Billing,2011,Enrollment Queue,84,174,Resolved,Yes,60,No,0,0
280,2024-07-12 15:00:00,2024-07,Medicare,Portal,Claims Status,2027,Enrollment Queue,51,399,Escalated,Yes,30,No,1,0
281,2024-07-12 16:00:00,2024-07,Medicaid,Phone,Prior Authorization,2042,Benefits Queue,89,268,Resolved,Yes,60,No,0,0
282,2024-07-12 17:00:00,2024-07,Commercial,Phone,System Access,2001,Benefits Queue,102,335,Escalated,Yes,30,No,1,0
283,2024-07-12 18:00:00,2024-07,Medicare,Phone,Billing,2012,Benefits Queue,185,131,Resolved,Yes,30,No,0,0
284,2024-07-12 19:00:00,2024-07,Medicaid,Phone,Benefits Coverage,2011,Enrollment Queue,111,891,Resolved,Yes,60,No,0,0
285,2024-07-12 20:00:00,2024-07,Commercial,IVR,Provider Inquiry,2001,Claims Queue,326,434,Abandoned,Yes,60,No,0,1
286,2024-07-12 21:00:00,2024-07,Medicaid,Portal,Prior Authorization,2038,Enrollment Queue,32,347,Abandoned,Yes,90,Yes,0,1
287,2024-07-12 22:00:00,2024-07,Medicare,Phone,Enrollment,2002,Benefits Queue,46,142,Resolved,Yes,90,Yes,0,0
288,2024-07-12 23:00:00,2024-07,Medicare,Phone,Prior Authorization,2001,Enrollment Queue,90,510,Resolved,Yes,30,No,0,0
289,2024-07-13 00:00:00,2024-07,Medicaid,Phone,Benefits Coverage,2022,Enrollment Queue,96,466,Escalated,Yes,60,No,1,0
290,2024-07-13 01:00:00,2024-07,Medicaid,Phone,Prior Authorization,2017,Benefits Queue,135,206,Abandoned,Yes,60,No,0,1
291,2024-07-13 02:00:00,2024-07,Medicaid,Phone,Billing,2041,Benefits Queue,33,386,Resolved,No,30,No,0,0
292,2024-07-13 03:00:00,2024-07,Medicaid,Phone,Prior Authorization,2058,Benefits Queue,80,230,Escalated,Yes,30,No,1,0
293,2024-07-13 04:00:00,2024-07,Medicaid,Phone,Benefits Coverage,2053,Enrollment Queue,139,257,Resolved,Yes,90,No,0,0
294,2024-07-13 05:00:00,2024-07,Medicaid,Phone,Enrollment,2015,Benefits Queue,107,72,Resolved,Yes,60,No,0,0
295,2024-07-13 06:00:00,2024-07,Commercial,Phone,Provider Inquiry,2002,Benefits Queue,74,725,Resolved,Yes,30,No,0,0
296,2024-07-13 07:00:00,2024-07,Medicaid,Phone,Enrollment,2007,Claims Queue,119,457,Resolved,Yes,90,No,0,0
297,2024-07-13 08:00:00,2024-07,Medicare,Phone,System Access,2007,Claims Queue,18,400,Escalated,Yes,30,Yes,1,0
298,2024-07-13 09:00:00,2024-07,Medicaid,Phone,Enrollment,2036,Benefits Queue,48,353,Escalated,Yes,30,No,1,0
299,2024-07-13 10:00:00,2024-07,Medicaid,Phone,Billing,2016,Enrollment Queue,134,169,Resolved,Yes,30,No,0,0
300,2024-07-13 11:00:00,2024-07,Medicare,Phone,Prior Authorization,2059,Benefits Queue,104,249,Resolved,No,60,No,0,0
301,2024-07-13 12:00:00,2024-07,Commercial,Phone,Prior Authorization,2009,Enrollment Queue,211,322,Abandoned,Yes,60,No,0,1
302,2024-07-13 13:00:00,2024-07,Medicare,Portal,Prior Authorization,2059,Enrollment Queue,154,1000,Resolved,Yes,30,No,0,0
303,2024-07-13 14:00:00,2024-07,Medicaid,Phone,Claims Status,2015,Enrollment Queue,54,211,Resolved,Yes,60,Yes,0,0
304,2024-07-13 15:00:00,2024-07,Commercial,Portal,Benefits Coverage,2027,Claims Queue,90,240,Escalated,Yes,60,No,1,0
305,2024-07-13 16:00:00,2024-07,Medicaid,Phone,Billing,2045,Enrollment Queue,27,459,Abandoned,No,30,Yes,0,1
306,2024-07-13 17:00:00,2024-07,Medicaid,IVR,Provider Inquiry,2053,Benefits Queue,61,398,Escalated,Yes,30,No,1,0
307,2024-07-13 18:00:00,2024-07,Medicare,IVR,System Access,2056,Benefits Queue,154,146,Escalated,No,90,No,1,0
308,2024-07-13 19:00:00,2024-07,Commercial,Phone,System Access,2009,Enrollment Queue,118,366,Resolved,No,60,No,0,0
309,2024-07-13 20:00:00,2024-07,Commercial,Phone,Prior Authorization,2030,Claims Queue,56,291,Resolved,No,30,No,0,0
310,2024-07-13 21:00:00,2024-07,Medicare,Phone,System Access,2022,Claims Queue,51,464,Resolved,Yes,30,No,0,0
311,2024-07-13 22:00:00,2024-07,Medicaid,Phone,Provider Inquiry,2033,Benefits Queue,207,640,Resolved,Yes,90,No,0,0
312,2024-07-13 23:00:00,2024-07,Commercial,Phone,Enrollment,2001,Enrollment Queue,44,159,Abandoned,No,30,No,0,1
313,2024-07-14 00:00:00,2024-07,Commercial,IVR,Benefits Coverage,2021,Benefits Queue,55,623,Resolved,Yes,30,No,0,0
314,2024-07-14 01:00:00,2024-07,Commercial,Phone,Billing,2014,Benefits Queue,176,587,Resolved,Yes,30,No,0,0
315,2024-07-14 02:00:00,2024-07,Medicare,Phone,System Access,2048,Benefits Queue,162,117,Resolved,Yes,30,No,0,0
316,2024-07-14 03:00:00,2024-07,Medicaid,IVR,Provider Inquiry,2042,Benefits Queue,82,175,Escalated,Yes,30,No,1,0
317,2024-07-14 04:00:00,2024-07,Medicaid,IVR,Prior Authorization,2058,Enrollment Queue,68,464,Resolved,No,60,No,0,0
318,2024-07-14 05:00:00,2024-07,Medicare,IVR,Benefits Coverage,2049,Enrollment Queue,108,280,Resolved,No,30,No,0,0
319,2024-07-14 06:00:00,2024-07,Medicare,IVR,Enrollment,2030,Benefits Queue,126,267,Escalated,Yes,30,No,1,0
320,2024-07-14 07:00:00,2024-07,Commercial,Phone,Enrollment,2004,Claims Queue,28,410,Resolved,Yes,90,Yes,0,0
321,2024-07-14 08:00:00,2024-07,Medicaid,Phone,Enrollment,2037,Benefits Queue,63,448,Resolved,Yes,60,No,0,0
322,2024-07-14 09:00:00,2024-07,Medicare,Phone,Prior Authorization,2008,Benefits Queue,73,267,Resolved,Yes,60,No,0,0
323,2024-07-14 10:00:00,2024-07,Medicaid,Phone,Provider Inquiry,2028,Claims Queue,116,216,Escalated,No,30,No,1,0
324,2024-07-14 11:00:00,2024-07,Medicare,Phone,Provider Inquiry,2041,Enrollment Queue,58,543,Escalated,Yes,60,Yes,1,0
325,2024-07-14 12:00:00,2024-07,Medicaid,Phone,Provider Inquiry,2051,Claims Queue,51,296,Resolved,No,30,No,0,0
326,2024-07-14 13:00:00,2024-07,Medicare,Phone,Prior Authorization,2032,Benefits Queue,197,520,Resolved,Yes,30,No,0,0
327,2024-07-14 14:00:00,2024-07,Medicaid,Portal,Provider Inquiry,2003,Enrollment Queue,174,567,Resolved,Yes,90,No,0,0
328,2024-07-14 15:00:00,2024-07,Medicaid,Phone,Provider Inquiry,2028,Claims Queue,35,234,Resolved,No,30,No,0,0
329,2024-07-14 16:00:00,2024-07,Commercial,IVR,Enrollment,2015,Benefits Queue,195,461,Resolved,Yes,90,No,0,0
330,2024-07-14 17:00:00,2024-07,Medicaid,Phone,Provider Inquiry,2037,Benefits Queue,68,294,Abandoned,Yes,30,No,0,1
331,2024-07-14 18:00:00,2024-07,Commercial,Phone,System Access,2002,Benefits Queue,126,365,Resolved,No,30,No,0,0
332,2024-07-14 19:00:00,2024-07,Medicare,Phone,Prior Authorization,2027,Benefits Queue,24,497,Resolved,Yes,30,Yes,0,0
333,2024-07-14 20:00:00,2024-07,Medicaid,Phone,Benefits Coverage,2015,Benefits Queue,7,296,Resolved,Yes,60,Yes,0,0
334,2024-07-14 21:00:00,2024-07,Medicare,Phone,Benefits Coverage,2036,Claims Queue,99,288,Escalated,Yes,30,No,1,0
335,2024-07-14 22:00:00,2024-07,Medicaid,Portal,Billing,2007,Enrollment Queue,82,334,Resolved,No,30,No,0,0
336,2024-07-14 23:00:00,2024-07,Commercial,Phone,System Access,2019,Benefits Queue,84,469,Resolved,No,60,No,0,0
337,2024-07-15 00:00:00,2024-07,Medicaid,Phone,Provider Inquiry,2003,Benefits Queue,62,324,Resolved,Yes,90,Yes,0,0
338,2024-07-15 01:00:00,2024-07,Medicare,Phone,Benefits Coverage,2008,Benefits Queue,52,398,Resolved,Yes,60,Yes,0,0
339,2024-07-15 02:00:00,2024-07,Medicaid,Portal,Benefits Coverage,2046,Benefits Queue,63,248,Resolved,Yes,60,No,0,0
340,2024-07-15 03:00:00,2024-07,Medicaid,Phone,Prior Authorization,2026,Benefits Queue,100,403,Resolved,Yes,30,No,0,0
341,2024-07-15 04:00:00,2024-07,Commercial,Phone,System Access,2041,Benefits Queue,154,396,Resolved,No,30,No,0,0
342,2024-07-15 05:00:00,2024-07,Medicare,IVR,Benefits Coverage,2022,Claims Queue,134,472,Resolved,Yes,30,No,0,0
343,2024-07-15 06:00:00,2024-07,Medicare,IVR,Benefits Coverage,2047,Benefits Queue,55,250,Escalated,Yes,90,Yes,1,0
344,2024-07-15 07:00:00,2024-07,Medicare,Phone,Benefits Coverage,2047,Benefits Queue,82,331,Resolved,No,90,Yes,0,0
345,2024-07-15 08:00:00,2024-07,Medicaid,Phone,Benefits Coverage,2052,Enrollment Queue,13,249,Resolved,No,30,Yes,0,0
346,2024-07-15 09:00:00,2024-07,Commercial,Phone,Prior Authorization,2057,Enrollment Queue,66,165,Resolved,Yes,60,No,0,0
347,2024-07-15 10:00:00,2024-07,Commercial,Phone,Provider Inquiry,2001,Enrollment Queue,117,380,Resolved,Yes,90,No,0,0
348,2024-07-15 11:00:00,2024-07,Medicaid,Phone,Claims Status,2029,Benefits Queue,54,304,Resolved,No,60,Yes,0,0
349,2024-07-15 12:00:00,2024-07,Medicare,Phone,System Access,2026,Claims Queue,104,288,Escalated,Yes,30,No,1,0
350,2024-07-15 13:00:00,2024-07,Medicaid,Phone,Claims Status,2011,Enrollment Queue,132,246,Escalated,No,90,No,1,0
351,2024-07-15 14:00:00,2024-07,Medicare,Portal,Billing,2033,Benefits Queue,113,367,Resolved,Yes,60,No,0,0
352,2024-07-15 15:00:00,2024-07,Medicaid,Phone,Benefits Coverage,2023,Claims Queue,71,162,Escalated,Yes,90,Yes,1,0
353,2024-07-15 16:00:00,2024-07,Medicare,Phone,Billing,2028,Claims Queue,228,343,Escalated,Yes,60,No,1,0
354,2024-07-15 17:00:00,2024-07,Medicare,Phone,Provider Inquiry,2005,Enrollment Queue,197,336,Escalated,Yes,60,No,1,0
355,2024-07-15 18:00:00,2024-07,Medicare,Portal,System Access,2032,Enrollment Queue,73,195,Resolved,Yes,60,No,0,0
356,2024-07-15 19:00:00,2024-07,Medicaid,IVR,Claims Status,2048,Claims Queue,106,199,Resolved,No,90,No,0,0
357,2024-07-15 20:00:00,2024-07,Commercial,Phone,Claims Status,2028,Benefits Queue,97,366,Resolved,No,60,No,0,0
358,2024-07-15 21:00:00,2024-07,Medicaid,IVR,Provider Inquiry,2006,Claims Queue,175,363,Abandoned,No,30,No,0,1
359,2024-07-15 22:00:00,2024-07,Commercial,IVR,System Access,2006,Benefits Queue,93,697,Resolved,No,60,No,0,0
360,2024-07-15 23:00:00,2024-07,Medicare,Phone,Billing,2004,Claims Queue,84,82,Resolved,Yes,30,No,0,0
361,2024-07-16 00:00:00,2024-07,Medicaid,Phone,Claims Status,2021,Benefits Queue,81,474,Resolved,Yes,90,Yes,0,0
362,2024-07-16 01:00:00,2024-07,Medicare,Phone,Enrollment,2050,Claims Queue,185,389,Resolved,Yes,30,No,0,0
363,2024-07-16 02:00:00,2024-07,Commercial,Phone,Enrollment,2038,Enrollment Queue,154,928,Resolved,No,60,No,0,0
364,2024-07-16 03:00:00,2024-07,Medicare,Phone,System Access,2038,Enrollment Queue,167,105,Resolved,Yes,30,No,0,0
365,2024-07-16 04:00:00,2024-07,Commercial,IVR,Enrollment,2023,Enrollment Queue,81,425,Escalated,Yes,60,No,1,0
366,2024-07-16 05:00:00,2024-07,Medicaid,Phone,Prior Authorization,2043,Enrollment Queue,23,370,Resolved,Yes,60,Yes,0,0
367,2024-07-16 06:00:00,2024-07,Medicaid,Phone,System Access,2027,Benefits Queue,64,233,Escalated,Yes,30,No,1,0
368,2024-07-16 07:00:00,2024-07,Medicaid,IVR,Provider Inquiry,2041,Claims Queue,133,327,Resolved,Yes,30,No,0,0
369,2024-07-16 08:00:00,2024-07,Medicare,Phone,Benefits Coverage,2014,Enrollment Queue,131,400,Resolved,Yes,30,No,0,0
370,2024-07-16 09:00:00,2024-07,Medicaid,Phone,Claims Status,2024,Claims Queue,84,201,Resolved,Yes,60,No,0,0
371,2024-07-16 10:00:00,2024-07,Medicaid,IVR,Prior Authorization,2043,Enrollment Queue,165,143,Escalated,Yes,30,No,1,0
372,2024-07-16 11:00:00,2024-07,Medicare,Phone,Enrollment,2029,Enrollment Queue,82,278,Resolved,No,90,Yes,0,0
373,2024-07-16 12:00:00,2024-07,Medicaid,IVR,Claims Status,2059,Enrollment Queue,257,240,Resolved,Yes,30,No,0,0
374,2024-07-16 13:00:00,2024-07,Medicaid,Portal,Prior Authorization,2003,Enrollment Queue,25,64,Resolved,Yes,30,Yes,0,0
375,2024-07-16 14:00:00,2024-07,Medicare,Phone,System Access,2009,Claims Queue,93,629,Resolved,Yes,60,No,0,0
376,2024-07-16 15:00:00,2024-07,Medicaid,IVR,Provider Inquiry,2055,Benefits Queue,92,717,Resolved,Yes,90,No,0,0
377,2024-07-16 16:00:00,2024-07,Medicaid,Phone,Claims Status,2029,Benefits Queue,101,755,Escalated,Yes,90,No,1,0
378,2024-07-16 17:00:00,2024-07,Commercial,Phone,Benefits Coverage,2011,Benefits Queue,45,236,Resolved,Yes,90,Yes,0,0
379,2024-07-16 18:00:00,2024-07,Medicaid,Phone,Provider Inquiry,2034,Enrollment Queue,70,475,Resolved,Yes,30,No,0,0
380,2024-07-16 19:00:00,2024-07,Medicare,Phone,Enrollment,2044,Claims Queue,121,373,Escalated,Yes,30,No,1,0
381,2024-07-16 20:00:00,2024-07,Medicare,IVR,Benefits Coverage,2048,Enrollment Queue,56,335,Resolved,Yes,90,Yes,0,0
382,2024-07-16 21:00:00,2024-07,Medicaid,Phone,Claims Status,2023,Benefits Queue,39,217,Resolved,Yes,60,Yes,0,0
383,2024-07-16 22:00:00,2024-07,Medicare,Phone,Provider Inquiry,2013,Enrollment Queue,244,407,Resolved,Yes,30,No,0,0
384,2024-07-16 23:00:00,2024-07,Commercial,Phone,Benefits Coverage,2045,Benefits Queue,88,863,Resolved,No,30,No,0,0
385,2024-07-17 00:00:00,2024-07,Medicaid,Phone,Provider Inquiry,2030,Claims Queue,79,248,Resolved,Yes,90,Yes,0,0
386,2024-07-17 01:00:00,2024-07,Medicare,Phone,Billing,2045,Enrollment Queue,28,569,Resolved,Yes,60,Yes,0,0
387,2024-07-17 02:00:00,2024-07,Commercial,Portal,Benefits Coverage,2002,Claims Queue,48,380,Resolved,No,30,No,0,0
388,2024-07-17 03:00:00,2024-07,Medicaid,Phone,Provider Inquiry,2040,Enrollment Queue,114,398,Resolved,Yes,90,No,0,0
389,2024-07-17 04:00:00,2024-07,Commercial,Phone,System Access,2014,Claims Queue,53,264,Resolved,Yes,60,Yes,0,0
390,2024-07-17 05:00:00,2024-07,Medicare,Phone,System Access,2006,Enrollment Queue,54,256,Resolved,No,60,Yes,0,0
391,2024-07-17 06:00:00,2024-07,Medicare,Phone,Billing,2030,Enrollment Queue,88,239,Resolved,Yes,60,No,0,0
392,2024-07-17 07:00:00,2024-07,Medicare,Phone,Enrollment,2054,Benefits Queue,74,298,Resolved,No,30,No,0,0
393,2024-07-17 08:00:00,2024-07,Medicaid,Phone,Prior Authorization,2016,Enrollment Queue,64,941,Resolved,Yes,60,No,0,0
394,2024-07-17 09:00:00,2024-07,Medicare,Phone,Prior Authorization,2041,Claims Queue,178,318,Abandoned,Yes,30,No,0,1
395,2024-07-17 10:00:00,2024-07,Medicaid,Phone,Claims Status,2036,Enrollment Queue,10,471,Resolved,No,90,Yes,0,0
396,2024-07-17 11:00:00,2024-07,Commercial,Phone,Prior Authorization,2051,Claims Queue,154,438,Resolved,Yes,60,No,0,0
397,2024-07-17 12:00:00,2024-07,Medicare,IVR,Billing,2035,Claims Queue,100,146,Resolved,Yes,30,No,0,0
398,2024-07-17 13:00:00,2024-07,Medicaid,Phone,Benefits Coverage,2031,Claims Queue,23,612,Abandoned,Yes,30,Yes,0,1
399,2024-07-17 14:00:00,2024-07,Medicaid,Phone,Provider Inquiry,2015,Claims Queue,26,317,Resolved,Yes,30,Yes,0,0
400,2024-07-17 15:00:00,2024-07,Commercial,IVR,Claims Status,2051,Enrollment Queue,50,254,Resolved,Yes,30,No,0,0
401,2024-07-17 16:00:00,2024-07,Commercial,Phone,Prior Authorization,2012,Enrollment Queue,100,476,Resolved,Yes,90,No,0,0
402,2024-07-17 17:00:00,2024-07,Medicare,Phone,Provider Inquiry,2047,Benefits Queue,68,219,Resolved,Yes,30,No,0,0
403,2024-07-17 18:00:00,2024-07,Medicaid,Phone,Benefits Coverage,2044,Benefits Queue,162,414,Resolved,No,60,No,0,0
404,2024-07-17 19:00:00,2024-07,Medicaid,Phone,Billing,2058,Enrollment Queue,222,51,Escalated,Yes,60,No,1,0
405,2024-07-17 20:00:00,2024-07,Commercial,Phone,Provider Inquiry,2051,Benefits Queue,47,385,Resolved,Yes,90,Yes,0,0
406,2024-07-17 21:00:00,2024-07,Medicaid,Phone,Billing,2018,Enrollment Queue,199,281,Resolved,Yes,60,No,0,0
407,2024-07-17 22:00:00,2024-07,Commercial,Phone,Enrollment,2008,Enrollment Queue,146,211,Escalated,Yes,30,No,1,0
408,2024-07-17 23:00:00,2024-07,Commercial,IVR,System Access,2011,Claims Queue,54,414,Escalated,Yes,60,Yes,1,0
409,2024-07-18 00:00:00,2024-07,Medicaid,Phone,Enrollment,2058,Benefits Queue,89,240,Escalated,No,30,No,1,0
410,2024-07-18 01:00:00,2024-07,Medicaid,Phone,Benefits Coverage,2001,Benefits Queue,110,323,Resolved,No,60,No,0,0
411,2024-07-18 02:00:00,2024-07,Medicare,IVR,Provider Inquiry,2001,Enrollment Queue,71,519,Abandoned,Yes,60,No,0,1
412,2024-07-18 03:00:00,2024-07,Commercial,Phone,Enrollment,2021,Benefits Queue,149,178,Resolved,Yes,30,No,0,0
413,2024-07-18 04:00:00,2024-07,Commercial,Phone,Enrollment,2052,Benefits Queue,78,225,Escalated,Yes,30,No,1,0
414,2024-07-18 05:00:00,2024-07,Commercial,Phone,Benefits Coverage,2038,Claims Queue,85,266,Resolved,Yes,30,No,0,0
415,2024-07-18 06:00:00,2024-07,Medicaid,IVR,Enrollment,2038,Claims Queue,38,327,Resolved,Yes,30,No,0,0
416,2024-07-18 07:00:00,2024-07,Medicaid,Phone,Prior Authorization,2031,Claims Queue,62,467,Abandoned,Yes,60,No,0,1
417,2024-07-18 08:00:00,2024-07,Medicare,IVR,Claims Status,2034,Benefits Queue,41,167,Resolved,Yes,30,No,0,0
418,2024-07-18 09:00:00,2024-07,Medicare,Phone,System Access,2030,Benefits Queue,165,996,Resolved,No,30,No,0,0
419,2024-07-18 10:00:00,2024-07,Medicare,Phone,Claims Status,2037,Enrollment Queue,156,369,Resolved,Yes,90,No,0,0
420,2024-07-18 11:00:00,2024-07,Medicaid,Phone,Benefits Coverage,2004,Benefits Queue,135,114,Resolved,Yes,30,No,0,0
421,2024-07-18 12:00:00,2024-07,Medicare,Phone,Provider Inquiry,2041,Enrollment Queue,77,224,Resolved,Yes,60,No,0,0
422,2024-07-18 13:00:00,2024-07,Commercial,Phone,Prior Authorization,2029,Benefits Queue,22,165,Escalated,Yes,30,Yes,1,0
423,2024-07-18 14:00:00,2024-07,Commercial,Portal,Billing,2030,Benefits Queue,70,727,Escalated,No,90,Yes,1,0
424,2024-07-18 15:00:00,2024-07,Commercial,IVR,Billing,2048,Claims Queue,199,628,Resolved,Yes,30,No,0,0
425,2024-07-18 16:00:00,2024-07,Commercial,IVR,Prior Authorization,2015,Enrollment Queue,188,123,Resolved,Yes,30,No,0,0
426,2024-07-18 17:00:00,2024-07,Commercial,Portal,System Access,2052,Claims Queue,76,247,Resolved,Yes,30,No,0,0
427,2024-07-18 18:00:00,2024-07,Medicaid,Phone,Benefits Coverage,2040,Enrollment Queue,52,168,Escalated,Yes,90,Yes,1,0
428,2024-07-18 19:00:00,2024-07,Commercial,Phone,Provider Inquiry,2054,Benefits Queue,100,262,Abandoned,Yes,60,No,0,1
429,2024-07-18 20:00:00,2024-07,Medicaid,IVR,Enrollment,2029,Enrollment Queue,73,422,Resolved,Yes,30,No,0,0
430,2024-07-18 21:00:00,2024-07,Medicaid,IVR,Prior Authorization,2056,Enrollment Queue,139,153,Escalated,Yes,60,No,1,0
431,2024-07-18 22:00:00,2024-07,Medicare,Phone,Benefits Coverage,2044,Enrollment Queue,89,102,Resolved,Yes,90,Yes,0,0
432,2024-07-18 23:00:00,2024-07,Commercial,Phone,System Access,2053,Enrollment Queue,61,367,Resolved,Yes,60,No,0,0
433,2024-07-19 00:00:00,2024-07,Medicare,IVR,Prior Authorization,2034,Benefits Queue,178,330,Escalated,No,30,No,1,0
434,2024-07-19 01:00:00,2024-07,Medicaid,Phone,Provider Inquiry,2016,Benefits Queue,122,564,Escalated,No,30,No,1,0
435,2024-07-19 02:00:00,2024-07,Medicaid,Phone,System Access,2015,Enrollment Queue,59,432,Resolved,Yes,90,Yes,0,0
436,2024-07-19 03:00:00,2024-07,Commercial,Phone,Prior Authorization,2014,Benefits Queue,147,245,Resolved,No,30,No,0,0
437,2024-07-19 04:00:00,2024-07,Commercial,IVR,Billing,2056,Enrollment Queue,55,343,Escalated,Yes,90,Yes,1,0
438,2024-07-19 05:00:00,2024-07,Medicaid,Phone,Prior Authorization,2004,Claims Queue,138,418,Resolved,Yes,30,No,0,0
439,2024-07-19 06:00:00,2024-07,Medicaid,Phone,Claims Status,2048,Enrollment Queue,58,552,Abandoned,No,60,Yes,0,1
440,2024-07-19 07:00:00,2024-07,Medicaid,Phone,Billing,2034,Claims Queue,136,376,Resolved,Yes,60,No,0,0
441,2024-07-19 08:00:00,2024-07,Medicaid,Phone,Claims Status,2033,Claims Queue,100,260,Resolved,Yes,30,No,0,0
442,2024-07-19 09:00:00,2024-07,Medicare,Phone,Billing,2032,Enrollment Queue,223,228,Resolved,Yes,60,No,0,0
443,2024-07-19 10:00:00,2024-07,Medicaid,Phone,Prior Authorization,2016,Benefits Queue,120,236,Resolved,No,30,No,0,0
444,2024-07-19 11:00:00,2024-07,Medicare,Phone,Enrollment,2040,Enrollment Queue,61,220,Resolved,No,30,No,0,0
445,2024-07-19 12:00:00,2024-07,Commercial,IVR,Billing,2054,Benefits Queue,80,327,Resolved,Yes,60,No,0,0
446,2024-07-19 13:00:00,2024-07,Commercial,Phone,Benefits Coverage,2011,Enrollment Queue,11,442,Resolved,No,60,Yes,0,0
447,2024-07-19 14:00:00,2024-07,Medicaid,Phone,Benefits Coverage,2028,Enrollment Queue,20,43,Resolved,Yes,60,Yes,0,0
448,2024-07-19 15:00:00,2024-07,Medicaid,IVR,Benefits Coverage,2056,Enrollment Queue,80,474,Resolved,No,60,No,0,0
449,2024-07-19 16:00:00,2024-07,Medicaid,Phone,Benefits Coverage,2009,Claims Queue,117,267,Resolved,Yes,30,No,0,0
450,2024-07-19 17:00:00,2024-07,Medicare,Phone,System Access,2054,Claims Queue,133,704,Abandoned,Yes,30,No,0,1
451,2024-07-19 18:00:00,2024-07,Medicaid,IVR,Benefits Coverage,2012,Claims Queue,60,264,Resolved,Yes,90,Yes,0,0
452,2024-07-19 19:00:00,2024-07,Medicaid,Phone,Enrollment,2032,Benefits Queue,40,1132,Abandoned,Yes,90,Yes,0,1
453,2024-07-19 20:00:00,2024-07,Medicaid,Phone,Benefits Coverage,2018,Claims Queue,74,434,Resolved,Yes,30,No,0,0
454,2024-07-19 21:00:00,2024-07,Medicaid,Phone,Billing,2005,Enrollment Queue,181,131,Abandoned,Yes,60,No,0,1
455,2024-07-19 22:00:00,2024-07,Commercial,Phone,Provider Inquiry,2013,Benefits Queue,182,194,Resolved,Yes,90,No,0,0
456,2024-07-19 23:00:00,2024-07,Medicare,Phone,Prior Authorization,2028,Benefits Queue,104,158,Resolved,Yes,30,No,0,0
457,2024-07-20 00:00:00,2024-07,Medicaid,IVR,Billing,2028,Enrollment Queue,60,339,Escalated,Yes,90,Yes,1,0
458,2024-07-20 01:00:00,2024-07,Medicare,IVR,Prior Authorization,2028,Benefits Queue,70,216,Resolved,Yes,30,No,0,0
459,2024-07-20 02:00:00,2024-07,Medicare,Phone,Claims Status,2023,Enrollment Queue,30,446,Resolved,Yes,30,Yes,0,0
460,2024-07-20 03:00:00,2024-07,Medicare,Phone,Prior Authorization,2058,Enrollment Queue,135,316,Resolved,No,30,No,0,0
461,2024-07-20 04:00:00,2024-07,Medicaid,Portal,Claims Status,2019,Claims Queue,64,849,Escalated,Yes,30,No,1,0
462,2024-07-20 05:00:00,2024-07,Medicare,Phone,Billing,2057,Benefits Queue,84,196,Resolved,No,60,No,0,0
463,2024-07-20 06:00:00,2024-07,Commercial,Phone,Prior Authorization,2058,Enrollment Queue,81,378,Abandoned,Yes,90,Yes,0,1
464,2024-07-20 07:00:00,2024-07,Medicare,Phone,Billing,2015,Benefits Queue,153,476,Resolved,Yes,30,No,0,0
465,2024-07-20 08:00:00,2024-07,Commercial,Phone,Prior Authorization,2007,Benefits Queue,77,276,Escalated,Yes,90,Yes,1,0
466,2024-07-20 09:00:00,2024-07,Medicaid,Phone,Enrollment,2056,Enrollment Queue,102,1189,Escalated,Yes,90,No,1,0
467,2024-07-20 10:00:00,2024-07,Medicare,IVR,Prior Authorization,2020,Claims Queue,73,383,Resolved,Yes,60,No,0,0
468,2024-07-20 11:00:00,2024-07,Medicaid,Portal,Billing,2028,Claims Queue,128,173,Resolved,No,30,No,0,0
469,2024-07-20 12:00:00,2024-07,Medicaid,Phone,Enrollment,2005,Benefits Queue,96,420,Abandoned,Yes,60,No,0,1
470,2024-07-20 13:00:00,2024-07,Medicaid,IVR,Enrollment,2041,Benefits Queue,119,388,Resolved,Yes,30,No,0,0
471,2024-07-20 14:00:00,2024-07,Medicaid,Phone,System Access,2004,Claims Queue,50,335,Resolved,Yes,30,No,0,0
472,2024-07-20 15:00:00,2024-07,Medicaid,IVR,Claims Status,2049,Claims Queue,79,753,Resolved,Yes,30,No,0,0
473,2024-07-20 16:00:00,2024-07,Medicare,Phone,Enrollment,2024,Enrollment Queue,21,227,Escalated,Yes,90,Yes,1,0
474,2024-07-20 17:00:00,2024-07,Medicare,IVR,Billing,2055,Claims Queue,85,350,Escalated,Yes,90,Yes,1,0
475,2024-07-20 18:00:00,2024-07,Medicare,Phone,Provider Inquiry,2027,Enrollment Queue,26,479,Resolved,Yes,30,Yes,0,0
476,2024-07-20 19:00:00,2024-07,Medicaid,Phone,Billing,2002,Benefits Queue,35,92,Resolved,No,30,No,0,0
477,2024-07-20 20:00:00,2024-07,Medicaid,Phone,System Access,2005,Claims Queue,130,238,Resolved,Yes,60,No,0,0
478,2024-07-20 21:00:00,2024-07,Medicaid,Phone,Provider Inquiry,2040,Benefits Queue,242,276,Resolved,No,60,No,0,0
479,2024-07-20 22:00:00,2024-07,Medicaid,Phone,Prior Authorization,2004,Benefits Queue,24,68,Resolved,Yes,60,Yes,0,0
480,2024-07-20 23:00:00,2024-07,Medicaid,Phone,System Access,2054,Enrollment Queue,85,80,Resolved,Yes,60,No,0,0
481,2024-07-21 00:00:00,2024-07,Commercial,IVR,System Access,2006,Benefits Queue,43,502,Resolved,Yes,30,No,0,0
482,2024-07-21 01:00:00,2024-07,Commercial,Phone,Claims Status,2057,Claims Queue,65,368,Resolved,No,60,No,0,0
483,2024-07-21 02:00:00,2024-07,Medicaid,IVR,System Access,2010,Enrollment Queue,91,737,Resolved,Yes,60,No,0,0
484,2024-07-21 03:00:00,2024-07,Medicaid,Portal,Prior Authorization,2011,Benefits Queue,16,414,Abandoned,Yes,90,Yes,0,1
485,2024-07-21 04:00:00,2024-07,Commercial,Phone,Provider Inquiry,2053,Benefits Queue,179,162,Resolved,No,60,No,0,0
486,2024-07-21 05:00:00,2024-07,Medicare,Phone,Enrollment,2030,Enrollment Queue,74,495,Resolved,Yes,90,Yes,0,0
487,2024-07-21 06:00:00,2024-07,Medicaid,IVR,Provider Inquiry,2043,Enrollment Queue,74,318,Resolved,Yes,60,No,0,0
488,2024-07-21 07:00:00,2024-07,Medicare,Phone,Benefits Coverage,2017,Enrollment Queue,105,149,Resolved,No,30,No,0,0
489,2024-07-21 08:00:00,2024-07,Medicaid,Phone,Provider Inquiry,2020,Benefits Queue,113,699,Resolved,Yes,60,No,0,0
490,2024-07-21 09:00:00,2024-07,Medicare,Phone,Billing,2051,Enrollment Queue,21,257,Escalated,Yes,60,Yes,1,0
491,2024-07-21 10:00:00,2024-07,Medicare,Phone,Enrollment,2055,Claims Queue,136,491,Resolved,Yes,90,No,0,0
492,2024-07-21 11:00:00,2024-07,Medicare,Phone,Prior Authorization,2025,Claims Queue,35,141,Escalated,Yes,30,No,1,0
493,2024-07-21 12:00:00,2024-07,Commercial,Phone,Enrollment,2022,Claims Queue,89,450,Escalated,Yes,60,No,1,0
494,2024-07-21 13:00:00,2024-07,Medicaid,IVR,System Access,2039,Enrollment Queue,67,444,Resolved,Yes,60,No,0,0
495,2024-07-21 14:00:00,2024-07,Medicare,Phone,Billing,2038,Enrollment Queue,126,332,Resolved,Yes,60,No,0,0
496,2024-07-21 15:00:00,2024-07,Commercial,Phone,Benefits Coverage,2021,Claims Queue,97,375,Resolved,No,60,No,0,0
497,2024-07-21 16:00:00,2024-07,Medicaid,IVR,Benefits Coverage,2028,Benefits Queue,33,267,Escalated,Yes,30,No,1,0
498,2024-07-21 17:00:00,2024-07,Medicare,Phone,Provider Inquiry,2049,Claims Queue,84,299,Resolved,No,30,No,0,0
499,2024-07-21 18:00:00,2024-07,Medicare,Phone,Enrollment,2010,Claims Queue,125,574,Resolved,Yes,90,No,0,0
500,2024-07-21 19:00:00,2024-07,Medicaid,Phone,Enrollment,2036,Claims Queue,64,472,Escalated,No,30,No,1,0
501,2024-07-21 20:00:00,2024-07,Commercial,Portal,System Access,2049,Enrollment Queue,103,416,Resolved,Yes,60,No,0,0
502,2024-07-21 21:00:00,2024-07,Medicare,Phone,Claims Status,2038,Claims Queue,44,257,Escalated,Yes,30,No,1,0
503,2024-07-21 22:00:00,2024-07,Medicare,Phone,System Access,2011,Benefits Queue,128,464,Resolved,No,30,No,0,0
504,2024-07-21 23:00:00,2024-07,Commercial,Phone,Prior Authorization,2010,Enrollment Queue,47,356,Resolved,Yes,60,Yes,0,0
505,2024-07-22 00:00:00,2024-07,Medicaid,Portal,Provider Inquiry,2058,Enrollment Queue,75,95,Resolved,Yes,30,No,0,0
506,2024-07-22 01:00:00,2024-07,Commercial,Phone,Claims Status,2042,Benefits Queue,32,241,Resolved,No,90,Yes,0,0
507,2024-07-22 02:00:00,2024-07,Medicaid,IVR,Billing,2014,Enrollment Queue,73,642,Escalated,Yes,30,No,1,0
508,2024-07-22 03:00:00,2024-07,Medicaid,Phone,Claims Status,2036,Claims Queue,100,389,Escalated,No,60,No,1,0
509,2024-07-22 04:00:00,2024-07,Medicare,IVR,Enrollment,2040,Benefits Queue,37,273,Resolved,Yes,30,No,0,0
510,2024-07-22 05:00:00,2024-07,Medicare,Phone,Provider Inquiry,2020,Benefits Queue,121,300,Resolved,Yes,30,No,0,0
511,2024-07-22 06:00:00,2024-07,Medicaid,Phone,Prior Authorization,2022,Benefits Queue,266,405,Resolved,Yes,60,No,0,0
512,2024-07-22 07:00:00,2024-07,Medicaid,Phone,System Access,2035,Enrollment Queue,109,196,Resolved,Yes,90,No,0,0
513,2024-07-22 08:00:00,2024-07,Medicaid,Phone,Provider Inquiry,2039,Enrollment Queue,81,461,Resolved,Yes,60,No,0,0
514,2024-07-22 09:00:00,2024-07,Commercial,Phone,Claims Status,2037,Claims Queue,54,374,Resolved,Yes,30,No,0,0
515,2024-07-22 10:00:00,2024-07,Commercial,Phone,Prior Authorization,2035,Benefits Queue,187,176,Escalated,Yes,60,No,1,0
516,2024-07-22 11:00:00,2024-07,Medicare,Phone,Prior Authorization,2005,Claims Queue,32,403,Abandoned,Yes,30,No,0,1
517,2024-07-22 12:00:00,2024-07,Commercial,Phone,Benefits Coverage,2031,Claims Queue,124,207,Resolved,No,30,No,0,0
518,2024-07-22 13:00:00,2024-07,Commercial,Phone,Provider Inquiry,2037,Claims Queue,56,789,Resolved,Yes,60,Yes,0,0
519,2024-07-22 14:00:00,2024-07,Medicaid,IVR,Enrollment,2029,Benefits Queue,134,125,Resolved,Yes,60,No,0,0
520,2024-07-22 15:00:00,2024-07,Medicaid,IVR,Billing,2015,Claims Queue,145,461,Escalated,Yes,60,No,1,0
521,2024-07-22 16:00:00,2024-07,Medicare,Phone,Prior Authorization,2054,Claims Queue,142,276,Resolved,No,60,No,0,0
522,2024-07-22 17:00:00,2024-07,Medicaid,Portal,Enrollment,2046,Benefits Queue,98,409,Resolved,Yes,90,No,0,0
523,2024-07-22 18:00:00,2024-07,Medicaid,Phone,Claims Status,2029,Enrollment Queue,57,470,Escalated,Yes,90,Yes,1,0
524,2024-07-22 19:00:00,2024-07,Commercial,Phone,Benefits Coverage,2055,Benefits Queue,101,150,Escalated,Yes,30,No,1,0
525,2024-07-22 20:00:00,2024-07,Commercial,Portal,Billing,2025,Enrollment Queue,88,465,Resolved,Yes,60,No,0,0
526,2024-07-22 21:00:00,2024-07,Medicare,Phone,System Access,2024,Benefits Queue,234,532,Resolved,Yes,60,No,0,0
527,2024-07-22 22:00:00,2024-07,Medicare,Phone,Provider Inquiry,2058,Benefits Queue,46,321,Resolved,No,30,No,0,0
528,2024-07-22 23:00:00,2024-07,Medicare,Phone,Benefits Coverage,2003,Claims Queue,148,141,Resolved,No,30,No,0,0
529,2024-07-23 00:00:00,2024-07,Commercial,Phone,Enrollment,2006,Enrollment Queue,161,590,Resolved,Yes,90,No,0,0
530,2024-07-23 01:00:00,2024-07,Medicare,IVR,Enrollment,2006,Enrollment Queue,81,289,Escalated,Yes,60,No,1,0
531,2024-07-23 02:00:00,2024-07,Medicare,Phone,System Access,2045,Benefits Queue,124,186,Resolved,No,90,No,0,0
532,2024-07-23 03:00:00,2024-07,Medicaid,Portal,Enrollment,2033,Enrollment Queue,187,198,Resolved,Yes,30,No,0,0
533,2024-07-23 04:00:00,2024-07,Medicaid,IVR,Prior Authorization,2005,Enrollment Queue,34,348,Resolved,Yes,90,Yes,0,0
534,2024-07-23 05:00:00,2024-07,Medicare,Phone,Prior Authorization,2049,Benefits Queue,151,339,Resolved,Yes,60,No,0,0
535,2024-07-23 06:00:00,2024-07,Medicaid,Phone,Benefits Coverage,2057,Claims Queue,75,342,Resolved,No,60,No,0,0
536,2024-07-23 07:00:00,2024-07,Medicaid,Portal,Enrollment,2019,Claims Queue,83,288,Resolved,Yes,60,No,0,0
537,2024-07-23 08:00:00,2024-07,Medicaid,Phone,Enrollment,2046,Claims Queue,220,49,Resolved,Yes,30,No,0,0
538,2024-07-23 09:00:00,2024-07,Medicare,IVR,Prior Authorization,2026,Claims Queue,201,345,Resolved,No,30,No,0,0
539,2024-07-23 10:00:00,2024-07,Medicaid,IVR,Benefits Coverage,2014,Benefits Queue,83,79,Resolved,Yes,60,No,0,0
540,2024-07-23 11:00:00,2024-07,Commercial,Phone,System Access,2036,Claims Queue,27,311,Abandoned,Yes,90,Yes,0,1
541,2024-07-23 12:00:00,2024-07,Medicare,Phone,System Access,2001,Benefits Queue,49,138,Escalated,Yes,60,Yes,1,0
542,2024-07-23 13:00:00,2024-07,Medicare,Phone,Claims Status,2029,Claims Queue,111,72,Resolved,Yes,30,No,0,0
543,2024-07-23 14:00:00,2024-07,Commercial,Phone,Benefits Coverage,2048,Claims Queue,201,353,Resolved,Yes,60,No,0,0
544,2024-07-23 15:00:00,2024-07,Medicaid,Phone,Claims Status,2002,Benefits Queue,50,174,Resolved,Yes,60,Yes,0,0
545,2024-07-23 16:00:00,2024-07,Medicaid,Phone,Prior Authorization,2022,Benefits Queue,115,381,Resolved,No,90,No,0,0
546,2024-07-23 17:00:00,2024-07,Commercial,Portal,Billing,2009,Enrollment Queue,217,163,Resolved,Yes,30,No,0,0
547,2024-07-23 18:00:00,2024-07,Commercial,Phone,System Access,2026,Enrollment Queue,52,510,Escalated,Yes,30,No,1,0
548,2024-07-23 19:00:00,2024-07,Medicaid,Phone,Provider Inquiry,2010,Claims Queue,44,377,Resolved,No,60,Yes,0,0
549,2024-07-23 20:00:00,2024-07,Medicare,Phone,Billing,2025,Claims Queue,46,149,Resolved,Yes,30,No,0,0
550,2024-07-23 21:00:00,2024-07,Medicaid,IVR,System Access,2037,Enrollment Queue,55,197,Resolved,No,30,No,0,0
551,2024-07-23 22:00:00,2024-07,Medicaid,Phone,Enrollment,2054,Benefits Queue,243,363,Resolved,Yes,60,No,0,0
552,2024-07-23 23:00:00,2024-07,Medicaid,Phone,Enrollment,2004,Enrollment Queue,151,401,Resolved,Yes,30,No,0,0
553,2024-07-24 00:00:00,2024-07,Medicaid,Phone,Provider Inquiry,2005,Benefits Queue,89,166,Resolved,Yes,90,Yes,0,0
554,2024-07-24 01:00:00,2024-07,Medicaid,Phone,Enrollment,2039,Enrollment Queue,46,497,Resolved,Yes,30,No,0,0
555,2024-07-24 02:00:00,2024-07,Commercial,Phone,Benefits Coverage,2054,Benefits Queue,61,310,Resolved,Yes,30,No,0,0
556,2024-07-24 03:00:00,2024-07,Medicaid,IVR,Prior Authorization,2036,Claims Queue,62,337,Resolved,Yes,60,No,0,0
557,2024-07-24 04:00:00,2024-07,Medicaid,Phone,Prior Authorization,2014,Benefits Queue,102,199,Resolved,Yes,60,No,0,0
558,2024-07-24 05:00:00,2024-07,Medicaid,Portal,Billing,2036,Benefits Queue,81,258,Resolved,Yes,60,No,0,0
559,2024-07-24 06:00:00,2024-07,Medicaid,Phone,System Access,2046,Benefits Queue,124,762,Resolved,No,60,No,0,0
560,2024-07-24 07:00:00,2024-07,Medicaid,Phone,Provider Inquiry,2040,Enrollment Queue,124,497,Escalated,No,30,No,1,0
561,2024-07-24 08:00:00,2024-07,Medicaid,Phone,Provider Inquiry,2012,Benefits Queue,29,212,Escalated,No,30,Yes,1,0
562,2024-07-24 09:00:00,2024-07,Medicare,IVR,Benefits Coverage,2046,Benefits Queue,43,336,Resolved,Yes,30,No,0,0
563,2024-07-24 10:00:00,2024-07,Medicaid,Phone,Prior Authorization,2028,Benefits Queue,10,456,Abandoned,Yes,90,Yes,0,1
564,2024-07-24 11:00:00,2024-07,Medicaid,Phone,Enrollment,2029,Enrollment Queue,30,258,Resolved,Yes,60,Yes,0,0
565,2024-07-24 12:00:00,2024-07,Medicaid,Phone,Prior Authorization,2055,Benefits Queue,147,337,Resolved,Yes,30,No,0,0
566,2024-07-24 13:00:00,2024-07,Medicare,Phone,Claims Status,2010,Benefits Queue,41,113,Resolved,Yes,30,No,0,0
567,2024-07-24 14:00:00,2024-07,Medicaid,Phone,Prior Authorization,2045,Claims Queue,74,414,Escalated,No,60,No,1,0
568,2024-07-24 15:00:00,2024-07,Medicaid,Phone,Billing,2022,Enrollment Queue,119,451,Resolved,Yes,30,No,0,0
569,2024-07-24 16:00:00,2024-07,Medicare,Phone,Claims Status,2039,Benefits Queue,57,220,Resolved,Yes,60,Yes,0,0
570,2024-07-24 17:00:00,2024-07,Medicaid,IVR,Provider Inquiry,2042,Claims Queue,95,269,Resolved,Yes,30,No,0,0
571,2024-07-24 18:00:00,2024-07,Medicaid,Phone,Enrollment,2023,Benefits Queue,108,257,Resolved,Yes,30,No,0,0
572,2024-07-24 19:00:00,2024-07,Medicaid,IVR,Prior Authorization,2004,Claims Queue,67,790,Resolved,No,60,No,0,0
573,2024-07-24 20:00:00,2024-07,Medicare,Portal,Provider Inquiry,2051,Claims Queue,175,177,Resolved,Yes,30,No,0,0
574,2024-07-24 21:00:00,2024-07,Medicaid,IVR,Enrollment,2038,Claims Queue,52,112,Escalated,No,90,Yes,1,0
575,2024-07-24 22:00:00,2024-07,Commercial,Phone,Billing,2017,Claims Queue,68,243,Resolved,No,60,No,0,0
576,2024-07-24 23:00:00,2024-07,Medicaid,Portal,Benefits Coverage,2043,Enrollment Queue,68,318,Resolved,No,30,No,0,0
577,2024-07-25 00:00:00,2024-07,Medicaid,Phone,Benefits Coverage,2013,Enrollment Queue,56,321,Resolved,No,90,Yes,0,0
578,2024-07-25 01:00:00,2024-07,Medicare,Phone,System Access,2051,Benefits Queue,66,396,Abandoned,Yes,90,Yes,0,1
579,2024-07-25 02:00:00,2024-07,Medicare,Phone,Prior Authorization,2008,Claims Queue,161,589,Escalated,Yes,60,No,1,0
580,2024-07-25 03:00:00,2024-07,Commercial,Portal,Claims Status,2038,Claims Queue,210,183,Escalated,Yes,60,No,1,0
581,2024-07-25 04:00:00,2024-07,Medicaid,Phone,Billing,2041,Benefits Queue,26,313,Resolved,Yes,60,Yes,0,0
582,2024-07-25 05:00:00,2024-07,Medicare,IVR,Enrollment,2057,Claims Queue,119,499,Escalated,Yes,30,No,1,0
583,2024-07-25 06:00:00,2024-07,Commercial,Phone,Enrollment,2056,Enrollment Queue,45,398,Resolved,Yes,60,Yes,0,0
584,2024-07-25 07:00:00,2024-07,Medicaid,Phone,Enrollment,2014,Claims Queue,139,674,Escalated,Yes,90,No,1,0
585,2024-07-25 08:00:00,2024-07,Medicare,Phone,Prior Authorization,2036,Benefits Queue,37,824,Resolved,No,30,No,0,0
586,2024-07-25 09:00:00,2024-07,Medicare,IVR,Prior Authorization,2052,Enrollment Queue,101,183,Resolved,No,60,No,0,0
587,2024-07-25 10:00:00,2024-07,Medicaid,IVR,Benefits Coverage,2015,Enrollment Queue,226,273,Escalated,Yes,30,No,1,0
588,2024-07-25 11:00:00,2024-07,Commercial,Phone,Billing,2048,Claims Queue,104,299,Resolved,Yes,60,No,0,0
589,2024-07-25 12:00:00,2024-07,Medicare,Phone,Provider Inquiry,2026,Claims Queue,122,507,Resolved,Yes,30,No,0,0
590,2024-07-25 13:00:00,2024-07,Commercial,IVR,Prior Authorization,2046,Claims Queue,219,147,Resolved,Yes,30,No,0,0
591,2024-07-25 14:00:00,2024-07,Medicaid,Portal,Claims Status,2050,Enrollment Queue,190,107,Resolved,No,30,No,0,0
592,2024-07-25 15:00:00,2024-07,Medicare,Phone,Enrollment,2047,Enrollment Queue,77,253,Resolved,Yes,30,No,0,0
593,2024-07-25 16:00:00,2024-07,Medicaid,Phone,Claims Status,2016,Benefits Queue,71,422,Resolved,Yes,90,Yes,0,0
594,2024-07-25 17:00:00,2024-07,Medicaid,Phone,Provider Inquiry,2003,Enrollment Queue,201,360,Abandoned,Yes,60,No,0,1
595,2024-07-25 18:00:00,2024-07,Medicare,Phone,Enrollment,2028,Claims Queue,134,529,Abandoned,Yes,30,No,0,1
596,2024-07-25 19:00:00,2024-07,Commercial,Phone,Billing,2020,Claims Queue,36,150,Abandoned,Yes,30,No,0,1
597,2024-07-25 20:00:00,2024-07,Medicaid,Phone,Claims Status,2059,Benefits Queue,150,173,Abandoned,No,60,No,0,1
598,2024-07-25 21:00:00,2024-07,Medicaid,Phone,Billing,2006,Enrollment Queue,54,114,Resolved,Yes,90,Yes,0,0
599,2024-07-25 22:00:00,2024-07,Medicaid,Phone,Enrollment,2020,Enrollment Queue,246,380,Resolved,Yes,90,No,0,0
600,2024-07-25 23:00:00,2024-07,Medicaid,Phone,Benefits Coverage,2049,Benefits Queue,26,183,Resolved,No,30,Yes,0,0
601,2024-07-26 00:00:00,2024-07,Medicare,Phone,Prior Authorization,2051,Claims Queue,179,142,Resolved,Yes,30,No,0,0
602,2024-07-26 01:00:00,2024-07,Medicaid,Phone,Claims Status,2009,Enrollment Queue,45,431,Resolved,Yes,60,Yes,0,0
603,2024-07-26 02:00:00,2024-07,Medicare,IVR,System Access,2036,Enrollment Queue,89,153,Resolved,Yes,60,No,0,0
604,2024-07-26 03:00:00,2024-07,Medicare,Phone,Provider Inquiry,2017,Benefits Queue,142,528,Resolved,Yes,30,No,0,0
605,2024-07-26 04:00:00,2024-07,Commercial,Phone,System Access,2043,Enrollment Queue,37,262,Resolved,Yes,30,No,0,0
606,2024-07-26 05:00:00,2024-07,Medicaid,IVR,Benefits Coverage,2030,Claims Queue,28,194,Resolved,No,30,Yes,0,0
607,2024-07-26 06:00:00,2024-07,Medicaid,Phone,Claims Status,2002,Benefits Queue,13,229,Resolved,Yes,30,Yes,0,0
608,2024-07-26 07:00:00,2024-07,Medicare,Portal,Billing,2054,Enrollment Queue,110,245,Resolved,Yes,60,No,0,0
609,2024-07-26 08:00:00,2024-07,Medicaid,Phone,Benefits Coverage,2057,Claims Queue,152,429,Resolved,No,60,No,0,0
610,2024-07-26 09:00:00,2024-07,Medicaid,Phone,Provider Inquiry,2057,Claims Queue,107,188,Escalated,Yes,30,No,1,0
611,2024-07-26 10:00:00,2024-07,Medicare,Phone,Billing,2008,Benefits Queue,169,110,Resolved,Yes,60,No,0,0
612,2024-07-26 11:00:00,2024-07,Medicare,IVR,Benefits Coverage,2042,Benefits Queue,93,339,Abandoned,Yes,60,No,0,1
613,2024-07-26 12:00:00,2024-07,Medicaid,Phone,Prior Authorization,2015,Enrollment Queue,128,139,Resolved,No,30,No,0,0
614,2024-07-26 13:00:00,2024-07,Medicare,Phone,Benefits Coverage,2001,Benefits Queue,5,166,Escalated,Yes,90,Yes,1,0
615,2024-07-26 14:00:00,2024-07,Medicare,IVR,Provider Inquiry,2007,Enrollment Queue,88,574,Resolved,No,60,No,0,0
616,2024-07-26 15:00:00,2024-07,Commercial,Phone,Prior Authorization,2013,Enrollment Queue,92,304,Resolved,No,60,No,0,0
617,2024-07-26 16:00:00,2024-07,Medicaid,Phone,Benefits Coverage,2054,Enrollment Queue,75,157,Abandoned,Yes,30,No,0,1
618,2024-07-26 17:00:00,2024-07,Commercial,Portal,System Access,2053,Benefits Queue,232,120,Resolved,Yes,90,No,0,0
619,2024-07-26 18:00:00,2024-07,Medicaid,IVR,Benefits Coverage,2059,Benefits Queue,227,333,Resolved,No,60,No,0,0
620,2024-07-26 19:00:00,2024-07,Medicare,Phone,System Access,2005,Benefits Queue,151,169,Escalated,Yes,30,No,1,0
621,2024-07-26 20:00:00,2024-07,Medicare,Phone,Benefits Coverage,2028,Enrollment Queue,265,424,Abandoned,No,30,No,0,1
622,2024-07-26 21:00:00,2024-07,Commercial,Phone,Provider Inquiry,2010,Enrollment Queue,32,359,Abandoned,Yes,30,No,0,1
623,2024-07-26 22:00:00,2024-07,Medicare,Phone,Claims Status,2051,Enrollment Queue,120,731,Resolved,Yes,30,No,0,0
624,2024-07-26 23:00:00,2024-07,Medicaid,IVR,Billing,2017,Enrollment Queue,94,201,Abandoned,Yes,60,No,0,1
625,2024-07-27 00:00:00,2024-07,Medicare,Phone,System Access,2042,Claims Queue,91,253,Abandoned,Yes,90,No,0,1
626,2024-07-27 01:00:00,2024-07,Medicaid,Phone,Enrollment,2044,Benefits Queue,114,279,Resolved,No,60,No,0,0
627,2024-07-27 02:00:00,2024-07,Commercial,IVR,Claims Status,2047,Enrollment Queue,115,607,Resolved,Yes,60,No,0,0
628,2024-07-27 03:00:00,2024-07,Medicaid,Portal,Provider Inquiry,2038,Claims Queue,62,255,Resolved,Yes,60,No,0,0
629,2024-07-27 04:00:00,2024-07,Medicaid,Phone,Claims Status,2049,Benefits Queue,125,352,Resolved,Yes,60,No,0,0
630,2024-07-27 05:00:00,2024-07,Medicare,Phone,Billing,2051,Enrollment Queue,68,375,Resolved,Yes,30,No,0,0
631,2024-07-27 06:00:00,2024-07,Medicaid,Phone,Benefits Coverage,2031,Benefits Queue,194,259,Resolved,Yes,30,No,0,0
632,2024-07-27 07:00:00,2024-07,Medicare,Phone,Prior Authorization,2002,Enrollment Queue,81,371,Escalated,Yes,30,No,1,0
633,2024-07-27 08:00:00,2024-07,Medicare,IVR,Billing,2054,Benefits Queue,58,650,Resolved,Yes,30,No,0,0
634,2024-07-27 09:00:00,2024-07,Medicare,Phone,System Access,2053,Benefits Queue,74,208,Resolved,Yes,90,Yes,0,0
635,2024-07-27 10:00:00,2024-07,Commercial,Portal,Claims Status,2009,Claims Queue,20,597,Resolved,No,60,Yes,0,0
636,2024-07-27 11:00:00,2024-07,Medicaid,IVR,Claims Status,2026,Benefits Queue,46,229,Resolved,Yes,90,Yes,0,0
637,2024-07-27 12:00:00,2024-07,Medicaid,Phone,Enrollment,2017,Claims Queue,73,272,Resolved,No,90,Yes,0,0
638,2024-07-27 13:00:00,2024-07,Medicaid,Phone,Provider Inquiry,2052,Enrollment Queue,59,363,Resolved,Yes,60,Yes,0,0
639,2024-07-27 14:00:00,2024-07,Medicaid,Phone,Enrollment,2030,Claims Queue,39,282,Escalated,Yes,60,Yes,1,0
640,2024-07-27 15:00:00,2024-07,Medicaid,IVR,Benefits Coverage,2035,Claims Queue,125,588,Resolved,No,30,No,0,0
641,2024-07-27 16:00:00,2024-07,Medicare,Phone,Provider Inquiry,2013,Enrollment Queue,38,143,Resolved,Yes,30,No,0,0
642,2024-07-27 17:00:00,2024-07,Medicaid,Phone,System Access,2051,Enrollment Queue,44,930,Resolved,No,30,No,0,0
643,2024-07-27 18:00:00,2024-07,Medicaid,Phone,Provider Inquiry,2010,Enrollment Queue,64,578,Abandoned,Yes,30,No,0,1
644,2024-07-27 19:00:00,2024-07,Commercial,Portal,System Access,2047,Benefits Queue,87,471,Escalated,Yes,60,No,1,0
645,2024-07-27 20:00:00,2024-07,Commercial,Phone,Provider Inquiry,2037,Enrollment Queue,60,524,Resolved,Yes,90,Yes,0,0
646,2024-07-27 21:00:00,2024-07,Medicaid,Phone,System Access,2035,Claims Queue,66,157,Resolved,Yes,60,No,0,0
647,2024-07-27 22:00:00,2024-07,Medicaid,Phone,Prior Authorization,2052,Benefits Queue,84,278,Resolved,No,60,No,0,0
648,2024-07-27 23:00:00,2024-07,Commercial,IVR,Claims Status,2031,Claims Queue,80,175,Resolved,Yes,30,No,0,0
649,2024-07-28 00:00:00,2024-07,Medicare,Phone,Benefits Coverage,2020,Enrollment Queue,77,481,Resolved,Yes,30,No,0,0
650,2024-07-28 01:00:00,2024-07,Medicaid,Phone,Enrollment,2015,Benefits Queue,121,157,Resolved,Yes,30,No,0,0
651,2024-07-28 02:00:00,2024-07,Medicaid,IVR,System Access,2009,Claims Queue,63,99,Resolved,Yes,60,No,0,0
652,2024-07-28 03:00:00,2024-07,Commercial,Portal,Benefits Coverage,2053,Benefits Queue,36,609,Resolved,Yes,30,No,0,0
653,2024-07-28 04:00:00,2024-07,Medicaid,Phone,Claims Status,2005,Benefits Queue,169,332,Abandoned,Yes,30,No,0,1
654,2024-07-28 05:00:00,2024-07,Commercial,IVR,Enrollment,2016,Benefits Queue,132,183,Resolved,No,90,No,0,0
655,2024-07-28 06:00:00,2024-07,Medicare,Phone,Benefits Coverage,2005,Benefits Queue,202,351,Resolved,Yes,30,No,0,0
656,2024-07-28 07:00:00,2024-07,Medicaid,Phone,Benefits Coverage,2029,Enrollment Queue,68,337,Abandoned,Yes,60,No,0,1
657,2024-07-28 08:00:00,2024-07,Commercial,Phone,Claims Status,2021,Enrollment Queue,150,538,Resolved,Yes,90,No,0,0
658,2024-07-28 09:00:00,2024-07,Medicaid,IVR,System Access,2020,Claims Queue,14,283,Escalated,No,60,Yes,1,0
659,2024-07-28 10:00:00,2024-07,Medicaid,Phone,Prior Authorization,2019,Enrollment Queue,152,248,Resolved,Yes,90,No,0,0
660,2024-07-28 11:00:00,2024-07,Medicare,IVR,Benefits Coverage,2017,Claims Queue,134,105,Resolved,Yes,30,No,0,0
661,2024-07-28 12:00:00,2024-07,Medicaid,Phone,Claims Status,2011,Claims Queue,53,976,Abandoned,Yes,60,Yes,0,1
662,2024-07-28 13:00:00,2024-07,Commercial,Phone,Billing,2004,Enrollment Queue,39,471,Resolved,Yes,30,No,0,0
663,2024-07-28 14:00:00,2024-07,Medicare,Phone,Prior Authorization,2026,Benefits Queue,113,340,Resolved,Yes,60,No,0,0
664,2024-07-28 15:00:00,2024-07,Medicaid,Phone,Claims Status,2046,Benefits Queue,83,794,Resolved,Yes,90,Yes,0,0
665,2024-07-28 16:00:00,2024-07,Medicaid,Phone,Enrollment,2052,Claims Queue,27,159,Resolved,Yes,30,Yes,0,0
666,2024-07-28 17:00:00,2024-07,Medicaid,Phone,Claims Status,2027,Benefits Queue,265,247,Resolved,No,90,No,0,0
667,2024-07-28 18:00:00,2024-07,Medicare,IVR,Provider Inquiry,2040,Benefits Queue,125,138,Escalated,Yes,60,No,1,0
668,2024-07-28 19:00:00,2024-07,Medicaid,Phone,System Access,2010,Claims Queue,211,157,Resolved,No,60,No,0,0
669,2024-07-28 20:00:00,2024-07,Medicare,IVR,Prior Authorization,2055,Claims Queue,138,202,Resolved,Yes,90,No,0,0
670,2024-07-28 21:00:00,2024-07,Commercial,Phone,System Access,2020,Claims Queue,52,167,Resolved,Yes,60,Yes,0,0
671,2024-07-28 22:00:00,2024-07,Commercial,IVR,Prior Authorization,2056,Enrollment Queue,64,75,Resolved,Yes,60,No,0,0
672,2024-07-28 23:00:00,2024-07,Medicaid,Phone,Claims Status,2052,Claims Queue,255,410,Abandoned,Yes,30,No,0,1
673,2024-07-29 00:00:00,2024-07,Medicaid,Phone,Prior Authorization,2025,Claims Queue,63,429,Resolved,Yes,60,No,0,0
674,2024-07-29 01:00:00,2024-07,Medicaid,IVR,Provider Inquiry,2001,Claims Queue,50,707,Resolved,Yes,60,Yes,0,0
675,2024-07-29 02:00:00,2024-07,Medicaid,Phone,Billing,2042,Claims Queue,243,553,Abandoned,Yes,60,No,0,1
676,2024-07-29 03:00:00,2024-07,Medicaid,Phone,Prior Authorization,2012,Enrollment Queue,24,281,Escalated,Yes,60,Yes,1,0
677,2024-07-29 04:00:00,2024-07,Medicare,Phone,Provider Inquiry,2019,Benefits Queue,90,264,Resolved,Yes,60,No,0,0
678,2024-07-29 05:00:00,2024-07,Medicare,Portal,Benefits Coverage,2020,Benefits Queue,54,332,Abandoned,Yes,60,Yes,0,1
679,2024-07-29 06:00:00,2024-07,Medicaid,Phone,Prior Authorization,2028,Benefits Queue,106,263,Abandoned,Yes,60,No,0,1
680,2024-07-29 07:00:00,2024-07,Medicaid,Phone,Enrollment,2023,Benefits Queue,46,521,Abandoned,Yes,30,No,0,1
681,2024-07-29 08:00:00,2024-07,Medicaid,Phone,Billing,2012,Benefits Queue,222,551,Escalated,Yes,90,No,1,0
682,2024-07-29 09:00:00,2024-07,Medicaid,Phone,System Access,2011,Enrollment Queue,83,287,Escalated,Yes,30,No,1,0
683,2024-07-29 10:00:00,2024-07,Medicare,Phone,System Access,2019,Claims Queue,95,91,Resolved,Yes,30,No,0,0
684,2024-07-29 11:00:00,2024-07,Medicaid,IVR,Provider Inquiry,2019,Benefits Queue,25,247,Resolved,Yes,60,Yes,0,0
685,2024-07-29 12:00:00,2024-07,Commercial,Phone,Provider Inquiry,2034,Claims Queue,114,295,Resolved,No,60,No,0,0
686,2024-07-29 13:00:00,2024-07,Commercial,IVR,Billing,2033,Claims Queue,38,789,Resolved,Yes,60,Yes,0,0
687,2024-07-29 14:00:00,2024-07,Medicaid,Phone,Prior Authorization,2002,Claims Queue,124,564,Resolved,Yes,60,No,0,0
688,2024-07-29 15:00:00,2024-07,Medicaid,Phone,System Access,2055,Benefits Queue,110,812,Escalated,Yes,60,No,1,0
689,2024-07-29 16:00:00,2024-07,Medicare,Phone,System Access,2003,Benefits Queue,26,180,Resolved,Yes,90,Yes,0,0
690,2024-07-29 17:00:00,2024-07,Medicare,Phone,Claims Status,2039,Enrollment Queue,206,326,Resolved,Yes,30,No,0,0
691,2024-07-29 18:00:00,2024-07,Medicaid,Phone,Billing,2052,Claims Queue,84,60,Resolved,Yes,30,No,0,0
692,2024-07-29 19:00:00,2024-07,Medicare,Phone,Benefits Coverage,2010,Benefits Queue,42,223,Resolved,Yes,60,Yes,0,0
693,2024-07-29 20:00:00,2024-07,Medicaid,Phone,Provider Inquiry,2047,Claims Queue,90,188,Resolved,No,90,Yes,0,0
694,2024-07-29 21:00:00,2024-07,Medicare,Portal,Provider Inquiry,2001,Enrollment Queue,90,124,Escalated,Yes,60,No,1,0
695,2024-07-29 22:00:00,2024-07,Medicare,Phone,Benefits Coverage,2036,Enrollment Queue,130,393,Resolved,Yes,30,No,0,0
696,2024-07-29 23:00:00,2024-07,Commercial,Phone,Provider Inquiry,2055,Benefits Queue,43,994,Resolved,Yes,60,Yes,0,0
697,2024-07-30 00:00:00,2024-07,Medicare,Phone,System Access,2033,Claims Queue,80,349,Abandoned,No,60,No,0,1
698,2024-07-30 01:00:00,2024-07,Commercial,IVR,Enrollment,2053,Benefits Queue,212,721,Resolved,Yes,30,No,0,0
699,2024-07-30 02:00:00,2024-07,Medicaid,Phone,Enrollment,2041,Enrollment Queue,106,854,Resolved,Yes,30,No,0,0
700,2024-07-30 03:00:00,2024-07,Medicaid,Phone,Prior Authorization,2036,Claims Queue,64,196,Resolved,Yes,60,No,0,0
701,2024-07-30 04:00:00,2024-07,Medicaid,IVR,Claims Status,2009,Benefits Queue,96,539,Resolved,Yes,30,No,0,0
702,2024-07-30 05:00:00,2024-07,Commercial,IVR,Claims Status,2021,Enrollment Queue,48,241,Escalated,Yes,30,No,1,0
703,2024-07-30 06:00:00,2024-07,Medicaid,Portal,Enrollment,2009,Claims Queue,32,415,Resolved,Yes,60,Yes,0,0
704,2024-07-30 07:00:00,2024-07,Medicare,Phone,Claims Status,2043,Claims Queue,98,324,Escalated,Yes,60,No,1,0
705,2024-07-30 08:00:00,2024-07,Medicare,Phone,Claims Status,2058,Claims Queue,114,370,Resolved,Yes,30,No,0,0
706,2024-07-30 09:00:00,2024-07,Commercial,Phone,Prior Authorization,2026,Claims Queue,117,263,Resolved,Yes,30,No,0,0
707,2024-07-30 10:00:00,2024-07,Medicaid,Phone,Claims Status,2056,Claims Queue,34,310,Resolved,Yes,60,Yes,0,0
708,2024-07-30 11:00:00,2024-07,Medicaid,IVR,Provider Inquiry,2018,Enrollment Queue,184,380,Resolved,Yes,60,No,0,0
709,2024-07-30 12:00:00,2024-07,Medicaid,Phone,Prior Authorization,2038,Enrollment Queue,147,858,Resolved,Yes,90,No,0,0
710,2024-07-30 13:00:00,2024-07,Medicaid,IVR,Enrollment,2022,Enrollment Queue,164,403,Escalated,Yes,30,No,1,0
711,2024-07-30 14:00:00,2024-07,Medicaid,Phone,Billing,2056,Benefits Queue,186,213,Abandoned,No,30,No,0,1
712,2024-07-30 15:00:00,2024-07,Medicare,Phone,Prior Authorization,2008,Claims Queue,211,333,Resolved,Yes,30,No,0,0
713,2024-07-30 16:00:00,2024-07,Medicaid,Phone,Enrollment,2023,Benefits Queue,44,369,Resolved,No,60,Yes,0,0
714,2024-07-30 17:00:00,2024-07,Commercial,Phone,Enrollment,2038,Enrollment Queue,321,370,Resolved,Yes,90,No,0,0
715,2024-07-30 18:00:00,2024-07,Medicare,Phone,Claims Status,2028,Enrollment Queue,65,830,Resolved,Yes,60,No,0,0
716,2024-07-30 19:00:00,2024-07,Medicaid,Phone,System Access,2033,Enrollment Queue,46,466,Escalated,Yes,30,No,1,0
717,2024-07-30 20:00:00,2024-07,Commercial,Phone,Provider Inquiry,2006,Enrollment Queue,79,489,Escalated,Yes,90,Yes,1,0
718,2024-07-30 21:00:00,2024-07,Medicaid,Portal,Provider Inquiry,2024,Enrollment Queue,107,502,Resolved,No,30,No,0,0
719,2024-07-30 22:00:00,2024-07,Medicaid,IVR,Prior Authorization,2045,Claims Queue,59,116,Resolved,Yes,30,No,0,0
720,2024-07-30 23:00:00,2024-07,Commercial,Phone,Prior Authorization,2032,Enrollment Queue,145,486,Resolved,Yes,90,No,0,0
721,2024-07-31 00:00:00,2024-07,Medicaid,Phone,Provider Inquiry,2037,Enrollment Queue,162,286,Escalated,Yes,30,No,1,0
722,2024-07-31 01:00:00,2024-07,Medicare,IVR,Provider Inquiry,2031,Enrollment Queue,11,453,Resolved,Yes,60,Yes,0,0
723,2024-07-31 02:00:00,2024-07,Medicaid,Phone,Prior Authorization,2004,Claims Queue,85,166,Escalated,Yes,60,No,1,0
724,2024-07-31 03:00:00,2024-07,Medicare,Phone,Prior Authorization,2014,Claims Queue,169,481,Resolved,No,60,No,0,0
725,2024-07-31 04:00:00,2024-07,Medicare,Portal,Billing,2018,Benefits Queue,95,278,Resolved,Yes,90,No,0,0
726,2024-07-31 05:00:00,2024-07,Medicaid,Phone,Claims Status,2009,Claims Queue,182,257,Escalated,No,60,No,1,0
727,2024-07-31 06:00:00,2024-07,Medicaid,IVR,Prior Authorization,2055,Benefits Queue,145,317,Resolved,Yes,90,No,0,0
728,2024-07-31 07:00:00,2024-07,Medicare,IVR,Prior Authorization,2024,Enrollment Queue,135,1236,Abandoned,Yes,30,No,0,1
729,2024-07-31 08:00:00,2024-07,Medicare,Phone,System Access,2058,Benefits Queue,112,366,Resolved,Yes,30,No,0,0
730,2024-07-31 09:00:00,2024-07,Medicaid,Phone,System Access,2004,Enrollment Queue,16,92,Abandoned,Yes,90,Yes,0,1
731,2024-07-31 10:00:00,2024-07,Medicaid,Phone,Prior Authorization,2054,Benefits Queue,89,489,Resolved,Yes,90,Yes,0,0
732,2024-07-31 11:00:00,2024-07,Commercial,Phone,Claims Status,2045,Benefits Queue,68,709,Resolved,Yes,30,No,0,0
733,2024-07-31 12:00:00,2024-07,Medicaid,Phone,Enrollment,2050,Claims Queue,92,281,Resolved,Yes,30,No,0,0
734,2024-07-31 13:00:00,2024-07,Medicare,IVR,Enrollment,2052,Claims Queue,71,108,Resolved,No,30,No,0,0
735,2024-07-31 14:00:00,2024-07,Medicaid,Phone,Enrollment,2003,Claims Queue,52,167,Resolved,No,60,Yes,0,0
736,2024-07-31 15:00:00,2024-07,Medicare,IVR,Prior Authorization,2032,Claims Queue,33,423,Escalated,Yes,30,No,1,0
737,2024-07-31 16:00:00,2024-07,Medicare,Phone,Provider Inquiry,2048,Enrollment Queue,115,272,Escalated,Yes,30,No,1,0
738,2024-07-31 17:00:00,2024-07,Medicare,Phone,Billing,2021,Claims Queue,244,254,Resolved,Yes,30,No,0,0
739,2024-07-31 18:00:00,2024-07,Medicare,Phone,Enrollment,2009,Claims Queue,39,437,Resolved,Yes,60,Yes,0,0
740,2024-07-31 19:00:00,2024-07,Medicare,Portal,System Access,2055,Claims Queue,70,395,Resolved,Yes,90,Yes,0,0
741,2024-07-31 20:00:00,2024-07,Medicare,Phone,Enrollment,2018,Benefits Queue,172,277,Resolved,Yes,60,No,0,0
742,2024-07-31 21:00:00,2024-07,Commercial,Phone,Enrollment,2037,Benefits Queue,197,334,Resolved,No,60,No,0,0
743,2024-07-31 22:00:00,2024-07,Commercial,Phone,Billing,2017,Enrollment Queue,57,126,Resolved,No,30,No,0,0
744,2024-07-31 23:00:00,2024-07,Medicaid,IVR,Claims Status,2004,Benefits Queue,100,459,Resolved,Yes,30,No,0,0
745,2024-08-01 00:00:00,2024-08,Commercial,Portal,Enrollment,2041,Claims Queue,114,378,Escalated,Yes,90,No,1,0
746,2024-08-01 01:00:00,2024-08,Medicare,IVR,Provider Inquiry,2005,Claims Queue,144,155,Escalated,Yes,30,No,1,0
747,2024-08-01 02:00:00,2024-08,Medicaid,Phone,Prior Authorization,2010,Enrollment Queue,124,526,Escalated,Yes,30,No,1,0
748,2024-08-01 03:00:00,2024-08,Medicaid,Phone,Enrollment,2017,Claims Queue,133,256,Escalated,Yes,90,No,1,0
749,2024-08-01 04:00:00,2024-08,Medicare,Phone,Billing,2036,Benefits Queue,200,256,Resolved,Yes,60,No,0,0
750,2024-08-01 05:00:00,2024-08,Medicare,Phone,Claims Status,2014,Benefits Queue,157,197,Escalated,Yes,60,No,1,0
751,2024-08-01 06:00:00,2024-08,Medicaid,Phone,Provider Inquiry,2035,Benefits Queue,96,187,Resolved,Yes,30,No,0,0
752,2024-08-01 07:00:00,2024-08,Medicare,Phone,Enrollment,2048,Enrollment Queue,57,647,Resolved,Yes,90,Yes,0,0
753,2024-08-01 08:00:00,2024-08,Medicaid,Portal,Enrollment,2049,Enrollment Queue,125,26,Resolved,Yes,90,No,0,0
754,2024-08-01 09:00:00,2024-08,Medicaid,IVR,Provider Inquiry,2031,Claims Queue,204,91,Resolved,No,90,No,0,0
755,2024-08-01 10:00:00,2024-08,Medicare,Phone,Prior Authorization,2001,Benefits Queue,79,183,Resolved,No,60,No,0,0
756,2024-08-01 11:00:00,2024-08,Medicare,Phone,Benefits Coverage,2028,Benefits Queue,72,264,Resolved,Yes,90,Yes,0,0
757,2024-08-01 12:00:00,2024-08,Medicaid,Phone,Claims Status,2032,Claims Queue,119,433,Resolved,Yes,60,No,0,0
758,2024-08-01 13:00:00,2024-08,Medicaid,Phone,Billing,2010,Enrollment Queue,92,303,Abandoned,Yes,90,No,0,1
759,2024-08-01 14:00:00,2024-08,Medicare,Phone,Prior Authorization,2055,Enrollment Queue,125,189,Escalated,No,60,No,1,0
760,2024-08-01 15:00:00,2024-08,Commercial,Phone,System Access,2043,Enrollment Queue,111,237,Abandoned,No,60,No,0,1
761,2024-08-01 16:00:00,2024-08,Medicare,Phone,Enrollment,2002,Claims Queue,93,253,Resolved,Yes,30,No,0,0
762,2024-08-01 17:00:00,2024-08,Medicaid,Phone,Enrollment,2027,Benefits Queue,77,418,Escalated,No,60,No,1,0
763,2024-08-01 18:00:00,2024-08,Medicare,IVR,Benefits Coverage,2028,Enrollment Queue,70,811,Resolved,No,90,Yes,0,0
764,2024-08-01 19:00:00,2024-08,Medicare,Phone,Benefits Coverage,2001,Benefits Queue,92,912,Resolved,Yes,60,No,0,0
765,2024-08-01 20:00:00,2024-08,Commercial,Phone,System Access,2054,Benefits Queue,47,417,Resolved,Yes,30,No,0,0
766,2024-08-01 21:00:00,2024-08,Medicare,IVR,Claims Status,2027,Claims Queue,113,599,Escalated,Yes,30,No,1,0
767,2024-08-01 22:00:00,2024-08,Commercial,Phone,Enrollment,2052,Benefits Queue,51,210,Abandoned,Yes,30,No,0,1
768,2024-08-01 23:00:00,2024-08,Medicaid,Phone,Provider Inquiry,2052,Benefits Queue,20,212,Resolved,Yes,30,Yes,0,0
769,2024-08-02 00:00:00,2024-08,Medicaid,Phone,Claims Status,2011,Claims Queue,18,470,Resolved,No,90,Yes,0,0
770,2024-08-02 01:00:00,2024-08,Medicaid,Phone,Prior Authorization,2043,Enrollment Queue,111,328,Resolved,Yes,90,No,0,0
771,2024-08-02 02:00:00,2024-08,Medicare,Phone,System Access,2044,Claims Queue,89,284,Resolved,Yes,30,No,0,0
772,2024-08-02 03:00:00,2024-08,Commercial,Portal,Billing,2043,Claims Queue,29,328,Resolved,Yes,90,Yes,0,0
773,2024-08-02 04:00:00,2024-08,Medicare,IVR,Claims Status,2051,Enrollment Queue,46,123,Resolved,Yes,30,No,0,0
774,2024-08-02 05:00:00,2024-08,Medicare,Phone,Enrollment,2017,Claims Queue,129,188,Resolved,Yes,30,No,0,0
775,2024-08-02 06:00:00,2024-08,Medicaid,Phone,Claims Status,2022,Enrollment Queue,50,318,Resolved,Yes,90,Yes,0,0
776,2024-08-02 07:00:00,2024-08,Medicare,IVR,Benefits Coverage,2035,Enrollment Queue,104,290,Resolved,Yes,90,No,0,0
777,2024-08-02 08:00:00,2024-08,Medicaid,Phone,Billing,2032,Enrollment Queue,87,689,Resolved,Yes,90,Yes,0,0
778,2024-08-02 09:00:00,2024-08,Medicaid,Phone,System Access,2007,Enrollment Queue,48,212,Resolved,No,90,Yes,0,0
779,2024-08-02 10:00:00,2024-08,Medicaid,IVR,Enrollment,2007,Benefits Queue,51,494,Resolved,Yes,60,Yes,0,0
780,2024-08-02 11:00:00,2024-08,Medicare,Phone,Claims Status,2024,Benefits Queue,69,646,Resolved,Yes,30,No,0,0
781,2024-08-02 12:00:00,2024-08,Medicare,IVR,Billing,2007,Benefits Queue,568,165,Escalated,Yes,30,No,1,0
782,2024-08-02 13:00:00,2024-08,Medicare,Phone,Claims Status,2046,Claims Queue,258,173,Resolved,Yes,60,No,0,0
783,2024-08-02 14:00:00,2024-08,Medicare,Portal,Enrollment,2042,Claims Queue,142,704,Escalated,Yes,60,No,1,0
784,2024-08-02 15:00:00,2024-08,Medicare,Phone,Provider Inquiry,2010,Claims Queue,21,401,Abandoned,Yes,30,Yes,0,1
785,2024-08-02 16:00:00,2024-08,Commercial,Phone,System Access,2001,Benefits Queue,145,160,Resolved,Yes,30,No,0,0
786,2024-08-02 17:00:00,2024-08,Medicare,IVR,System Access,2055,Claims Queue,183,434,Escalated,Yes,30,No,1,0
787,2024-08-02 18:00:00,2024-08,Commercial,Portal,System Access,2042,Enrollment Queue,87,761,Abandoned,Yes,90,Yes,0,1
788,2024-08-02 19:00:00,2024-08,Medicaid,Phone,System Access,2002,Benefits Queue,70,358,Resolved,Yes,90,Yes,0,0
789,2024-08-02 20:00:00,2024-08,Medicare,Phone,Enrollment,2014,Benefits Queue,33,144,Escalated,Yes,60,Yes,1,0
790,2024-08-02 21:00:00,2024-08,Medicaid,IVR,Claims Status,2036,Benefits Queue,52,191,Resolved,Yes,60,Yes,0,0
791,2024-08-02 22:00:00,2024-08,Medicaid,Phone,Provider Inquiry,2024,Claims Queue,48,362,Resolved,Yes,30,No,0,0
792,2024-08-02 23:00:00,2024-08,Commercial,Phone,Claims Status,2047,Benefits Queue,156,272,Resolved,No,30,No,0,0
793,2024-08-03 00:00:00,2024-08,Medicaid,IVR,Claims Status,2018,Enrollment Queue,77,372,Escalated,No,30,No,1,0
794,2024-08-03 01:00:00,2024-08,Medicaid,IVR,Prior Authorization,2056,Claims Queue,15,362,Escalated,Yes,30,Yes,1,0
795,2024-08-03 02:00:00,2024-08,Medicare,Phone,Claims Status,2007,Benefits Queue,72,174,Escalated,No,30,No,1,0
796,2024-08-03 03:00:00,2024-08,Commercial,Portal,System Access,2026,Benefits Queue,52,515,Resolved,No,90,Yes,0,0
797,2024-08-03 04:00:00,2024-08,Medicare,Portal,Provider Inquiry,2026,Claims Queue,105,287,Abandoned,Yes,60,No,0,1
798,2024-08-03 05:00:00,2024-08,Commercial,Phone,System Access,2019,Claims Queue,134,154,Resolved,Yes,30,No,0,0
799,2024-08-03 06:00:00,2024-08,Commercial,IVR,Prior Authorization,2009,Benefits Queue,39,370,Resolved,Yes,30,No,0,0
800,2024-08-03 07:00:00,2024-08,Medicare,Phone,Provider Inquiry,2028,Benefits Queue,82,147,Resolved,Yes,60,No,0,0
801,2024-08-03 08:00:00,2024-08,Medicaid,Phone,Billing,2026,Enrollment Queue,229,171,Resolved,Yes,60,No,0,0
802,2024-08-03 09:00:00,2024-08,Medicaid,Phone,Provider Inquiry,2033,Claims Queue,70,248,Resolved,Yes,30,No,0,0
803,2024-08-03 10:00:00,2024-08,Medicaid,Phone,Prior Authorization,2048,Claims Queue,89,235,Resolved,Yes,30,No,0,0
804,2024-08-03 11:00:00,2024-08,Medicare,IVR,Benefits Coverage,2035,Enrollment Queue,31,124,Resolved,Yes,90,Yes,0,0
805,2024-08-03 12:00:00,2024-08,Commercial,IVR,System Access,2057,Benefits Queue,301,182,Resolved,Yes,30,No,0,0
806,2024-08-03 13:00:00,2024-08,Medicaid,Phone,Provider Inquiry,2018,Enrollment Queue,56,364,Resolved,Yes,60,Yes,0,0
807,2024-08-03 14:00:00,2024-08,Commercial,Phone,Claims Status,2042,Enrollment Queue,148,744,Resolved,No,90,No,0,0
808,2024-08-03 15:00:00,2024-08,Medicare,Phone,Provider Inquiry,2017,Enrollment Queue,48,480,Resolved,Yes,60,Yes,0,0
809,2024-08-03 16:00:00,2024-08,Medicare,Phone,Claims Status,2028,Benefits Queue,32,261,Resolved,Yes,90,Yes,0,0
810,2024-08-03 17:00:00,2024-08,Medicaid,Phone,Prior Authorization,2046,Enrollment Queue,89,225,Resolved,Yes,30,No,0,0
811,2024-08-03 18:00:00,2024-08,Medicaid,Phone,Claims Status,2041,Benefits Queue,180,240,Escalated,Yes,60,No,1,0
812,2024-08-03 19:00:00,2024-08,Medicare,IVR,Prior Authorization,2035,Benefits Queue,46,170,Abandoned,No,30,No,0,1
813,2024-08-03 20:00:00,2024-08,Medicare,Portal,Provider Inquiry,2045,Benefits Queue,40,326,Resolved,Yes,60,Yes,0,0
814,2024-08-03 21:00:00,2024-08,Medicaid,Phone,Billing,2040,Claims Queue,39,299,Resolved,Yes,60,Yes,0,0
815,2024-08-03 22:00:00,2024-08,Medicaid,Phone,Claims Status,2053,Benefits Queue,52,385,Escalated,Yes,30,No,1,0
816,2024-08-03 23:00:00,2024-08,Medicaid,Phone,System Access,2045,Claims Queue,64,142,Resolved,Yes,60,No,0,0
817,2024-08-04 00:00:00,2024-08,Commercial,Phone,System Access,2053,Benefits Queue,40,251,Resolved,Yes,60,Yes,0,0
818,2024-08-04 01:00:00,2024-08,Commercial,Phone,Billing,2032,Benefits Queue,30,251,Resolved,Yes,60,Yes,0,0
819,2024-08-04 02:00:00,2024-08,Commercial,Phone,Benefits Coverage,2043,Benefits Queue,104,188,Abandoned,Yes,30,No,0,1
820,2024-08-04 03:00:00,2024-08,Commercial,Phone,Claims Status,2031,Benefits Queue,99,213,Resolved,Yes,30,No,0,0
821,2024-08-04 04:00:00,2024-08,Medicare,Phone,Benefits Coverage,2055,Claims Queue,106,439,Resolved,Yes,30,No,0,0
822,2024-08-04 05:00:00,2024-08,Commercial,Phone,System Access,2032,Benefits Queue,16,166,Escalated,Yes,30,Yes,1,0
823,2024-08-04 06:00:00,2024-08,Medicaid,IVR,Provider Inquiry,2014,Benefits Queue,206,400,Resolved,No,60,No,0,0
824,2024-08-04 07:00:00,2024-08,Medicare,Phone,Claims Status,2006,Enrollment Queue,35,111,Resolved,No,90,Yes,0,0
825,2024-08-04 08:00:00,2024-08,Medicaid,Phone,System Access,2022,Enrollment Queue,182,777,Resolved,No,60,No,0,0
826,2024-08-04 09:00:00,2024-08,Medicaid,Phone,Billing,2038,Benefits Queue,124,186,Escalated,Yes,30,No,1,0
827,2024-08-04 10:00:00,2024-08,Commercial,Phone,Enrollment,2045,Claims Queue,37,518,Resolved,Yes,90,Yes,0,0
828,2024-08-04 11:00:00,2024-08,Medicaid,Phone,Enrollment,2045,Enrollment Queue,44,378,Resolved,Yes,30,No,0,0
829,2024-08-04 12:00:00,2024-08,Commercial,IVR,Provider Inquiry,2035,Enrollment Queue,130,339,Resolved,Yes,60,No,0,0
830,2024-08-04 13:00:00,2024-08,Medicare,Phone,Claims Status,2025,Claims Queue,42,221,Escalated,Yes,90,Yes,1,0
831,2024-08-04 14:00:00,2024-08,Medicaid,Portal,System Access,2023,Enrollment Queue,38,177,Resolved,Yes,30,No,0,0
832,2024-08-04 15:00:00,2024-08,Medicaid,Phone,Benefits Coverage,2019,Claims Queue,97,537,Resolved,Yes,60,No,0,0
833,2024-08-04 16:00:00,2024-08,Medicaid,Phone,Benefits Coverage,2046,Benefits Queue,76,630,Resolved,Yes,30,No,0,0
834,2024-08-04 17:00:00,2024-08,Medicare,Phone,Billing,2044,Benefits Queue,67,573,Resolved,Yes,60,No,0,0
835,2024-08-04 18:00:00,2024-08,Commercial,Phone,Billing,2040,Enrollment Queue,56,332,Resolved,Yes,60,Yes,0,0
836,2024-08-04 19:00:00,2024-08,Medicaid,Portal,System Access,2036,Enrollment Queue,36,420,Resolved,No,30,No,0,0
837,2024-08-04 20:00:00,2024-08,Medicare,Phone,System Access,2003,Enrollment Queue,96,380,Escalated,Yes,60,No,1,0
838,2024-08-04 21:00:00,2024-08,Commercial,IVR,Benefits Coverage,2032,Benefits Queue,97,409,Resolved,Yes,30,No,0,0
839,2024-08-04 22:00:00,2024-08,Medicaid,Phone,Claims Status,2028,Claims Queue,43,98,Abandoned,Yes,90,Yes,0,1
840,2024-08-04 23:00:00,2024-08,Commercial,Phone,Claims Status,2047,Claims Queue,58,262,Resolved,Yes,30,No,0,0
841,2024-08-05 00:00:00,2024-08,Commercial,Phone,System Access,2003,Enrollment Queue,152,460,Abandoned,Yes,90,No,0,1
842,2024-08-05 01:00:00,2024-08,Medicare,Phone,Benefits Coverage,2053,Claims Queue,81,372,Escalated,Yes,60,No,1,0
843,2024-08-05 02:00:00,2024-08,Medicare,Phone,Claims Status,2035,Enrollment Queue,102,152,Resolved,No,30,No,0,0
844,2024-08-05 03:00:00,2024-08,Medicaid,Phone,Prior Authorization,2048,Enrollment Queue,105,137,Resolved,Yes,60,No,0,0
845,2024-08-05 04:00:00,2024-08,Medicare,Phone,Claims Status,2045,Benefits Queue,104,369,Resolved,Yes,60,No,0,0
846,2024-08-05 05:00:00,2024-08,Medicare,Phone,Prior Authorization,2036,Claims Queue,96,789,Resolved,Yes,60,No,0,0
847,2024-08-05 06:00:00,2024-08,Medicaid,Portal,Prior Authorization,2022,Benefits Queue,29,162,Resolved,Yes,90,Yes,0,0
848,2024-08-05 07:00:00,2024-08,Medicaid,Phone,Benefits Coverage,2019,Benefits Queue,37,244,Resolved,Yes,60,Yes,0,0
849,2024-08-05 08:00:00,2024-08,Medicaid,Phone,Provider Inquiry,2022,Claims Queue,57,189,Escalated,Yes,60,Yes,1,0
850,2024-08-05 09:00:00,2024-08,Medicaid,Phone,Benefits Coverage,2028,Claims Queue,80,439,Resolved,Yes,30,No,0,0
851,2024-08-05 10:00:00,2024-08,Medicaid,IVR,Enrollment,2024,Benefits Queue,75,939,Escalated,Yes,30,No,1,0
852,2024-08-05 11:00:00,2024-08,Commercial,IVR,Claims Status,2021,Claims Queue,121,291,Resolved,Yes,30,No,0,0
853,2024-08-05 12:00:00,2024-08,Medicare,Phone,Provider Inquiry,2022,Claims Queue,137,498,Resolved,Yes,30,No,0,0
854,2024-08-05 13:00:00,2024-08,Medicare,Phone,Benefits Coverage,2020,Claims Queue,106,377,Resolved,No,30,No,0,0
855,2024-08-05 14:00:00,2024-08,Medicaid,Phone,Billing,2005,Enrollment Queue,55,244,Resolved,Yes,60,Yes,0,0
856,2024-08-05 15:00:00,2024-08,Medicaid,Phone,Billing,2036,Benefits Queue,107,122,Escalated,Yes,30,No,1,0
857,2024-08-05 16:00:00,2024-08,Medicare,Phone,Enrollment,2007,Enrollment Queue,61,219,Resolved,Yes,90,Yes,0,0
858,2024-08-05 17:00:00,2024-08,Medicare,IVR,Claims Status,2045,Benefits Queue,122,231,Abandoned,No,90,No,0,1
859,2024-08-05 18:00:00,2024-08,Medicaid,Phone,System Access,2032,Benefits Queue,4,479,Resolved,Yes,30,Yes,0,0
860,2024-08-05 19:00:00,2024-08,Medicaid,Phone,Claims Status,2055,Claims Queue,127,379,Resolved,No,30,No,0,0
861,2024-08-05 20:00:00,2024-08,Medicare,Phone,Prior Authorization,2027,Benefits Queue,85,150,Escalated,Yes,60,No,1,0
862,2024-08-05 21:00:00,2024-08,Commercial,Phone,Claims Status,2015,Enrollment Queue,65,430,Resolved,Yes,30,No,0,0
863,2024-08-05 22:00:00,2024-08,Medicaid,Portal,Enrollment,2017,Claims Queue,95,60,Resolved,Yes,60,No,0,0
864,2024-08-05 23:00:00,2024-08,Medicaid,Phone,Provider Inquiry,2035,Claims Queue,133,325,Resolved,Yes,60,No,0,0
865,2024-08-06 00:00:00,2024-08,Medicare,IVR,Claims Status,2016,Benefits Queue,115,324,Resolved,Yes,90,No,0,0
866,2024-08-06 01:00:00,2024-08,Medicaid,IVR,Benefits Coverage,2026,Claims Queue,268,163,Resolved,Yes,60,No,0,0
867,2024-08-06 02:00:00,2024-08,Medicare,Phone,System Access,2002,Enrollment Queue,65,756,Resolved,Yes,30,No,0,0
868,2024-08-06 03:00:00,2024-08,Commercial,Phone,Prior Authorization,2030,Benefits Queue,99,537,Resolved,Yes,60,No,0,0
869,2024-08-06 04:00:00,2024-08,Medicaid,Phone,Enrollment,2042,Enrollment Queue,188,417,Escalated,Yes,30,No,1,0
870,2024-08-06 05:00:00,2024-08,Medicare,Phone,Prior Authorization,2015,Claims Queue,43,442,Resolved,Yes,30,No,0,0
871,2024-08-06 06:00:00,2024-08,Medicaid,Phone,System Access,2006,Benefits Queue,133,1068,Resolved,Yes,30,No,0,0
872,2024-08-06 07:00:00,2024-08,Medicare,Phone,Enrollment,2049,Benefits Queue,59,142,Escalated,Yes,30,No,1,0
873,2024-08-06 08:00:00,2024-08,Commercial,IVR,System Access,2018,Benefits Queue,16,564,Escalated,Yes,30,Yes,1,0
874,2024-08-06 09:00:00,2024-08,Medicare,Portal,Provider Inquiry,2058,Claims Queue,113,126,Escalated,Yes,30,No,1,0
875,2024-08-06 10:00:00,2024-08,Medicaid,Phone,Enrollment,2057,Benefits Queue,50,153,Resolved,Yes,30,No,0,0
876,2024-08-06 11:00:00,2024-08,Medicaid,Phone,Prior Authorization,2006,Claims Queue,91,575,Escalated,Yes,30,No,1,0
877,2024-08-06 12:00:00,2024-08,Medicare,Phone,System Access,2042,Claims Queue,64,250,Resolved,No,60,No,0,0
878,2024-08-06 13:00:00,2024-08,Commercial,Phone,Benefits Coverage,2007,Claims Queue,57,202,Resolved,Yes,60,Yes,0,0
879,2024-08-06 14:00:00,2024-08,Medicare,Phone,Enrollment,2036,Enrollment Queue,37,351,Resolved,No,60,Yes,0,0
880,2024-08-06 15:00:00,2024-08,Medicare,Phone,Billing,2048,Enrollment Queue,10,836,Escalated,Yes,90,Yes,1,0
881,2024-08-06 16:00:00,2024-08,Commercial,Phone,Prior Authorization,2014,Enrollment Queue,69,114,Resolved,No,60,No,0,0
882,2024-08-06 17:00:00,2024-08,Medicaid,Phone,Prior Authorization,2014,Enrollment Queue,191,355,Resolved,No,30,No,0,0
883,2024-08-06 18:00:00,2024-08,Commercial,Phone,Claims Status,2016,Enrollment Queue,92,430,Escalated,Yes,60,No,1,0
884,2024-08-06 19:00:00,2024-08,Medicare,Phone,System Access,2022,Benefits Queue,35,67,Escalated,Yes,90,Yes,1,0
885,2024-08-06 20:00:00,2024-08,Medicaid,Phone,System Access,2029,Benefits Queue,60,350,Resolved,Yes,30,No,0,0
886,2024-08-06 21:00:00,2024-08,Medicare,Phone,Benefits Coverage,2012,Claims Queue,66,550,Resolved,Yes,60,No,0,0
887,2024-08-06 22:00:00,2024-08,Medicaid,IVR,Enrollment,2048,Benefits Queue,203,677,Abandoned,Yes,30,No,0,1
888,2024-08-06 23:00:00,2024-08,Medicaid,IVR,Prior Authorization,2058,Enrollment Queue,107,117,Resolved,No,30,No,0,0
889,2024-08-07 00:00:00,2024-08,Medicaid,Phone,Billing,2044,Enrollment Queue,189,356,Resolved,No,60,No,0,0
890,2024-08-07 01:00:00,2024-08,Medicare,Phone,Benefits Coverage,2038,Enrollment Queue,36,247,Resolved,Yes,30,No,0,0
891,2024-08-07 02:00:00,2024-08,Medicaid,Phone,Claims Status,2001,Enrollment Queue,103,696,Resolved,No,30,No,0,0
892,2024-08-07 03:00:00,2024-08,Medicare,Phone,Enrollment,2016,Benefits Queue,53,380,Abandoned,Yes,30,No,0,1
893,2024-08-07 04:00:00,2024-08,Medicaid,Phone,Billing,2032,Claims Queue,192,355,Resolved,No,90,No,0,0
894,2024-08-07 05:00:00,2024-08,Medicare,Phone,Benefits Coverage,2035,Claims Queue,101,358,Resolved,Yes,30,No,0,0
895,2024-08-07 06:00:00,2024-08,Medicaid,Phone,Claims Status,2004,Benefits Queue,24,619,Resolved,Yes,60,Yes,0,0
896,2024-08-07 07:00:00,2024-08,Medicare,Phone,Enrollment,2020,Enrollment Queue,59,302,Escalated,Yes,60,Yes,1,0
897,2024-08-07 08:00:00,2024-08,Commercial,Portal,Claims Status,2023,Benefits Queue,34,558,Resolved,Yes,90,Yes,0,0
898,2024-08-07 09:00:00,2024-08,Medicaid,Portal,Enrollment,2033,Claims Queue,45,158,Resolved,Yes,60,Yes,0,0
899,2024-08-07 10:00:00,2024-08,Medicaid,Phone,System Access,2021,Benefits Queue,124,318,Resolved,Yes,30,No,0,0
900,2024-08-07 11:00:00,2024-08,Medicare,Phone,Billing,2023,Enrollment Queue,40,531,Resolved,No,60,Yes,0,0
901,2024-08-07 12:00:00,2024-08,Medicare,Phone,System Access,2027,Benefits Queue,139,451,Resolved,No,90,No,0,0
902,2024-08-07 13:00:00,2024-08,Medicaid,IVR,Billing,2058,Enrollment Queue,185,292,Resolved,Yes,90,No,0,0
903,2024-08-07 14:00:00,2024-08,Medicare,Phone,Enrollment,2039,Benefits Queue,121,443,Resolved,Yes,30,No,0,0
904,2024-08-07 15:00:00,2024-08,Commercial,Portal,Enrollment,2007,Enrollment Queue,39,344,Escalated,Yes,60,Yes,1,0
905,2024-08-07 16:00:00,2024-08,Medicare,Phone,Provider Inquiry,2013,Claims Queue,65,283,Resolved,No,90,Yes,0,0
906,2024-08-07 17:00:00,2024-08,Medicaid,Phone,Billing,2019,Benefits Queue,62,123,Resolved,Yes,60,No,0,0
907,2024-08-07 18:00:00,2024-08,Commercial,Phone,Benefits Coverage,2003,Enrollment Queue,30,124,Abandoned,No,30,Yes,0,1
908,2024-08-07 19:00:00,2024-08,Medicare,IVR,Benefits Coverage,2017,Enrollment Queue,170,444,Resolved,Yes,30,No,0,0
909,2024-08-07 20:00:00,2024-08,Medicaid,Portal,Prior Authorization,2020,Benefits Queue,123,693,Resolved,Yes,60,No,0,0
910,2024-08-07 21:00:00,2024-08,Medicaid,Phone,Claims Status,2026,Benefits Queue,26,296,Resolved,Yes,60,Yes,0,0
911,2024-08-07 22:00:00,2024-08,Medicare,Phone,System Access,2058,Claims Queue,63,210,Resolved,No,60,No,0,0
912,2024-08-07 23:00:00,2024-08,Medicare,Portal,Provider Inquiry,2004,Benefits Queue,226,105,Abandoned,Yes,30,No,0,1
913,2024-08-08 00:00:00,2024-08,Commercial,Phone,Enrollment,2044,Enrollment Queue,70,486,Escalated,Yes,60,No,1,0
914,2024-08-08 01:00:00,2024-08,Medicare,IVR,Enrollment,2053,Claims Queue,82,289,Resolved,No,30,No,0,0
915,2024-08-08 02:00:00,2024-08,Medicaid,Phone,Benefits Coverage,2006,Enrollment Queue,22,122,Resolved,Yes,30,Yes,0,0
916,2024-08-08 03:00:00,2024-08,Medicaid,Phone,Provider Inquiry,2046,Benefits Queue,111,332,Resolved,Yes,30,No,0,0
917,2024-08-08 04:00:00,2024-08,Medicare,Phone,Prior Authorization,2046,Claims Queue,103,414,Resolved,Yes,60,No,0,0
918,2024-08-08 05:00:00,2024-08,Medicare,IVR,System Access,2023,Enrollment Queue,56,302,Escalated,Yes,30,No,1,0
919,2024-08-08 06:00:00,2024-08,Medicaid,Phone,Provider Inquiry,2042,Claims Queue,74,110,Resolved,Yes,90,Yes,0,0
920,2024-08-08 07:00:00,2024-08,Commercial,IVR,Billing,2039,Enrollment Queue,51,254,Resolved,No,60,Yes,0,0
921,2024-08-08 08:00:00,2024-08,Medicaid,Phone,Enrollment,2040,Benefits Queue,85,492,Resolved,Yes,90,Yes,0,0
922,2024-08-08 09:00:00,2024-08,Medicaid,Phone,System Access,2044,Enrollment Queue,64,503,Abandoned,Yes,60,No,0,1
923,2024-08-08 10:00:00,2024-08,Medicare,Phone,Provider Inquiry,2041,Claims Queue,90,427,Abandoned,Yes,60,No,0,1
924,2024-08-08 11:00:00,2024-08,Medicaid,Phone,Claims Status,2020,Claims Queue,25,119,Resolved,No,60,Yes,0,0
925,2024-08-08 12:00:00,2024-08,Medicaid,Portal,Billing,2009,Enrollment Queue,15,266,Escalated,Yes,90,Yes,1,0
926,2024-08-08 13:00:00,2024-08,Medicare,IVR,Prior Authorization,2020,Claims Queue,141,493,Resolved,No,30,No,0,0
927,2024-08-08 14:00:00,2024-08,Medicare,Phone,Prior Authorization,2038,Claims Queue,77,209,Resolved,Yes,60,No,0,0
928,2024-08-08 15:00:00,2024-08,Medicaid,Phone,Claims Status,2047,Enrollment Queue,90,653,Resolved,No,60,No,0,0
929,2024-08-08 16:00:00,2024-08,Medicaid,Portal,Prior Authorization,2050,Benefits Queue,108,132,Resolved,Yes,60,No,0,0
930,2024-08-08 17:00:00,2024-08,Medicare,Phone,Claims Status,2058,Claims Queue,185,369,Resolved,Yes,30,No,0,0
931,2024-08-08 18:00:00,2024-08,Medicaid,Portal,Enrollment,2009,Enrollment Queue,134,444,Resolved,Yes,90,No,0,0
932,2024-08-08 19:00:00,2024-08,Medicaid,Phone,Billing,2030,Claims Queue,99,563,Escalated,Yes,60,No,1,0
933,2024-08-08 20:00:00,2024-08,Medicaid,Phone,System Access,2057,Benefits Queue,215,369,Resolved,Yes,90,No,0,0
934,2024-08-08 21:00:00,2024-08,Medicare,Portal,Benefits Coverage,2058,Claims Queue,106,198,Resolved,No,60,No,0,0
935,2024-08-08 22:00:00,2024-08,Medicaid,Phone,Benefits Coverage,2018,Claims Queue,103,428,Resolved,Yes,60,No,0,0
936,2024-08-08 23:00:00,2024-08,Medicaid,IVR,Claims Status,2033,Enrollment Queue,52,366,Resolved,Yes,60,Yes,0,0
937,2024-08-09 00:00:00,2024-08,Medicare,Portal,Enrollment,2044,Enrollment Queue,60,171,Resolved,Yes,90,Yes,0,0
938,2024-08-09 01:00:00,2024-08,Medicare,Phone,Prior Authorization,2038,Benefits Queue,143,312,Resolved,Yes,30,No,0,0
939,2024-08-09 02:00:00,2024-08,Medicaid,Phone,Claims Status,2046,Claims Queue,137,270,Resolved,Yes,30,No,0,0
940,2024-08-09 03:00:00,2024-08,Medicaid,Phone,Enrollment,2032,Benefits Queue,86,219,Resolved,Yes,90,Yes,0,0
941,2024-08-09 04:00:00,2024-08,Medicare,Phone,Claims Status,2003,Claims Queue,80,186,Resolved,Yes,30,No,0,0
942,2024-08-09 05:00:00,2024-08,Commercial,Phone,System Access,2052,Benefits Queue,163,100,Resolved,Yes,30,No,0,0
943,2024-08-09 06:00:00,2024-08,Medicaid,Phone,Claims Status,2038,Benefits Queue,103,350,Resolved,Yes,30,No,0,0
944,2024-08-09 07:00:00,2024-08,Medicare,Phone,Benefits Coverage,2055,Benefits Queue,52,323,Escalated,Yes,60,Yes,1,0
945,2024-08-09 08:00:00,2024-08,Medicaid,Phone,Claims Status,2048,Enrollment Queue,10,253,Resolved,Yes,30,Yes,0,0
946,2024-08-09 09:00:00,2024-08,Medicare,Phone,Enrollment,2032,Claims Queue,61,227,Resolved,Yes,90,Yes,0,0
947,2024-08-09 10:00:00,2024-08,Medicare,IVR,Billing,2020,Claims Queue,173,166,Resolved,Yes,60,No,0,0
948,2024-08-09 11:00:00,2024-08,Medicaid,Phone,Prior Authorization,2017,Benefits Queue,49,237,Resolved,Yes,60,Yes,0,0
949,2024-08-09 12:00:00,2024-08,Medicare,Phone,Enrollment,2009,Benefits Queue,45,703,Resolved,Yes,90,Yes,0,0
950,2024-08-09 13:00:00,2024-08,Medicare,Phone,Benefits Coverage,2022,Enrollment Queue,71,673,Resolved,Yes,60,No,0,0
951,2024-08-09 14:00:00,2024-08,Medicaid,Phone,Benefits Coverage,2053,Claims Queue,94,548,Resolved,Yes,30,No,0,0
952,2024-08-09 15:00:00,2024-08,Medicaid,Portal,Billing,2047,Benefits Queue,41,375,Escalated,No,30,No,1,0
953,2024-08-09 16:00:00,2024-08,Commercial,Phone,Prior Authorization,2055,Enrollment Queue,49,249,Escalated,Yes,60,Yes,1,0
954,2024-08-09 17:00:00,2024-08,Commercial,Phone,Billing,2023,Claims Queue,45,94,Resolved,Yes,30,No,0,0
955,2024-08-09 18:00:00,2024-08,Medicare,Phone,Benefits Coverage,2010,Enrollment Queue,127,424,Abandoned,Yes,60,No,0,1
956,2024-08-09 19:00:00,2024-08,Medicare,Phone,Billing,2019,Claims Queue,144,190,Resolved,Yes,60,No,0,0
957,2024-08-09 20:00:00,2024-08,Medicaid,Phone,Claims Status,2018,Claims Queue,97,468,Resolved,Yes,90,No,0,0
958,2024-08-09 21:00:00,2024-08,Medicaid,Phone,Benefits Coverage,2036,Benefits Queue,82,107,Escalated,Yes,90,Yes,1,0
959,2024-08-09 22:00:00,2024-08,Commercial,IVR,Provider Inquiry,2059,Enrollment Queue,151,229,Abandoned,Yes,60,No,0,1
960,2024-08-09 23:00:00,2024-08,Medicaid,IVR,Claims Status,2014,Benefits Queue,164,274,Resolved,Yes,60,No,0,0
961,2024-08-10 00:00:00,2024-08,Commercial,Phone,System Access,2039,Enrollment Queue,208,429,Abandoned,Yes,30,No,0,1
962,2024-08-10 01:00:00,2024-08,Commercial,Phone,Claims Status,2007,Enrollment Queue,62,338,Escalated,Yes,30,No,1,0
963,2024-08-10 02:00:00,2024-08,Medicare,IVR,Claims Status,2004,Enrollment Queue,79,101,Resolved,Yes,30,No,0,0
964,2024-08-10 03:00:00,2024-08,Medicaid,Phone,Enrollment,2023,Benefits Queue,234,663,Resolved,Yes,90,No,0,0
965,2024-08-10 04:00:00,2024-08,Medicaid,Phone,Benefits Coverage,2052,Enrollment Queue,227,195,Escalated,Yes,60,No,1,0
966,2024-08-10 05:00:00,2024-08,Medicaid,Phone,Claims Status,2031,Claims Queue,160,67,Resolved,No,60,No,0,0
967,2024-08-10 06:00:00,2024-08,Medicare,Phone,Enrollment,2018,Benefits Queue,67,462,Escalated,Yes,60,No,1,0
968,2024-08-10 07:00:00,2024-08,Medicaid,Phone,Prior Authorization,2027,Benefits Queue,290,257,Resolved,Yes,60,No,0,0
969,2024-08-10 08:00:00,2024-08,Commercial,IVR,Provider Inquiry,2017,Benefits Queue,105,600,Abandoned,No,60,No,0,1
970,2024-08-10 09:00:00,2024-08,Medicaid,Phone,Provider Inquiry,2058,Claims Queue,90,353,Resolved,Yes,60,No,0,0
971,2024-08-10 10:00:00,2024-08,Commercial,Portal,Provider Inquiry,2036,Claims Queue,164,435,Resolved,Yes,60,No,0,0
972,2024-08-10 11:00:00,2024-08,Commercial,Phone,Enrollment,2013,Claims Queue,38,274,Resolved,No,30,No,0,0
973,2024-08-10 12:00:00,2024-08,Medicare,IVR,System Access,2017,Benefits Queue,61,208,Escalated,Yes,90,Yes,1,0
974,2024-08-10 13:00:00,2024-08,Medicaid,IVR,Provider Inquiry,2059,Claims Queue,52,313,Escalated,Yes,90,Yes,1,0
975,2024-08-10 14:00:00,2024-08,Medicaid,Phone,Benefits Coverage,2025,Benefits Queue,113,369,Escalated,Yes,30,No,1,0
976,2024-08-10 15:00:00,2024-08,Medicaid,Phone,Provider Inquiry,2043,Enrollment Queue,45,146,Resolved,Yes,60,Yes,0,0
977,2024-08-10 16:00:00,2024-08,Medicaid,IVR,Provider Inquiry,2010,Claims Queue,16,306,Resolved,Yes,60,Yes,0,0
978,2024-08-10 17:00:00,2024-08,Medicare,Phone,Benefits Coverage,2046,Claims Queue,59,601,Resolved,Yes,90,Yes,0,0
979,2024-08-10 18:00:00,2024-08,Medicare,Phone,Provider Inquiry,2058,Claims Queue,49,250,Resolved,Yes,30,No,0,0
980,2024-08-10 19:00:00,2024-08,Medicare,Phone,Claims Status,2045,Enrollment Queue,99,371,Resolved,No,60,No,0,0
981,2024-08-10 20:00:00,2024-08,Medicaid,Phone,System Access,2022,Enrollment Queue,178,151,Abandoned,No,90,No,0,1
982,2024-08-10 21:00:00,2024-08,Medicaid,IVR,System Access,2007,Enrollment Queue,207,487,Resolved,Yes,30,No,0,0
983,2024-08-10 22:00:00,2024-08,Commercial,IVR,Enrollment,2003,Benefits Queue,306,144,Abandoned,Yes,60,No,0,1
984,2024-08-10 23:00:00,2024-08,Commercial,IVR,Prior Authorization,2008,Enrollment Queue,28,300,Abandoned,No,30,Yes,0,1
985,2024-08-11 00:00:00,2024-08,Medicaid,Phone,Provider Inquiry,2032,Enrollment Queue,76,717,Resolved,Yes,60,No,0,0
986,2024-08-11 01:00:00,2024-08,Medicare,Phone,Enrollment,2052,Enrollment Queue,157,107,Abandoned,No,60,No,0,1
987,2024-08-11 02:00:00,2024-08,Medicare,Phone,Prior Authorization,2035,Claims Queue,126,635,Escalated,No,90,No,1,0
988,2024-08-11 03:00:00,2024-08,Medicaid,Portal,Provider Inquiry,2045,Enrollment Queue,289,495,Escalated,Yes,60,No,1,0
989,2024-08-11 04:00:00,2024-08,Medicare,Phone,System Access,2028,Claims Queue,89,229,Resolved,Yes,60,No,0,0
990,2024-08-11 05:00:00,2024-08,Medicaid,Phone,Provider Inquiry,2051,Enrollment Queue,110,84,Resolved,No,60,No,0,0
991,2024-08-11 06:00:00,2024-08,Medicaid,Phone,Enrollment,2057,Benefits Queue,120,184,Resolved,No,60,No,0,0
992,2024-08-11 07:00:00,2024-08,Commercial,IVR,Enrollment,2009,Enrollment Queue,107,217,Resolved,Yes,30,No,0,0
993,2024-08-11 08:00:00,2024-08,Medicare,IVR,Enrollment,2011,Claims Queue,66,510,Escalated,No,30,No,1,0
994,2024-08-11 09:00:00,2024-08,Medicaid,Portal,Benefits Coverage,2051,Benefits Queue,111,218,Resolved,No,60,No,0,0
995,2024-08-11 10:00:00,2024-08,Medicare,Portal,System Access,2004,Claims Queue,96,377,Resolved,Yes,30,No,0,0
996,2024-08-11 11:00:00,2024-08,Medicaid,Phone,Prior Authorization,2032,Enrollment Queue,45,341,Abandoned,Yes,90,Yes,0,1
997,2024-08-11 12:00:00,2024-08,Commercial,IVR,Claims Status,2020,Enrollment Queue,76,692,Escalated,Yes,60,No,1,0
998,2024-08-11 13:00:00,2024-08,Medicare,Phone,Prior Authorization,2023,Claims Queue,23,149,Resolved,Yes,30,Yes,0,0
999,2024-08-11 14:00:00,2024-08,Medicare,Portal,Provider Inquiry,2029,Enrollment Queue,78,129,Abandoned,Yes,60,No,0,1
1000,2024-08-11 15:00:00,2024-08,Medicaid,Phone,Billing,2017,Benefits Queue,194,439,Resolved,Yes,90,No,0,0
1001,2024-08-11 16:00:00,2024-08,Medicaid,Phone,Prior Authorization,2001,Benefits Queue,99,193,Escalated,Yes,30,No,1,0
1002,2024-08-11 17:00:00,2024-08,Medicare,Phone,Billing,2011,Claims Queue,138,237,Resolved,Yes,60,No,0,0
1003,2024-08-11 18:00:00,2024-08,Medicaid,Phone,Claims Status,2007,Claims Queue,81,747,Escalated,No,60,No,1,0
1004,2024-08-11 19:00:00,2024-08,Commercial,Phone,Claims Status,2038,Benefits Queue,116,458,Abandoned,Yes,60,No,0,1
1005,2024-08-11 20:00:00,2024-08,Medicaid,Portal,Enrollment,2016,Claims Queue,46,341,Resolved,Yes,90,Yes,0,0
1006,2024-08-11 21:00:00,2024-08,Medicaid,Portal,Provider Inquiry,2053,Claims Queue,72,629,Resolved,Yes,30,No,0,0
1007,2024-08-11 22:00:00,2024-08,Medicaid,IVR,System Access,2004,Claims Queue,35,80,Resolved,Yes,90,Yes,0,0
1008,2024-08-11 23:00:00,2024-08,Medicare,Phone,Benefits Coverage,2028,Benefits Queue,102,658,Resolved,Yes,60,No,0,0
1009,2024-08-12 00:00:00,2024-08,Commercial,Phone,Benefits Coverage,2046,Benefits Queue,87,380,Resolved,Yes,60,No,0,0
1010,2024-08-12 01:00:00,2024-08,Medicaid,Phone,Prior Authorization,2041,Benefits Queue,31,143,Resolved,No,60,Yes,0,0
1011,2024-08-12 02:00:00,2024-08,Medicare,Phone,Benefits Coverage,2037,Benefits Queue,110,481,Resolved,Yes,90,No,0,0
1012,2024-08-12 03:00:00,2024-08,Medicaid,Phone,Claims Status,2037,Claims Queue,89,524,Abandoned,Yes,90,Yes,0,1
1013,2024-08-12 04:00:00,2024-08,Commercial,Phone,Enrollment,2059,Claims Queue,67,214,Abandoned,No,30,No,0,1
1014,2024-08-12 05:00:00,2024-08,Medicare,Phone,Enrollment,2019,Claims Queue,22,234,Resolved,Yes,30,Yes,0,0
1015,2024-08-12 06:00:00,2024-08,Medicaid,Phone,Claims Status,2046,Claims Queue,198,212,Resolved,Yes,60,No,0,0
1016,2024-08-12 07:00:00,2024-08,Medicare,Phone,System Access,2017,Enrollment Queue,28,455,Resolved,No,60,Yes,0,0
1017,2024-08-12 08:00:00,2024-08,Commercial,Phone,System Access,2012,Claims Queue,226,154,Resolved,Yes,60,No,0,0
1018,2024-08-12 09:00:00,2024-08,Medicaid,Phone,Enrollment,2057,Claims Queue,79,621,Abandoned,Yes,60,No,0,1
1019,2024-08-12 10:00:00,2024-08,Medicaid,Phone,Enrollment,2007,Claims Queue,43,868,Resolved,Yes,60,Yes,0,0
1020,2024-08-12 11:00:00,2024-08,Medicaid,Phone,Enrollment,2045,Enrollment Queue,58,664,Abandoned,Yes,30,No,0,1
1021,2024-08-12 12:00:00,2024-08,Medicare,Phone,System Access,2056,Claims Queue,35,186,Resolved,Yes,30,No,0,0
1022,2024-08-12 13:00:00,2024-08,Commercial,Phone,Benefits Coverage,2041,Enrollment Queue,124,237,Abandoned,Yes,90,No,0,1
1023,2024-08-12 14:00:00,2024-08,Commercial,Phone,Billing,2007,Enrollment Queue,53,331,Resolved,No,30,No,0,0
1024,2024-08-12 15:00:00,2024-08,Medicaid,IVR,Benefits Coverage,2007,Enrollment Queue,207,418,Resolved,Yes,30,No,0,0
1025,2024-08-12 16:00:00,2024-08,Medicaid,IVR,Provider Inquiry,2037,Enrollment Queue,153,973,Abandoned,Yes,90,No,0,1
1026,2024-08-12 17:00:00,2024-08,Medicare,Phone,System Access,2048,Claims Queue,10,254,Resolved,Yes,30,Yes,0,0
1027,2024-08-12 18:00:00,2024-08,Medicare,Phone,Provider Inquiry,2017,Claims Queue,112,208,Resolved,Yes,90,No,0,0
1028,2024-08-12 19:00:00,2024-08,Medicaid,Phone,Claims Status,2017,Enrollment Queue,75,442,Resolved,Yes,60,No,0,0
1029,2024-08-12 20:00:00,2024-08,Medicare,IVR,Benefits Coverage,2006,Benefits Queue,71,77,Resolved,Yes,30,No,0,0
1030,2024-08-12 21:00:00,2024-08,Commercial,IVR,Provider Inquiry,2037,Claims Queue,54,431,Resolved,No,60,Yes,0,0
1031,2024-08-12 22:00:00,2024-08,Medicaid,Phone,Provider Inquiry,2014,Enrollment Queue,240,316,Escalated,Yes,90,No,1,0
1032,2024-08-12 23:00:00,2024-08,Medicaid,IVR,Prior Authorization,2043,Benefits Queue,187,777,Escalated,Yes,30,No,1,0
1033,2024-08-13 00:00:00,2024-08,Commercial,Phone,Prior Authorization,2007,Claims Queue,30,437,Escalated,Yes,90,Yes,1,0
1034,2024-08-13 01:00:00,2024-08,Medicaid,IVR,Claims Status,2058,Enrollment Queue,112,433,Escalated,No,90,No,1,0
1035,2024-08-13 02:00:00,2024-08,Medicaid,IVR,Enrollment,2022,Claims Queue,59,421,Resolved,Yes,30,No,0,0
1036,2024-08-13 03:00:00,2024-08,Medicaid,Portal,System Access,2057,Benefits Queue,116,288,Abandoned,Yes,90,No,0,1
1037,2024-08-13 04:00:00,2024-08,Medicare,Phone,Enrollment,2008,Claims Queue,118,364,Resolved,Yes,60,No,0,0
1038,2024-08-13 05:00:00,2024-08,Medicaid,Portal,Benefits Coverage,2007,Benefits Queue,66,1064,Resolved,Yes,60,No,0,0
1039,2024-08-13 06:00:00,2024-08,Medicaid,Portal,Enrollment,2035,Benefits Queue,29,783,Resolved,No,60,Yes,0,0
1040,2024-08-13 07:00:00,2024-08,Medicare,Phone,Prior Authorization,2029,Benefits Queue,67,317,Resolved,Yes,60,No,0,0
1041,2024-08-13 08:00:00,2024-08,Medicare,Phone,Benefits Coverage,2031,Claims Queue,166,548,Resolved,Yes,30,No,0,0
1042,2024-08-13 09:00:00,2024-08,Medicare,IVR,Prior Authorization,2035,Enrollment Queue,142,358,Resolved,Yes,60,No,0,0
1043,2024-08-13 10:00:00,2024-08,Medicaid,Phone,System Access,2030,Claims Queue,52,111,Resolved,Yes,30,No,0,0
1044,2024-08-13 11:00:00,2024-08,Commercial,IVR,Provider Inquiry,2007,Claims Queue,60,480,Resolved,Yes,30,No,0,0
1045,2024-08-13 12:00:00,2024-08,Medicaid,Phone,Prior Authorization,2016,Enrollment Queue,50,720,Abandoned,Yes,30,No,0,1
1046,2024-08-13 13:00:00,2024-08,Medicaid,Phone,Prior Authorization,2002,Enrollment Queue,101,498,Escalated,Yes,90,No,1,0
1047,2024-08-13 14:00:00,2024-08,Medicaid,Phone,Enrollment,2006,Claims Queue,268,231,Abandoned,Yes,60,No,0,1
1048,2024-08-13 15:00:00,2024-08,Medicare,Phone,Provider Inquiry,2050,Enrollment Queue,69,208,Resolved,Yes,30,No,0,0
1049,2024-08-13 16:00:00,2024-08,Medicaid,Phone,Claims Status,2053,Enrollment Queue,52,277,Resolved,Yes,90,Yes,0,0
1050,2024-08-13 17:00:00,2024-08,Medicaid,Phone,Benefits Coverage,2012,Claims Queue,241,772,Abandoned,Yes,60,No,0,1
1051,2024-08-13 18:00:00,2024-08,Commercial,Phone,Provider Inquiry,2003,Benefits Queue,143,73,Resolved,Yes,90,No,0,0
1052,2024-08-13 19:00:00,2024-08,Medicaid,Phone,Claims Status,2010,Enrollment Queue,31,234,Resolved,Yes,60,Yes,0,0
1053,2024-08-13 20:00:00,2024-08,Medicare,Phone,Billing,2049,Enrollment Queue,129,650,Resolved,No,60,No,0,0
1054,2024-08-13 21:00:00,2024-08,Commercial,Phone,System Access,2009,Claims Queue,152,448,Resolved,Yes,60,No,0,0
1055,2024-08-13 22:00:00,2024-08,Medicaid,Phone,Prior Authorization,2024,Claims Queue,69,924,Abandoned,Yes,30,No,0,1
1056,2024-08-13 23:00:00,2024-08,Medicaid,Phone,Claims Status,2034,Enrollment Queue,72,189,Resolved,Yes,90,Yes,0,0
1057,2024-08-14 00:00:00,2024-08,Medicare,Phone,Benefits Coverage,2021,Claims Queue,140,287,Resolved,Yes,30,No,0,0
1058,2024-08-14 01:00:00,2024-08,Medicaid,Portal,Claims Status,2021,Claims Queue,50,601,Resolved,Yes,90,Yes,0,0
1059,2024-08-14 02:00:00,2024-08,Medicaid,Phone,Provider Inquiry,2039,Benefits Queue,62,644,Escalated,No,60,No,1,0
1060,2024-08-14 03:00:00,2024-08,Medicare,IVR,Claims Status,2036,Claims Queue,311,485,Abandoned,No,90,No,0,1
1061,2024-08-14 04:00:00,2024-08,Medicaid,Phone,Provider Inquiry,2057,Enrollment Queue,34,91,Abandoned,Yes,30,No,0,1
1062,2024-08-14 05:00:00,2024-08,Medicaid,Portal,System Access,2041,Benefits Queue,96,399,Resolved,Yes,60,No,0,0
1063,2024-08-14 06:00:00,2024-08,Medicaid,Phone,Benefits Coverage,2046,Claims Queue,37,581,Escalated,Yes,30,No,1,0
1064,2024-08-14 07:00:00,2024-08,Medicare,Phone,Enrollment,2034,Enrollment Queue,202,193,Resolved,Yes,60,No,0,0
1065,2024-08-14 08:00:00,2024-08,Medicare,Phone,Billing,2050,Benefits Queue,112,410,Escalated,No,60,No,1,0
1066,2024-08-14 09:00:00,2024-08,Medicare,Phone,System Access,2049,Benefits Queue,62,534,Resolved,Yes,90,Yes,0,0
1067,2024-08-14 10:00:00,2024-08,Medicaid,Portal,System Access,2013,Claims Queue,54,255,Abandoned,Yes,30,No,0,1
1068,2024-08-14 11:00:00,2024-08,Commercial,Portal,Claims Status,2037,Claims Queue,246,103,Resolved,Yes,30,No,0,0
1069,2024-08-14 12:00:00,2024-08,Medicaid,Phone,Prior Authorization,2037,Claims Queue,49,348,Resolved,Yes,60,Yes,0,0
1070,2024-08-14 13:00:00,2024-08,Medicare,Phone,System Access,2048,Benefits Queue,140,279,Resolved,Yes,90,No,0,0
1071,2024-08-14 14:00:00,2024-08,Medicaid,IVR,Provider Inquiry,2001,Benefits Queue,137,267,Resolved,No,60,No,0,0
1072,2024-08-14 15:00:00,2024-08,Commercial,Portal,Billing,2024,Enrollment Queue,114,209,Resolved,Yes,60,No,0,0
1073,2024-08-14 16:00:00,2024-08,Medicare,Portal,System Access,2038,Benefits Queue,35,717,Resolved,Yes,60,Yes,0,0
1074,2024-08-14 17:00:00,2024-08,Medicare,IVR,Benefits Coverage,2027,Enrollment Queue,82,229,Resolved,Yes,60,No,0,0
1075,2024-08-14 18:00:00,2024-08,Medicaid,Phone,Provider Inquiry,2038,Claims Queue,125,322,Resolved,Yes,90,No,0,0
1076,2024-08-14 19:00:00,2024-08,Medicare,Phone,Prior Authorization,2058,Benefits Queue,194,180,Resolved,Yes,30,No,0,0
1077,2024-08-14 20:00:00,2024-08,Medicare,Phone,System Access,2051,Benefits Queue,146,677,Resolved,Yes,60,No,0,0
1078,2024-08-14 21:00:00,2024-08,Medicare,Phone,Billing,2002,Benefits Queue,19,182,Resolved,Yes,30,Yes,0,0
1079,2024-08-14 22:00:00,2024-08,Medicare,IVR,Claims Status,2024,Benefits Queue,60,221,Escalated,Yes,90,Yes,1,0
1080,2024-08-14 23:00:00,2024-08,Medicaid,Phone,Claims Status,2011,Claims Queue,38,217,Resolved,Yes,90,Yes,0,0
1081,2024-08-15 00:00:00,2024-08,Medicaid,Phone,Enrollment,2022,Enrollment Queue,93,435,Resolved,Yes,90,No,0,0
1082,2024-08-15 01:00:00,2024-08,Medicare,IVR,Claims Status,2033,Claims Queue,52,314,Resolved,Yes,30,No,0,0
1083,2024-08-15 02:00:00,2024-08,Medicaid,Phone,Claims Status,2002,Benefits Queue,92,601,Resolved,Yes,90,No,0,0
1084,2024-08-15 03:00:00,2024-08,Commercial,Phone,Provider Inquiry,2009,Benefits Queue,67,225,Resolved,Yes,60,No,0,0
1085,2024-08-15 04:00:00,2024-08,Medicare,Phone,Billing,2041,Benefits Queue,61,331,Resolved,Yes,60,No,0,0
1086,2024-08-15 05:00:00,2024-08,Medicaid,Phone,Billing,2039,Claims Queue,293,326,Resolved,No,60,No,0,0
1087,2024-08-15 06:00:00,2024-08,Commercial,Phone,Enrollment,2010,Enrollment Queue,63,228,Resolved,Yes,30,No,0,0
1088,2024-08-15 07:00:00,2024-08,Medicaid,IVR,Billing,2018,Enrollment Queue,85,216,Resolved,Yes,30,No,0,0
1089,2024-08-15 08:00:00,2024-08,Medicare,Portal,Benefits Coverage,2049,Claims Queue,148,213,Resolved,Yes,30,No,0,0
1090,2024-08-15 09:00:00,2024-08,Medicare,Portal,Provider Inquiry,2023,Benefits Queue,239,117,Resolved,Yes,90,No,0,0
1091,2024-08-15 10:00:00,2024-08,Commercial,Phone,Claims Status,2024,Enrollment Queue,112,500,Resolved,Yes,30,No,0,0
1092,2024-08-15 11:00:00,2024-08,Medicaid,Phone,Benefits Coverage,2004,Benefits Queue,197,161,Resolved,Yes,30,No,0,0
1093,2024-08-15 12:00:00,2024-08,Commercial,Phone,Provider Inquiry,2022,Claims Queue,26,466,Resolved,Yes,30,Yes,0,0
1094,2024-08-15 13:00:00,2024-08,Medicare,Phone,Enrollment,2041,Enrollment Queue,10,677,Resolved,Yes,90,Yes,0,0
1095,2024-08-15 14:00:00,2024-08,Medicaid,Portal,System Access,2006,Enrollment Queue,49,352,Escalated,No,30,No,1,0
1096,2024-08-15 15:00:00,2024-08,Medicaid,Phone,Enrollment,2026,Enrollment Queue,67,229,Resolved,Yes,60,No,0,0
1097,2024-08-15 16:00:00,2024-08,Commercial,IVR,Benefits Coverage,2008,Enrollment Queue,135,331,Resolved,Yes,60,No,0,0
1098,2024-08-15 17:00:00,2024-08,Commercial,Portal,Provider Inquiry,2054,Claims Queue,123,240,Abandoned,Yes,90,No,0,1
1099,2024-08-15 18:00:00,2024-08,Medicare,Phone,System Access,2041,Claims Queue,56,482,Resolved,Yes,60,Yes,0,0
1100,2024-08-15 19:00:00,2024-08,Medicaid,IVR,Prior Authorization,2013,Enrollment Queue,80,200,Resolved,Yes,30,No,0,0
1101,2024-08-15 20:00:00,2024-08,Commercial,Phone,Provider Inquiry,2034,Claims Queue,137,313,Resolved,No,60,No,0,0
1102,2024-08-15 21:00:00,2024-08,Medicaid,Phone,Claims Status,2055,Benefits Queue,54,259,Resolved,No,90,Yes,0,0
1103,2024-08-15 22:00:00,2024-08,Medicaid,Phone,Prior Authorization,2051,Benefits Queue,82,294,Abandoned,Yes,30,No,0,1
1104,2024-08-15 23:00:00,2024-08,Medicare,Phone,Provider Inquiry,2016,Claims Queue,154,356,Resolved,Yes,60,No,0,0
1105,2024-08-16 00:00:00,2024-08,Medicare,Phone,Enrollment,2023,Benefits Queue,72,257,Resolved,Yes,60,No,0,0
1106,2024-08-16 01:00:00,2024-08,Medicaid,Portal,Enrollment,2027,Enrollment Queue,115,230,Abandoned,No,90,No,0,1
1107,2024-08-16 02:00:00,2024-08,Medicaid,Phone,Enrollment,2010,Benefits Queue,143,471,Escalated,Yes,30,No,1,0
1108,2024-08-16 03:00:00,2024-08,Medicaid,Phone,Billing,2036,Enrollment Queue,36,416,Resolved,Yes,30,No,0,0
1109,2024-08-16 04:00:00,2024-08,Medicaid,IVR,Billing,2057,Claims Queue,61,360,Resolved,Yes,30,No,0,0
1110,2024-08-16 05:00:00,2024-08,Medicaid,Phone,Claims Status,2002,Benefits Queue,58,198,Escalated,Yes,60,Yes,1,0
1111,2024-08-16 06:00:00,2024-08,Medicaid,Phone,Provider Inquiry,2021,Benefits Queue,118,677,Escalated,No,30,No,1,0
1112,2024-08-16 07:00:00,2024-08,Medicaid,Phone,System Access,2001,Enrollment Queue,49,199,Resolved,Yes,30,No,0,0
1113,2024-08-16 08:00:00,2024-08,Medicaid,Phone,Prior Authorization,2016,Enrollment Queue,118,234,Resolved,Yes,90,No,0,0
1114,2024-08-16 09:00:00,2024-08,Medicaid,Phone,Claims Status,2019,Benefits Queue,204,266,Resolved,No,30,No,0,0
1115,2024-08-16 10:00:00,2024-08,Medicare,Phone,Billing,2036,Claims Queue,183,301,Abandoned,Yes,90,No,0,1
1116,2024-08-16 11:00:00,2024-08,Medicaid,Phone,Provider Inquiry,2049,Enrollment Queue,90,70,Resolved,Yes,60,No,0,0
1117,2024-08-16 12:00:00,2024-08,Medicaid,Phone,Billing,2051,Benefits Queue,102,200,Resolved,No,60,No,0,0
1118,2024-08-16 13:00:00,2024-08,Medicare,Phone,Benefits Coverage,2009,Enrollment Queue,68,409,Abandoned,Yes,60,No,0,1
1119,2024-08-16 14:00:00,2024-08,Medicare,Phone,Provider Inquiry,2029,Benefits Queue,48,200,Abandoned,Yes,30,No,0,1
1120,2024-08-16 15:00:00,2024-08,Medicaid,IVR,Claims Status,2021,Claims Queue,175,461,Resolved,Yes,60,No,0,0
1121,2024-08-16 16:00:00,2024-08,Medicaid,Phone,Benefits Coverage,2023,Benefits Queue,215,334,Resolved,Yes,30,No,0,0
1122,2024-08-16 17:00:00,2024-08,Medicare,Phone,Prior Authorization,2059,Enrollment Queue,163,319,Abandoned,Yes,60,No,0,1
1123,2024-08-16 18:00:00,2024-08,Medicare,Portal,Prior Authorization,2002,Enrollment Queue,132,515,Resolved,Yes,30,No,0,0
1124,2024-08-16 19:00:00,2024-08,Commercial,Phone,Billing,2025,Enrollment Queue,243,281,Escalated,Yes,30,No,1,0
1125,2024-08-16 20:00:00,2024-08,Medicare,Phone,Provider Inquiry,2021,Enrollment Queue,34,869,Resolved,No,60,Yes,0,0
1126,2024-08-16 21:00:00,2024-08,Medicare,Phone,Claims Status,2038,Enrollment Queue,136,176,Resolved,Yes,60,No,0,0
1127,2024-08-16 22:00:00,2024-08,Medicaid,Phone,Benefits Coverage,2045,Benefits Queue,68,157,Resolved,Yes,60,No,0,0
1128,2024-08-16 23:00:00,2024-08,Medicaid,Portal,Prior Authorization,2044,Enrollment Queue,161,379,Resolved,Yes,90,No,0,0
1129,2024-08-17 00:00:00,2024-08,Medicaid,Phone,System Access,2050,Claims Queue,50,217,Abandoned,Yes,30,No,0,1
1130,2024-08-17 01:00:00,2024-08,Commercial,IVR,Benefits Coverage,2016,Enrollment Queue,164,664,Escalated,Yes,60,No,1,0
1131,2024-08-17 02:00:00,2024-08,Medicare,Phone,Enrollment,2030,Enrollment Queue,41,93,Resolved,Yes,90,Yes,0,0
1132,2024-08-17 03:00:00,2024-08,Medicaid,IVR,Benefits Coverage,2021,Claims Queue,79,514,Escalated,No,60,No,1,0
1133,2024-08-17 04:00:00,2024-08,Medicaid,Phone,Prior Authorization,2040,Enrollment Queue,224,220,Resolved,Yes,90,No,0,0
1134,2024-08-17 05:00:00,2024-08,Medicaid,Phone,Prior Authorization,2018,Benefits Queue,69,318,Resolved,No,60,No,0,0
1135,2024-08-17 06:00:00,2024-08,Medicare,Phone,Claims Status,2031,Enrollment Queue,52,243,Abandoned,No,30,No,0,1
1136,2024-08-17 07:00:00,2024-08,Medicaid,Portal,Enrollment,2043,Benefits Queue,27,91,Resolved,No,60,Yes,0,0
1137,2024-08-17 08:00:00,2024-08,Medicaid,Phone,Billing,2013,Benefits Queue,42,264,Resolved,Yes,60,Yes,0,0
1138,2024-08-17 09:00:00,2024-08,Medicaid,Phone,Claims Status,2021,Enrollment Queue,115,375,Resolved,No,60,No,0,0
1139,2024-08-17 10:00:00,2024-08,Medicaid,Phone,System Access,2026,Benefits Queue,39,643,Escalated,Yes,60,Yes,1,0
1140,2024-08-17 11:00:00,2024-08,Medicare,Phone,Enrollment,2059,Benefits Queue,222,211,Resolved,Yes,60,No,0,0
1141,2024-08-17 12:00:00,2024-08,Medicare,Phone,Provider Inquiry,2013,Enrollment Queue,68,323,Resolved,Yes,60,No,0,0
1142,2024-08-17 13:00:00,2024-08,Medicare,Phone,Prior Authorization,2042,Benefits Queue,92,89,Resolved,No,60,No,0,0
1143,2024-08-17 14:00:00,2024-08,Commercial,IVR,Provider Inquiry,2048,Enrollment Queue,127,711,Resolved,Yes,60,No,0,0
1144,2024-08-17 15:00:00,2024-08,Commercial,Phone,System Access,2020,Claims Queue,49,183,Resolved,Yes,60,Yes,0,0
1145,2024-08-17 16:00:00,2024-08,Medicaid,Phone,System Access,2024,Benefits Queue,27,261,Escalated,Yes,30,Yes,1,0
1146,2024-08-17 17:00:00,2024-08,Medicaid,Phone,Prior Authorization,2021,Claims Queue,5,453,Resolved,Yes,30,Yes,0,0
1147,2024-08-17 18:00:00,2024-08,Medicaid,Portal,Provider Inquiry,2038,Benefits Queue,42,151,Escalated,Yes,60,Yes,1,0
1148,2024-08-17 19:00:00,2024-08,Medicaid,Phone,Billing,2027,Claims Queue,137,616,Resolved,Yes,60,No,0,0
1149,2024-08-17 20:00:00,2024-08,Medicare,IVR,Benefits Coverage,2012,Claims Queue,70,315,Escalated,Yes,60,No,1,0
1150,2024-08-17 21:00:00,2024-08,Medicare,IVR,Provider Inquiry,2059,Enrollment Queue,93,714,Escalated,Yes,30,No,1,0
1151,2024-08-17 22:00:00,2024-08,Medicaid,Phone,Billing,2021,Claims Queue,131,536,Resolved,Yes,60,No,0,0
1152,2024-08-17 23:00:00,2024-08,Commercial,Phone,Prior Authorization,2051,Claims Queue,117,202,Resolved,Yes,90,No,0,0
1153,2024-08-18 00:00:00,2024-08,Medicare,Portal,Enrollment,2050,Enrollment Queue,85,491,Resolved,No,60,No,0,0
1154,2024-08-18 01:00:00,2024-08,Medicaid,Phone,Benefits Coverage,2028,Claims Queue,48,533,Abandoned,Yes,90,Yes,0,1
1155,2024-08-18 02:00:00,2024-08,Medicare,Phone,Benefits Coverage,2040,Benefits Queue,109,486,Resolved,No,60,No,0,0
1156,2024-08-18 03:00:00,2024-08,Medicare,Phone,Prior Authorization,2020,Enrollment Queue,81,318,Resolved,Yes,30,No,0,0
1157,2024-08-18 04:00:00,2024-08,Medicare,Phone,System Access,2021,Benefits Queue,25,366,Resolved,Yes,90,Yes,0,0
1158,2024-08-18 05:00:00,2024-08,Commercial,Phone,Billing,2015,Benefits Queue,156,480,Resolved,Yes,60,No,0,0
1159,2024-08-18 06:00:00,2024-08,Commercial,Phone,System Access,2043,Claims Queue,75,292,Abandoned,Yes,30,No,0,1
1160,2024-08-18 07:00:00,2024-08,Medicaid,Phone,System Access,2053,Enrollment Queue,104,334,Resolved,Yes,30,No,0,0
1161,2024-08-18 08:00:00,2024-08,Medicaid,IVR,Prior Authorization,2040,Enrollment Queue,65,74,Resolved,Yes,30,No,0,0
1162,2024-08-18 09:00:00,2024-08,Medicaid,IVR,Enrollment,2034,Claims Queue,274,268,Resolved,Yes,30,No,0,0
1163,2024-08-18 10:00:00,2024-08,Medicaid,IVR,Prior Authorization,2026,Benefits Queue,127,1037,Abandoned,Yes,30,No,0,1
1164,2024-08-18 11:00:00,2024-08,Medicaid,Portal,Benefits Coverage,2041,Benefits Queue,63,459,Escalated,No,60,No,1,0
1165,2024-08-18 12:00:00,2024-08,Medicaid,Phone,Prior Authorization,2059,Benefits Queue,64,155,Resolved,Yes,60,No,0,0
1166,2024-08-18 13:00:00,2024-08,Commercial,IVR,Billing,2003,Claims Queue,50,73,Resolved,Yes,60,Yes,0,0
1167,2024-08-18 14:00:00,2024-08,Medicaid,Phone,Prior Authorization,2005,Claims Queue,52,440,Escalated,Yes,60,Yes,1,0
1168,2024-08-18 15:00:00,2024-08,Medicaid,Phone,Claims Status,2044,Enrollment Queue,46,238,Resolved,Yes,90,Yes,0,0
1169,2024-08-18 16:00:00,2024-08,Medicare,Phone,Prior Authorization,2008,Benefits Queue,219,464,Resolved,Yes,30,No,0,0
1170,2024-08-18 17:00:00,2024-08,Medicare,Phone,Prior Authorization,2001,Enrollment Queue,125,371,Resolved,Yes,30,No,0,0
1171,2024-08-18 18:00:00,2024-08,Medicaid,Phone,Enrollment,2055,Benefits Queue,84,333,Resolved,No,30,No,0,0
1172,2024-08-18 19:00:00,2024-08,Commercial,Phone,Billing,2036,Benefits Queue,200,151,Resolved,Yes,60,No,0,0
1173,2024-08-18 20:00:00,2024-08,Medicaid,Phone,Benefits Coverage,2001,Claims Queue,50,254,Resolved,Yes,60,Yes,0,0
1174,2024-08-18 21:00:00,2024-08,Medicaid,Phone,Benefits Coverage,2006,Benefits Queue,144,328,Resolved,Yes,30,No,0,0
1175,2024-08-18 22:00:00,2024-08,Medicare,Phone,Claims Status,2050,Claims Queue,91,334,Resolved,No,30,No,0,0
1176,2024-08-18 23:00:00,2024-08,Medicaid,Phone,Provider Inquiry,2058,Benefits Queue,108,438,Resolved,Yes,60,No,0,0
1177,2024-08-19 00:00:00,2024-08,Medicare,Phone,Claims Status,2017,Enrollment Queue,73,311,Resolved,Yes,60,No,0,0
1178,2024-08-19 01:00:00,2024-08,Commercial,Phone,Benefits Coverage,2015,Benefits Queue,60,219,Resolved,Yes,60,Yes,0,0
1179,2024-08-19 02:00:00,2024-08,Commercial,Phone,Provider Inquiry,2053,Enrollment Queue,38,240,Resolved,Yes,30,No,0,0
1180,2024-08-19 03:00:00,2024-08,Commercial,Portal,Provider Inquiry,2010,Enrollment Queue,115,177,Resolved,Yes,60,No,0,0
1181,2024-08-19 04:00:00,2024-08,Medicaid,Phone,Benefits Coverage,2016,Benefits Queue,105,965,Escalated,Yes,30,No,1,0
1182,2024-08-19 05:00:00,2024-08,Medicaid,Portal,Prior Authorization,2036,Enrollment Queue,101,206,Resolved,Yes,60,No,0,0
1183,2024-08-19 06:00:00,2024-08,Commercial,Phone,Benefits Coverage,2019,Claims Queue,42,382,Resolved,Yes,60,Yes,0,0
1184,2024-08-19 07:00:00,2024-08,Commercial,Phone,Benefits Coverage,2005,Benefits Queue,103,130,Abandoned,Yes,60,No,0,1
1185,2024-08-19 08:00:00,2024-08,Medicare,Phone,Benefits Coverage,2016,Benefits Queue,84,183,Resolved,Yes,30,No,0,0
1186,2024-08-19 09:00:00,2024-08,Medicare,IVR,Claims Status,2013,Claims Queue,202,219,Resolved,Yes,90,No,0,0
1187,2024-08-19 10:00:00,2024-08,Medicaid,Phone,Claims Status,2046,Enrollment Queue,43,296,Resolved,Yes,30,No,0,0
1188,2024-08-19 11:00:00,2024-08,Medicaid,Phone,Prior Authorization,2036,Benefits Queue,141,277,Resolved,Yes,60,No,0,0
1189,2024-08-19 12:00:00,2024-08,Medicaid,Phone,Enrollment,2016,Benefits Queue,129,147,Resolved,Yes,30,No,0,0
1190,2024-08-19 13:00:00,2024-08,Commercial,Phone,Enrollment,2040,Benefits Queue,79,214,Resolved,No,90,Yes,0,0
1191,2024-08-19 14:00:00,2024-08,Medicaid,Phone,System Access,2003,Benefits Queue,24,136,Resolved,Yes,60,Yes,0,0
1192,2024-08-19 15:00:00,2024-08,Commercial,IVR,Claims Status,2035,Enrollment Queue,50,205,Resolved,No,90,Yes,0,0
1193,2024-08-19 16:00:00,2024-08,Medicaid,Phone,Prior Authorization,2042,Enrollment Queue,131,349,Resolved,No,30,No,0,0
1194,2024-08-19 17:00:00,2024-08,Medicare,IVR,System Access,2029,Benefits Queue,110,91,Resolved,Yes,30,No,0,0
1195,2024-08-19 18:00:00,2024-08,Medicare,Phone,Claims Status,2049,Enrollment Queue,43,704,Resolved,Yes,90,Yes,0,0
1196,2024-08-19 19:00:00,2024-08,Medicaid,Phone,Prior Authorization,2034,Claims Queue,93,189,Resolved,No,60,No,0,0
1197,2024-08-19 20:00:00,2024-08,Medicare,Portal,System Access,2051,Enrollment Queue,311,139,Resolved,No,90,No,0,0
1198,2024-08-19 21:00:00,2024-08,Medicare,Phone,Prior Authorization,2031,Benefits Queue,81,323,Resolved,Yes,60,No,0,0
1199,2024-08-19 22:00:00,2024-08,Medicare,IVR,Provider Inquiry,2005,Enrollment Queue,117,231,Resolved,Yes,30,No,0,0
1200,2024-08-19 23:00:00,2024-08,Medicare,Phone,Benefits Coverage,2009,Enrollment Queue,34,432,Abandoned,Yes,90,Yes,0,1
1201,2024-08-20 00:00:00,2024-08,Medicare,Phone,Enrollment,2029,Claims Queue,74,147,Resolved,Yes,60,No,0,0
1202,2024-08-20 01:00:00,2024-08,Medicare,IVR,System Access,2035,Claims Queue,173,231,Resolved,Yes,60,No,0,0
1203,2024-08-20 02:00:00,2024-08,Medicaid,Phone,System Access,2034,Claims Queue,54,199,Resolved,No,60,Yes,0,0
1204,2024-08-20 03:00:00,2024-08,Commercial,Phone,System Access,2009,Enrollment Queue,87,194,Abandoned,Yes,60,No,0,1
1205,2024-08-20 04:00:00,2024-08,Medicare,Portal,Claims Status,2037,Enrollment Queue,85,204,Resolved,Yes,60,No,0,0
1206,2024-08-20 05:00:00,2024-08,Medicaid,Phone,Claims Status,2058,Enrollment Queue,40,589,Resolved,Yes,60,Yes,0,0
1207,2024-08-20 06:00:00,2024-08,Commercial,Phone,Claims Status,2030,Benefits Queue,97,611,Resolved,Yes,30,No,0,0
1208,2024-08-20 07:00:00,2024-08,Medicaid,IVR,Billing,2041,Claims Queue,61,298,Resolved,No,90,Yes,0,0
1209,2024-08-20 08:00:00,2024-08,Medicaid,Phone,Billing,2038,Claims Queue,117,165,Resolved,Yes,90,No,0,0
1210,2024-08-20 09:00:00,2024-08,Medicare,Phone,Prior Authorization,2056,Benefits Queue,74,579,Resolved,No,30,No,0,0
1211,2024-08-20 10:00:00,2024-08,Medicare,Phone,Billing,2045,Benefits Queue,63,495,Abandoned,Yes,30,No,0,1
1212,2024-08-20 11:00:00,2024-08,Medicaid,IVR,Prior Authorization,2017,Claims Queue,255,807,Resolved,Yes,30,No,0,0
1213,2024-08-20 12:00:00,2024-08,Medicaid,Phone,Provider Inquiry,2032,Claims Queue,93,234,Resolved,Yes,60,No,0,0
1214,2024-08-20 13:00:00,2024-08,Medicare,Phone,Provider Inquiry,2013,Benefits Queue,59,363,Resolved,Yes,30,No,0,0
1215,2024-08-20 14:00:00,2024-08,Medicare,IVR,Benefits Coverage,2043,Enrollment Queue,403,348,Resolved,Yes,30,No,0,0
1216,2024-08-20 15:00:00,2024-08,Medicare,Phone,Benefits Coverage,2026,Enrollment Queue,113,409,Abandoned,Yes,30,No,0,1
1217,2024-08-20 16:00:00,2024-08,Medicaid,Phone,Prior Authorization,2047,Enrollment Queue,65,169,Resolved,Yes,60,No,0,0
1218,2024-08-20 17:00:00,2024-08,Commercial,Portal,Claims Status,2001,Enrollment Queue,49,399,Resolved,Yes,30,No,0,0
1219,2024-08-20 18:00:00,2024-08,Medicare,Phone,Benefits Coverage,2043,Claims Queue,24,229,Resolved,Yes,60,Yes,0,0
1220,2024-08-20 19:00:00,2024-08,Commercial,IVR,Provider Inquiry,2050,Benefits Queue,106,500,Escalated,Yes,60,No,1,0
1221,2024-08-20 20:00:00,2024-08,Medicare,Phone,Provider Inquiry,2054,Claims Queue,111,453,Resolved,No,30,No,0,0
1222,2024-08-20 21:00:00,2024-08,Medicare,Portal,Provider Inquiry,2051,Benefits Queue,38,237,Escalated,Yes,90,Yes,1,0
1223,2024-08-20 22:00:00,2024-08,Medicare,Phone,Claims Status,2047,Claims Queue,216,256,Escalated,Yes,60,No,1,0
1224,2024-08-20 23:00:00,2024-08,Commercial,Phone,Billing,2048,Enrollment Queue,67,439,Abandoned,No,30,No,0,1
1225,2024-08-21 00:00:00,2024-08,Medicaid,Phone,Billing,2050,Enrollment Queue,75,342,Resolved,No,90,Yes,0,0
1226,2024-08-21 01:00:00,2024-08,Medicare,Phone,Billing,2043,Benefits Queue,131,313,Escalated,Yes,60,No,1,0
1227,2024-08-21 02:00:00,2024-08,Medicare,Phone,Benefits Coverage,2004,Benefits Queue,98,155,Resolved,Yes,30,No,0,0
1228,2024-08-21 03:00:00,2024-08,Medicare,Portal,Provider Inquiry,2011,Enrollment Queue,62,213,Resolved,Yes,90,Yes,0,0
1229,2024-08-21 04:00:00,2024-08,Medicaid,IVR,System Access,2043,Claims Queue,27,855,Abandoned,Yes,30,Yes,0,1
1230,2024-08-21 05:00:00,2024-08,Medicaid,Phone,Prior Authorization,2007,Enrollment Queue,84,322,Resolved,Yes,90,Yes,0,0
1231,2024-08-21 06:00:00,2024-08,Commercial,IVR,Billing,2025,Enrollment Queue,64,435,Resolved,Yes,90,Yes,0,0
1232,2024-08-21 07:00:00,2024-08,Medicare,Phone,Prior Authorization,2031,Enrollment Queue,75,304,Resolved,Yes,60,No,0,0
1233,2024-08-21 08:00:00,2024-08,Medicaid,Phone,System Access,2051,Benefits Queue,38,368,Escalated,Yes,90,Yes,1,0
1234,2024-08-21 09:00:00,2024-08,Medicare,Phone,System Access,2047,Claims Queue,130,461,Abandoned,No,30,No,0,1
1235,2024-08-21 10:00:00,2024-08,Commercial,Phone,Claims Status,2053,Benefits Queue,191,189,Resolved,Yes,30,No,0,0
1236,2024-08-21 11:00:00,2024-08,Commercial,Phone,Prior Authorization,2044,Enrollment Queue,73,315,Resolved,Yes,60,No,0,0
1237,2024-08-21 12:00:00,2024-08,Medicare,Phone,Benefits Coverage,2035,Claims Queue,221,329,Resolved,Yes,90,No,0,0
1238,2024-08-21 13:00:00,2024-08,Medicaid,Phone,Benefits Coverage,2030,Claims Queue,168,264,Resolved,No,60,No,0,0
1239,2024-08-21 14:00:00,2024-08,Medicaid,Portal,Prior Authorization,2012,Claims Queue,256,111,Resolved,Yes,90,No,0,0
1240,2024-08-21 15:00:00,2024-08,Medicaid,Phone,Enrollment,2052,Claims Queue,18,476,Resolved,Yes,30,Yes,0,0
1241,2024-08-21 16:00:00,2024-08,Medicaid,Portal,Claims Status,2005,Claims Queue,40,299,Resolved,Yes,60,Yes,0,0
1242,2024-08-21 17:00:00,2024-08,Medicaid,Phone,Prior Authorization,2016,Claims Queue,299,278,Abandoned,Yes,30,No,0,1
1243,2024-08-21 18:00:00,2024-08,Medicare,IVR,Claims Status,2002,Benefits Queue,46,459,Abandoned,No,90,Yes,0,1
1244,2024-08-21 19:00:00,2024-08,Medicare,Phone,System Access,2044,Claims Queue,133,232,Resolved,Yes,90,No,0,0
1245,2024-08-21 20:00:00,2024-08,Medicaid,Phone,Billing,2047,Benefits Queue,72,261,Resolved,Yes,30,No,0,0
1246,2024-08-21 21:00:00,2024-08,Commercial,Phone,Claims Status,2034,Enrollment Queue,68,96,Escalated,Yes,90,Yes,1,0
1247,2024-08-21 22:00:00,2024-08,Medicaid,Phone,Provider Inquiry,2044,Claims Queue,102,331,Resolved,Yes,60,No,0,0
1248,2024-08-21 23:00:00,2024-08,Medicaid,Phone,System Access,2052,Benefits Queue,61,201,Abandoned,Yes,90,Yes,0,1
1249,2024-08-22 00:00:00,2024-08,Medicare,Phone,System Access,2012,Claims Queue,63,252,Abandoned,No,30,No,0,1
1250,2024-08-22 01:00:00,2024-08,Medicare,Phone,Provider Inquiry,2037,Enrollment Queue,101,202,Resolved,Yes,90,No,0,0
1251,2024-08-22 02:00:00,2024-08,Medicaid,Phone,Enrollment,2036,Benefits Queue,200,100,Resolved,No,60,No,0,0
1252,2024-08-22 03:00:00,2024-08,Commercial,Phone,Benefits Coverage,2046,Claims Queue,113,442,Resolved,No,30,No,0,0
1253,2024-08-22 04:00:00,2024-08,Medicare,IVR,Enrollment,2012,Benefits Queue,45,262,Resolved,No,90,Yes,0,0
1254,2024-08-22 05:00:00,2024-08,Medicare,IVR,Claims Status,2035,Claims Queue,148,355,Escalated,Yes,90,No,1,0
1255,2024-08-22 06:00:00,2024-08,Medicaid,Phone,Provider Inquiry,2016,Claims Queue,98,143,Resolved,No,60,No,0,0
1256,2024-08-22 07:00:00,2024-08,Medicare,Phone,Benefits Coverage,2028,Enrollment Queue,101,251,Resolved,No,60,No,0,0
1257,2024-08-22 08:00:00,2024-08,Medicaid,IVR,Provider Inquiry,2026,Enrollment Queue,120,319,Abandoned,Yes,90,No,0,1
1258,2024-08-22 09:00:00,2024-08,Medicaid,Portal,System Access,2043,Enrollment Queue,69,719,Abandoned,Yes,60,No,0,1
1259,2024-08-22 10:00:00,2024-08,Medicare,Phone,System Access,2053,Enrollment Queue,170,413,Escalated,Yes,90,No,1,0
1260,2024-08-22 11:00:00,2024-08,Medicare,Phone,Claims Status,2058,Benefits Queue,102,194,Escalated,Yes,90,No,1,0
1261,2024-08-22 12:00:00,2024-08,Medicare,Phone,Billing,2047,Claims Queue,101,350,Escalated,Yes,60,No,1,0
1262,2024-08-22 13:00:00,2024-08,Medicaid,Phone,Benefits Coverage,2036,Benefits Queue,94,377,Escalated,Yes,60,No,1,0
1263,2024-08-22 14:00:00,2024-08,Medicaid,Phone,Prior Authorization,2042,Enrollment Queue,179,563,Resolved,Yes,90,No,0,0
1264,2024-08-22 15:00:00,2024-08,Commercial,IVR,Enrollment,2014,Claims Queue,35,176,Resolved,No,60,Yes,0,0
1265,2024-08-22 16:00:00,2024-08,Commercial,Phone,Enrollment,2006,Enrollment Queue,143,245,Resolved,No,30,No,0,0
1266,2024-08-22 17:00:00,2024-08,Commercial,Phone,Benefits Coverage,2023,Enrollment Queue,26,547,Resolved,Yes,30,Yes,0,0
1267,2024-08-22 18:00:00,2024-08,Medicaid,Phone,Benefits Coverage,2058,Claims Queue,71,68,Abandoned,No,30,No,0,1
1268,2024-08-22 19:00:00,2024-08,Medicaid,IVR,System Access,2047,Benefits Queue,94,297,Resolved,Yes,60,No,0,0
1269,2024-08-22 20:00:00,2024-08,Medicaid,Phone,Billing,2010,Claims Queue,43,87,Resolved,No,90,Yes,0,0
1270,2024-08-22 21:00:00,2024-08,Commercial,Phone,Billing,2014,Enrollment Queue,36,313,Resolved,Yes,30,No,0,0
1271,2024-08-22 22:00:00,2024-08,Medicaid,Phone,System Access,2005,Benefits Queue,95,735,Abandoned,Yes,30,No,0,1
1272,2024-08-22 23:00:00,2024-08,Medicaid,Phone,Prior Authorization,2005,Enrollment Queue,56,214,Resolved,Yes,30,No,0,0
1273,2024-08-23 00:00:00,2024-08,Medicaid,IVR,System Access,2054,Benefits Queue,50,159,Resolved,Yes,90,Yes,0,0
1274,2024-08-23 01:00:00,2024-08,Medicare,Phone,Prior Authorization,2019,Claims Queue,164,482,Resolved,Yes,30,No,0,0
1275,2024-08-23 02:00:00,2024-08,Medicare,Phone,Enrollment,2054,Benefits Queue,42,163,Resolved,Yes,30,No,0,0
1276,2024-08-23 03:00:00,2024-08,Commercial,Phone,Billing,2003,Claims Queue,220,317,Escalated,Yes,90,No,1,0
1277,2024-08-23 04:00:00,2024-08,Medicaid,Phone,Enrollment,2034,Benefits Queue,18,454,Resolved,Yes,30,Yes,0,0
1278,2024-08-23 05:00:00,2024-08,Medicaid,Portal,System Access,2055,Benefits Queue,53,322,Resolved,Yes,30,No,0,0
1279,2024-08-23 06:00:00,2024-08,Commercial,Phone,Prior Authorization,2059,Benefits Queue,167,262,Resolved,Yes,90,No,0,0
1280,2024-08-23 07:00:00,2024-08,Medicaid,Phone,System Access,2019,Claims Queue,92,370,Resolved,Yes,30,No,0,0
1281,2024-08-23 08:00:00,2024-08,Medicare,IVR,Claims Status,2047,Benefits Queue,68,81,Escalated,Yes,90,Yes,1,0
1282,2024-08-23 09:00:00,2024-08,Medicare,Phone,System Access,2024,Benefits Queue,130,134,Resolved,No,30,No,0,0
1283,2024-08-23 10:00:00,2024-08,Medicaid,Phone,Claims Status,2011,Benefits Queue,71,222,Resolved,Yes,30,No,0,0
1284,2024-08-23 11:00:00,2024-08,Medicaid,Phone,Claims Status,2054,Claims Queue,106,152,Resolved,Yes,30,No,0,0
1285,2024-08-23 12:00:00,2024-08,Medicare,Phone,Prior Authorization,2041,Claims Queue,68,459,Escalated,Yes,60,No,1,0
1286,2024-08-23 13:00:00,2024-08,Medicaid,IVR,Billing,2046,Enrollment Queue,269,436,Resolved,Yes,90,No,0,0
1287,2024-08-23 14:00:00,2024-08,Commercial,Phone,Prior Authorization,2025,Claims Queue,102,645,Resolved,Yes,30,No,0,0
1288,2024-08-23 15:00:00,2024-08,Medicaid,IVR,Provider Inquiry,2008,Enrollment Queue,93,345,Escalated,Yes,60,No,1,0
1289,2024-08-23 16:00:00,2024-08,Medicaid,Phone,Provider Inquiry,2020,Claims Queue,218,415,Resolved,Yes,30,No,0,0
1290,2024-08-23 17:00:00,2024-08,Medicare,Phone,Prior Authorization,2002,Enrollment Queue,70,456,Escalated,Yes,30,No,1,0
1291,2024-08-23 18:00:00,2024-08,Medicaid,Phone,Provider Inquiry,2050,Claims Queue,61,284,Escalated,Yes,60,No,1,0
1292,2024-08-23 19:00:00,2024-08,Commercial,IVR,Claims Status,2050,Enrollment Queue,102,116,Resolved,No,30,No,0,0
1293,2024-08-23 20:00:00,2024-08,Medicaid,Phone,Provider Inquiry,2021,Enrollment Queue,36,90,Resolved,Yes,60,Yes,0,0
1294,2024-08-23 21:00:00,2024-08,Medicaid,Portal,Billing,2008,Claims Queue,81,335,Resolved,Yes,60,No,0,0
1295,2024-08-23 22:00:00,2024-08,Medicaid,Phone,Billing,2041,Enrollment Queue,57,348,Resolved,No,30,No,0,0
1296,2024-08-23 23:00:00,2024-08,Medicare,Phone,Prior Authorization,2041,Enrollment Queue,61,549,Resolved,No,30,No,0,0
1297,2024-08-24 00:00:00,2024-08,Commercial,Phone,Provider Inquiry,2024,Benefits Queue,88,174,Resolved,Yes,60,No,0,0
1298,2024-08-24 01:00:00,2024-08,Medicaid,Phone,Prior Authorization,2050,Enrollment Queue,97,342,Escalated,Yes,60,No,1,0
1299,2024-08-24 02:00:00,2024-08,Medicaid,Phone,Enrollment,2025,Benefits Queue,93,296,Resolved,Yes,60,No,0,0
1300,2024-08-24 03:00:00,2024-08,Medicare,Phone,Billing,2025,Benefits Queue,196,223,Resolved,No,90,No,0,0
1301,2024-08-24 04:00:00,2024-08,Medicare,Phone,Claims Status,2003,Benefits Queue,220,110,Resolved,Yes,60,No,0,0
1302,2024-08-24 05:00:00,2024-08,Medicare,IVR,Enrollment,2033,Claims Queue,87,392,Resolved,Yes,60,No,0,0
1303,2024-08-24 06:00:00,2024-08,Medicaid,Phone,Enrollment,2020,Benefits Queue,27,575,Resolved,No,60,Yes,0,0
1304,2024-08-24 07:00:00,2024-08,Medicaid,Portal,Prior Authorization,2040,Claims Queue,60,188,Resolved,Yes,60,Yes,0,0
1305,2024-08-24 08:00:00,2024-08,Commercial,Phone,Benefits Coverage,2057,Benefits Queue,23,230,Resolved,No,60,Yes,0,0
1306,2024-08-24 09:00:00,2024-08,Commercial,Phone,Benefits Coverage,2059,Claims Queue,197,291,Escalated,Yes,30,No,1,0
1307,2024-08-24 10:00:00,2024-08,Medicaid,Phone,Benefits Coverage,2019,Benefits Queue,11,277,Resolved,Yes,90,Yes,0,0
1308,2024-08-24 11:00:00,2024-08,Commercial,IVR,Enrollment,2014,Enrollment Queue,154,227,Resolved,Yes,30,No,0,0
1309,2024-08-24 12:00:00,2024-08,Medicaid,Phone,Enrollment,2045,Claims Queue,74,504,Resolved,Yes,30,No,0,0
1310,2024-08-24 13:00:00,2024-08,Commercial,Portal,Benefits Coverage,2028,Claims Queue,65,246,Resolved,Yes,60,No,0,0
1311,2024-08-24 14:00:00,2024-08,Commercial,Portal,Prior Authorization,2043,Claims Queue,11,227,Resolved,Yes,30,Yes,0,0
1312,2024-08-24 15:00:00,2024-08,Medicare,Phone,Prior Authorization,2034,Claims Queue,62,365,Escalated,Yes,60,No,1,0
1313,2024-08-24 16:00:00,2024-08,Medicare,Phone,Benefits Coverage,2020,Enrollment Queue,25,240,Abandoned,No,90,Yes,0,1
1314,2024-08-24 17:00:00,2024-08,Medicaid,Phone,System Access,2005,Benefits Queue,124,326,Resolved,No,90,No,0,0
1315,2024-08-24 18:00:00,2024-08,Commercial,IVR,Prior Authorization,2039,Enrollment Queue,110,598,Escalated,Yes,30,No,1,0
1316,2024-08-24 19:00:00,2024-08,Medicare,Portal,System Access,2024,Enrollment Queue,44,113,Escalated,No,60,Yes,1,0
1317,2024-08-24 20:00:00,2024-08,Medicare,Phone,Provider Inquiry,2041,Benefits Queue,141,328,Resolved,Yes,60,No,0,0
1318,2024-08-24 21:00:00,2024-08,Medicare,IVR,Provider Inquiry,2054,Enrollment Queue,185,1103,Resolved,Yes,30,No,0,0
1319,2024-08-24 22:00:00,2024-08,Medicaid,IVR,System Access,2025,Claims Queue,217,190,Escalated,Yes,30,No,1,0
1320,2024-08-24 23:00:00,2024-08,Commercial,Phone,System Access,2041,Benefits Queue,75,308,Resolved,Yes,30,No,0,0
1321,2024-08-25 00:00:00,2024-08,Medicare,Phone,Provider Inquiry,2041,Benefits Queue,136,524,Resolved,Yes,60,No,0,0
1322,2024-08-25 01:00:00,2024-08,Medicare,Phone,Provider Inquiry,2059,Claims Queue,156,482,Escalated,No,90,No,1,0
1323,2024-08-25 02:00:00,2024-08,Medicaid,Phone,System Access,2042,Benefits Queue,193,484,Resolved,Yes,90,No,0,0
1324,2024-08-25 03:00:00,2024-08,Medicare,Phone,System Access,2049,Benefits Queue,163,439,Resolved,No,30,No,0,0
1325,2024-08-25 04:00:00,2024-08,Medicaid,Phone,System Access,2022,Claims Queue,120,427,Resolved,Yes,30,No,0,0
1326,2024-08-25 05:00:00,2024-08,Medicare,IVR,Claims Status,2024,Benefits Queue,75,544,Resolved,Yes,60,No,0,0
1327,2024-08-25 06:00:00,2024-08,Medicaid,IVR,Enrollment,2041,Enrollment Queue,78,435,Abandoned,Yes,30,No,0,1
1328,2024-08-25 07:00:00,2024-08,Medicaid,Phone,System Access,2051,Claims Queue,47,348,Resolved,Yes,60,Yes,0,0
1329,2024-08-25 08:00:00,2024-08,Medicaid,Phone,Claims Status,2057,Benefits Queue,99,203,Resolved,Yes,30,No,0,0
1330,2024-08-25 09:00:00,2024-08,Medicaid,Phone,System Access,2043,Claims Queue,194,290,Resolved,No,30,No,0,0
1331,2024-08-25 10:00:00,2024-08,Commercial,Phone,Billing,2054,Claims Queue,116,536,Resolved,Yes,60,No,0,0
1332,2024-08-25 11:00:00,2024-08,Medicaid,Phone,Prior Authorization,2001,Enrollment Queue,133,86,Resolved,Yes,90,No,0,0
1333,2024-08-25 12:00:00,2024-08,Medicare,Phone,Prior Authorization,2044,Benefits Queue,193,230,Escalated,No,90,No,1,0
1334,2024-08-25 13:00:00,2024-08,Medicaid,Phone,Prior Authorization,2050,Claims Queue,99,391,Resolved,Yes,90,No,0,0
1335,2024-08-25 14:00:00,2024-08,Medicaid,Phone,Benefits Coverage,2053,Claims Queue,26,353,Resolved,Yes,60,Yes,0,0
1336,2024-08-25 15:00:00,2024-08,Medicaid,Phone,Prior Authorization,2053,Benefits Queue,65,127,Resolved,Yes,60,No,0,0
1337,2024-08-25 16:00:00,2024-08,Medicaid,IVR,Provider Inquiry,2031,Benefits Queue,90,351,Abandoned,Yes,60,No,0,1
1338,2024-08-25 17:00:00,2024-08,Medicare,IVR,Enrollment,2023,Enrollment Queue,214,327,Resolved,Yes,90,No,0,0
1339,2024-08-25 18:00:00,2024-08,Medicaid,Phone,Benefits Coverage,2021,Benefits Queue,63,303,Resolved,Yes,60,No,0,0
1340,2024-08-25 19:00:00,2024-08,Medicaid,Portal,Provider Inquiry,2047,Claims Queue,134,753,Resolved,Yes,30,No,0,0
1341,2024-08-25 20:00:00,2024-08,Medicare,Phone,Benefits Coverage,2022,Benefits Queue,177,90,Abandoned,Yes,30,No,0,1
1342,2024-08-25 21:00:00,2024-08,Medicaid,Phone,System Access,2008,Enrollment Queue,13,144,Resolved,Yes,90,Yes,0,0
1343,2024-08-25 22:00:00,2024-08,Commercial,Phone,Enrollment,2026,Enrollment Queue,82,688,Resolved,Yes,30,No,0,0
1344,2024-08-25 23:00:00,2024-08,Medicaid,Phone,Claims Status,2006,Benefits Queue,140,123,Resolved,Yes,60,No,0,0
1345,2024-08-26 00:00:00,2024-08,Commercial,Phone,Benefits Coverage,2041,Enrollment Queue,211,191,Resolved,Yes,30,No,0,0
1346,2024-08-26 01:00:00,2024-08,Medicaid,Portal,Claims Status,2044,Benefits Queue,29,127,Resolved,Yes,30,Yes,0,0
1347,2024-08-26 02:00:00,2024-08,Commercial,Phone,Billing,2039,Benefits Queue,99,89,Resolved,Yes,90,No,0,0
1348,2024-08-26 03:00:00,2024-08,Medicaid,Phone,System Access,2023,Enrollment Queue,139,369,Resolved,Yes,90,No,0,0
1349,2024-08-26 04:00:00,2024-08,Medicaid,Phone,Billing,2001,Claims Queue,142,386,Resolved,Yes,90,No,0,0
1350,2024-08-26 05:00:00,2024-08,Medicaid,Phone,Provider Inquiry,2021,Benefits Queue,145,402,Resolved,Yes,30,No,0,0
1351,2024-08-26 06:00:00,2024-08,Medicare,IVR,System Access,2018,Benefits Queue,143,196,Resolved,Yes,90,No,0,0
1352,2024-08-26 07:00:00,2024-08,Medicaid,Phone,Claims Status,2024,Enrollment Queue,102,301,Resolved,Yes,60,No,0,0
1353,2024-08-26 08:00:00,2024-08,Medicaid,Portal,Prior Authorization,2054,Enrollment Queue,104,494,Escalated,No,30,No,1,0
1354,2024-08-26 09:00:00,2024-08,Medicare,IVR,Prior Authorization,2001,Benefits Queue,64,342,Resolved,Yes,30,No,0,0
1355,2024-08-26 10:00:00,2024-08,Medicaid,IVR,Claims Status,2054,Benefits Queue,112,324,Resolved,Yes,90,No,0,0
1356,2024-08-26 11:00:00,2024-08,Medicare,Phone,Benefits Coverage,2020,Benefits Queue,174,413,Resolved,Yes,60,No,0,0
1357,2024-08-26 12:00:00,2024-08,Medicaid,Phone,Provider Inquiry,2017,Enrollment Queue,64,165,Escalated,Yes,60,No,1,0
1358,2024-08-26 13:00:00,2024-08,Medicaid,Phone,Claims Status,2013,Claims Queue,83,178,Resolved,No,30,No,0,0
1359,2024-08-26 14:00:00,2024-08,Commercial,Phone,Prior Authorization,2011,Benefits Queue,45,230,Resolved,Yes,60,Yes,0,0
1360,2024-08-26 15:00:00,2024-08,Medicaid,Phone,Prior Authorization,2032,Claims Queue,45,656,Abandoned,Yes,30,No,0,1
1361,2024-08-26 16:00:00,2024-08,Medicaid,IVR,Benefits Coverage,2029,Benefits Queue,51,743,Resolved,Yes,60,Yes,0,0
1362,2024-08-26 17:00:00,2024-08,Medicare,Phone,Benefits Coverage,2029,Benefits Queue,32,192,Resolved,Yes,30,No,0,0
1363,2024-08-26 18:00:00,2024-08,Commercial,Phone,Prior Authorization,2057,Enrollment Queue,124,333,Resolved,No,30,No,0,0
1364,2024-08-26 19:00:00,2024-08,Medicaid,Phone,Claims Status,2056,Benefits Queue,213,600,Resolved,Yes,60,No,0,0
1365,2024-08-26 20:00:00,2024-08,Medicaid,Phone,Billing,2034,Enrollment Queue,46,296,Resolved,Yes,60,Yes,0,0
1366,2024-08-26 21:00:00,2024-08,Commercial,Portal,Benefits Coverage,2003,Benefits Queue,86,183,Abandoned,No,60,No,0,1
1367,2024-08-26 22:00:00,2024-08,Medicaid,Phone,Benefits Coverage,2021,Enrollment Queue,274,212,Resolved,Yes,30,No,0,0
1368,2024-08-26 23:00:00,2024-08,Medicare,IVR,Billing,2015,Benefits Queue,23,237,Resolved,No,30,Yes,0,0
1369,2024-08-27 00:00:00,2024-08,Medicare,Portal,System Access,2008,Benefits Queue,54,635,Resolved,Yes,60,Yes,0,0
1370,2024-08-27 01:00:00,2024-08,Commercial,Phone,System Access,2037,Enrollment Queue,39,215,Resolved,Yes,60,Yes,0,0
1371,2024-08-27 02:00:00,2024-08,Medicaid,Phone,Billing,2007,Claims Queue,200,146,Resolved,Yes,30,No,0,0
1372,2024-08-27 03:00:00,2024-08,Medicare,IVR,Provider Inquiry,2011,Enrollment Queue,51,238,Resolved,Yes,60,Yes,0,0
1373,2024-08-27 04:00:00,2024-08,Medicare,Phone,Prior Authorization,2028,Benefits Queue,342,237,Escalated,Yes,30,No,1,0
1374,2024-08-27 05:00:00,2024-08,Medicaid,Phone,Enrollment,2036,Claims Queue,80,187,Escalated,No,90,Yes,1,0
1375,2024-08-27 06:00:00,2024-08,Medicare,IVR,Claims Status,2026,Benefits Queue,52,270,Escalated,Yes,60,Yes,1,0
1376,2024-08-27 07:00:00,2024-08,Commercial,IVR,Benefits Coverage,2004,Claims Queue,190,383,Escalated,Yes,60,No,1,0
1377,2024-08-27 08:00:00,2024-08,Medicare,Phone,Billing,2033,Claims Queue,73,245,Resolved,Yes,90,Yes,0,0
1378,2024-08-27 09:00:00,2024-08,Medicaid,Phone,Claims Status,2048,Enrollment Queue,184,256,Resolved,Yes,30,No,0,0
1379,2024-08-27 10:00:00,2024-08,Medicaid,Portal,Enrollment,2055,Benefits Queue,268,636,Escalated,Yes,60,No,1,0
1380,2024-08-27 11:00:00,2024-08,Medicare,Phone,Prior Authorization,2053,Enrollment Queue,99,271,Resolved,Yes,90,No,0,0
1381,2024-08-27 12:00:00,2024-08,Medicaid,Phone,Provider Inquiry,2022,Claims Queue,61,215,Escalated,Yes,60,No,1,0
1382,2024-08-27 13:00:00,2024-08,Medicaid,Phone,Provider Inquiry,2055,Claims Queue,56,314,Resolved,No,30,No,0,0
1383,2024-08-27 14:00:00,2024-08,Medicaid,IVR,Prior Authorization,2049,Benefits Queue,230,233,Abandoned,Yes,30,No,0,1
1384,2024-08-27 15:00:00,2024-08,Medicaid,Phone,Provider Inquiry,2015,Benefits Queue,44,361,Resolved,Yes,90,Yes,0,0
1385,2024-08-27 16:00:00,2024-08,Medicaid,Phone,Benefits Coverage,2033,Enrollment Queue,38,296,Resolved,Yes,90,Yes,0,0
1386,2024-08-27 17:00:00,2024-08,Medicaid,IVR,Prior Authorization,2008,Benefits Queue,139,170,Resolved,No,30,No,0,0
1387,2024-08-27 18:00:00,2024-08,Medicare,Phone,Prior Authorization,2005,Claims Queue,227,343,Resolved,No,60,No,0,0
1388,2024-08-27 19:00:00,2024-08,Medicaid,Phone,Prior Authorization,2022,Claims Queue,185,256,Resolved,Yes,30,No,0,0
1389,2024-08-27 20:00:00,2024-08,Medicaid,Phone,Enrollment,2039,Claims Queue,79,183,Resolved,No,60,No,0,0
1390,2024-08-27 21:00:00,2024-08,Medicaid,Portal,Prior Authorization,2033,Enrollment Queue,108,251,Escalated,Yes,30,No,1,0
1391,2024-08-27 22:00:00,2024-08,Commercial,Phone,Claims Status,2054,Enrollment Queue,31,347,Escalated,Yes,90,Yes,1,0
1392,2024-08-27 23:00:00,2024-08,Medicaid,IVR,System Access,2017,Benefits Queue,33,198,Escalated,Yes,60,Yes,1,0
1393,2024-08-28 00:00:00,2024-08,Medicare,Phone,Prior Authorization,2059,Enrollment Queue,146,75,Abandoned,No,30,No,0,1
1394,2024-08-28 01:00:00,2024-08,Commercial,Phone,Prior Authorization,2001,Enrollment Queue,248,456,Abandoned,Yes,30,No,0,1
1395,2024-08-28 02:00:00,2024-08,Commercial,Phone,Prior Authorization,2015,Enrollment Queue,30,319,Abandoned,Yes,30,Yes,0,1
1396,2024-08-28 03:00:00,2024-08,Medicare,Portal,Claims Status,2039,Benefits Queue,65,278,Resolved,Yes,60,No,0,0
1397,2024-08-28 04:00:00,2024-08,Medicare,Phone,Claims Status,2043,Claims Queue,35,138,Escalated,Yes,30,No,1,0
1398,2024-08-28 05:00:00,2024-08,Medicare,IVR,Prior Authorization,2050,Claims Queue,104,557,Escalated,No,30,No,1,0
1399,2024-08-28 06:00:00,2024-08,Medicaid,Phone,Prior Authorization,2037,Enrollment Queue,116,225,Escalated,No,30,No,1,0
1400,2024-08-28 07:00:00,2024-08,Medicaid,Phone,Provider Inquiry,2032,Benefits Queue,73,417,Resolved,No,60,No,0,0
1401,2024-08-28 08:00:00,2024-08,Medicaid,Portal,Provider Inquiry,2059,Claims Queue,84,177,Escalated,No,60,No,1,0
1402,2024-08-28 09:00:00,2024-08,Medicaid,Phone,Prior Authorization,2005,Benefits Queue,110,376,Resolved,Yes,90,No,0,0
1403,2024-08-28 10:00:00,2024-08,Medicare,Phone,Provider Inquiry,2043,Benefits Queue,56,270,Abandoned,Yes,60,Yes,0,1
1404,2024-08-28 11:00:00,2024-08,Medicare,Phone,Enrollment,2024,Benefits Queue,97,414,Resolved,No,30,No,0,0
1405,2024-08-28 12:00:00,2024-08,Medicaid,Phone,Provider Inquiry,2013,Enrollment Queue,55,109,Resolved,No,30,No,0,0
1406,2024-08-28 13:00:00,2024-08,Commercial,Phone,Enrollment,2015,Benefits Queue,16,434,Resolved,No,60,Yes,0,0
1407,2024-08-28 14:00:00,2024-08,Medicaid,IVR,System Access,2037,Benefits Queue,228,714,Escalated,Yes,30,No,1,0
1408,2024-08-28 15:00:00,2024-08,Medicare,Phone,Enrollment,2007,Benefits Queue,256,209,Resolved,No,30,No,0,0
1409,2024-08-28 16:00:00,2024-08,Medicaid,Portal,Provider Inquiry,2016,Benefits Queue,71,469,Resolved,Yes,60,No,0,0
1410,2024-08-28 17:00:00,2024-08,Commercial,IVR,Claims Status,2005,Claims Queue,112,1042,Resolved,Yes,60,No,0,0
1411,2024-08-28 18:00:00,2024-08,Medicaid,Portal,Provider Inquiry,2052,Claims Queue,27,160,Resolved,Yes,30,Yes,0,0
1412,2024-08-28 19:00:00,2024-08,Medicaid,Phone,Prior Authorization,2012,Benefits Queue,73,221,Resolved,Yes,60,No,0,0
1413,2024-08-28 20:00:00,2024-08,Medicare,IVR,Provider Inquiry,2020,Enrollment Queue,75,196,Resolved,No,30,No,0,0
1414,2024-08-28 21:00:00,2024-08,Medicare,IVR,Benefits Coverage,2004,Claims Queue,141,291,Resolved,Yes,60,No,0,0
1415,2024-08-28 22:00:00,2024-08,Medicare,Portal,System Access,2016,Benefits Queue,104,294,Resolved,Yes,30,No,0,0
1416,2024-08-28 23:00:00,2024-08,Commercial,Phone,Enrollment,2011,Enrollment Queue,110,444,Resolved,Yes,30,No,0,0
1417,2024-08-29 00:00:00,2024-08,Medicaid,Phone,System Access,2007,Claims Queue,53,186,Abandoned,Yes,60,Yes,0,1
1418,2024-08-29 01:00:00,2024-08,Medicare,Phone,Benefits Coverage,2035,Enrollment Queue,53,576,Resolved,Yes,60,Yes,0,0
1419,2024-08-29 02:00:00,2024-08,Medicaid,Phone,Benefits Coverage,2016,Claims Queue,83,336,Resolved,No,60,No,0,0
1420,2024-08-29 03:00:00,2024-08,Commercial,Phone,Benefits Coverage,2019,Benefits Queue,119,503,Resolved,Yes,60,No,0,0
1421,2024-08-29 04:00:00,2024-08,Medicare,Phone,Billing,2015,Benefits Queue,114,452,Resolved,Yes,30,No,0,0
1422,2024-08-29 05:00:00,2024-08,Commercial,Phone,Benefits Coverage,2043,Claims Queue,26,219,Resolved,Yes,60,Yes,0,0
1423,2024-08-29 06:00:00,2024-08,Commercial,Phone,Claims Status,2055,Enrollment Queue,95,725,Resolved,Yes,30,No,0,0
1424,2024-08-29 07:00:00,2024-08,Medicare,IVR,Benefits Coverage,2039,Benefits Queue,67,336,Resolved,Yes,60,No,0,0
1425,2024-08-29 08:00:00,2024-08,Medicaid,Phone,Claims Status,2053,Benefits Queue,8,504,Resolved,Yes,90,Yes,0,0
1426,2024-08-29 09:00:00,2024-08,Medicare,Portal,Benefits Coverage,2019,Claims Queue,74,190,Resolved,Yes,60,No,0,0
1427,2024-08-29 10:00:00,2024-08,Medicare,Phone,Enrollment,2014,Enrollment Queue,101,313,Resolved,Yes,30,No,0,0
1428,2024-08-29 11:00:00,2024-08,Medicare,Phone,System Access,2026,Enrollment Queue,101,344,Resolved,Yes,60,No,0,0
1429,2024-08-29 12:00:00,2024-08,Commercial,Phone,Billing,2013,Claims Queue,103,660,Resolved,Yes,90,No,0,0
1430,2024-08-29 13:00:00,2024-08,Medicaid,Phone,Enrollment,2011,Claims Queue,58,239,Escalated,Yes,90,Yes,1,0
1431,2024-08-29 14:00:00,2024-08,Medicaid,Phone,Benefits Coverage,2045,Enrollment Queue,231,276,Resolved,Yes,60,No,0,0
1432,2024-08-29 15:00:00,2024-08,Medicare,Phone,Benefits Coverage,2028,Enrollment Queue,82,278,Resolved,Yes,60,No,0,0
1433,2024-08-29 16:00:00,2024-08,Medicaid,Phone,Claims Status,2040,Enrollment Queue,151,360,Resolved,Yes,90,No,0,0
1434,2024-08-29 17:00:00,2024-08,Medicare,Phone,Provider Inquiry,2008,Claims Queue,46,991,Resolved,Yes,30,No,0,0
1435,2024-08-29 18:00:00,2024-08,Medicaid,Phone,System Access,2038,Enrollment Queue,223,307,Resolved,No,60,No,0,0
1436,2024-08-29 19:00:00,2024-08,Medicaid,Phone,Enrollment,2017,Claims Queue,30,443,Escalated,Yes,60,Yes,1,0
1437,2024-08-29 20:00:00,2024-08,Medicare,Phone,Enrollment,2030,Enrollment Queue,52,418,Resolved,No,60,Yes,0,0
1438,2024-08-29 21:00:00,2024-08,Medicaid,IVR,Prior Authorization,2040,Benefits Queue,154,113,Resolved,No,90,No,0,0
1439,2024-08-29 22:00:00,2024-08,Medicaid,Phone,System Access,2020,Benefits Queue,34,551,Resolved,Yes,60,Yes,0,0
1440,2024-08-29 23:00:00,2024-08,Medicaid,Phone,Provider Inquiry,2007,Benefits Queue,39,212,Resolved,Yes,30,No,0,0
1441,2024-08-30 00:00:00,2024-08,Commercial,Phone,Claims Status,2041,Benefits Queue,102,92,Resolved,Yes,30,No,0,0
1442,2024-08-30 01:00:00,2024-08,Medicare,Phone,Benefits Coverage,2032,Enrollment Queue,136,634,Abandoned,Yes,60,No,0,1
1443,2024-08-30 02:00:00,2024-08,Medicare,IVR,Prior Authorization,2039,Claims Queue,86,369,Escalated,Yes,30,No,1,0
1444,2024-08-30 03:00:00,2024-08,Medicare,Phone,Prior Authorization,2056,Enrollment Queue,126,141,Resolved,Yes,30,No,0,0
1445,2024-08-30 04:00:00,2024-08,Commercial,Phone,System Access,2008,Benefits Queue,166,603,Escalated,Yes,30,No,1,0
1446,2024-08-30 05:00:00,2024-08,Medicaid,Phone,Enrollment,2026,Benefits Queue,25,402,Resolved,Yes,60,Yes,0,0
1447,2024-08-30 06:00:00,2024-08,Medicare,Portal,Provider Inquiry,2019,Enrollment Queue,73,222,Abandoned,No,60,No,0,1
1448,2024-08-30 07:00:00,2024-08,Medicaid,IVR,Claims Status,2046,Benefits Queue,37,230,Resolved,Yes,30,No,0,0
1449,2024-08-30 08:00:00,2024-08,Medicare,Phone,Provider Inquiry,2002,Enrollment Queue,79,506,Resolved,Yes,60,No,0,0
1450,2024-08-30 09:00:00,2024-08,Medicaid,Phone,Enrollment,2055,Claims Queue,96,108,Resolved,Yes,30,No,0,0
1451,2024-08-30 10:00:00,2024-08,Medicaid,Phone,Enrollment,2049,Enrollment Queue,44,99,Abandoned,Yes,30,No,0,1
1452,2024-08-30 11:00:00,2024-08,Commercial,Phone,System Access,2036,Enrollment Queue,156,517,Resolved,Yes,30,No,0,0
1453,2024-08-30 12:00:00,2024-08,Medicaid,IVR,Provider Inquiry,2005,Claims Queue,35,335,Resolved,No,30,No,0,0
1454,2024-08-30 13:00:00,2024-08,Commercial,IVR,Provider Inquiry,2025,Claims Queue,121,277,Resolved,Yes,90,No,0,0
1455,2024-08-30 14:00:00,2024-08,Medicare,Phone,Prior Authorization,2018,Enrollment Queue,71,276,Resolved,Yes,30,No,0,0
1456,2024-08-30 15:00:00,2024-08,Medicare,IVR,Benefits Coverage,2016,Benefits Queue,25,138,Abandoned,Yes,30,Yes,0,1
1457,2024-08-30 16:00:00,2024-08,Medicare,IVR,Provider Inquiry,2013,Benefits Queue,135,367,Resolved,Yes,30,No,0,0
1458,2024-08-30 17:00:00,2024-08,Commercial,Phone,Claims Status,2013,Benefits Queue,142,684,Resolved,Yes,30,No,0,0
1459,2024-08-30 18:00:00,2024-08,Medicaid,Portal,Claims Status,2054,Enrollment Queue,110,93,Resolved,Yes,30,No,0,0
1460,2024-08-30 19:00:00,2024-08,Commercial,Phone,Prior Authorization,2048,Benefits Queue,15,718,Resolved,No,90,Yes,0,0
1461,2024-08-30 20:00:00,2024-08,Medicaid,Phone,Provider Inquiry,2035,Enrollment Queue,19,304,Resolved,Yes,60,Yes,0,0
1462,2024-08-30 21:00:00,2024-08,Medicaid,IVR,Billing,2045,Claims Queue,71,404,Resolved,No,30,No,0,0
1463,2024-08-30 22:00:00,2024-08,Commercial,Phone,Prior Authorization,2005,Claims Queue,112,219,Escalated,Yes,30,No,1,0
1464,2024-08-30 23:00:00,2024-08,Medicaid,IVR,Prior Authorization,2012,Benefits Queue,90,548,Resolved,Yes,60,No,0,0
1465,2024-08-31 00:00:00,2024-08,Medicare,IVR,Claims Status,2019,Benefits Queue,121,274,Escalated,Yes,60,No,1,0
1466,2024-08-31 01:00:00,2024-08,Commercial,Phone,Enrollment,2046,Benefits Queue,120,69,Escalated,Yes,60,No,1,0
1467,2024-08-31 02:00:00,2024-08,Medicaid,IVR,Enrollment,2033,Enrollment Queue,45,474,Resolved,Yes,60,Yes,0,0
1468,2024-08-31 03:00:00,2024-08,Medicare,IVR,Claims Status,2049,Claims Queue,60,399,Resolved,Yes,30,No,0,0
1469,2024-08-31 04:00:00,2024-08,Medicare,Phone,System Access,2020,Enrollment Queue,72,420,Abandoned,Yes,30,No,0,1
1470,2024-08-31 05:00:00,2024-08,Medicare,Phone,Benefits Coverage,2054,Enrollment Queue,40,427,Abandoned,No,30,No,0,1
1471,2024-08-31 06:00:00,2024-08,Medicaid,IVR,Benefits Coverage,2002,Benefits Queue,80,467,Escalated,Yes,60,No,1,0
1472,2024-08-31 07:00:00,2024-08,Medicare,Phone,Provider Inquiry,2043,Benefits Queue,78,103,Resolved,Yes,60,No,0,0
1473,2024-08-31 08:00:00,2024-08,Commercial,Phone,Claims Status,2014,Enrollment Queue,50,220,Resolved,No,30,No,0,0
1474,2024-08-31 09:00:00,2024-08,Medicaid,Phone,Prior Authorization,2057,Claims Queue,16,652,Escalated,Yes,60,Yes,1,0
1475,2024-08-31 10:00:00,2024-08,Commercial,IVR,System Access,2005,Claims Queue,315,305,Resolved,Yes,60,No,0,0
1476,2024-08-31 11:00:00,2024-08,Commercial,Portal,Enrollment,2058,Benefits Queue,201,178,Resolved,Yes,30,No,0,0
1477,2024-08-31 12:00:00,2024-08,Medicaid,Portal,Enrollment,2048,Benefits Queue,77,262,Resolved,No,60,No,0,0
1478,2024-08-31 13:00:00,2024-08,Commercial,Phone,System Access,2007,Benefits Queue,87,325,Resolved,Yes,60,No,0,0
1479,2024-08-31 14:00:00,2024-08,Commercial,IVR,Prior Authorization,2004,Claims Queue,121,807,Abandoned,Yes,30,No,0,1
1480,2024-08-31 15:00:00,2024-08,Medicaid,Phone,Provider Inquiry,2051,Enrollment Queue,293,40,Resolved,Yes,90,No,0,0
1481,2024-08-31 16:00:00,2024-08,Medicare,Phone,Prior Authorization,2021,Enrollment Queue,38,361,Resolved,No,30,No,0,0
1482,2024-08-31 17:00:00,2024-08,Commercial,Phone,Prior Authorization,2035,Claims Queue,60,248,Escalated,No,30,No,1,0
1483,2024-08-31 18:00:00,2024-08,Commercial,Phone,System Access,2002,Enrollment Queue,89,563,Escalated,No,60,No,1,0
1484,2024-08-31 19:00:00,2024-08,Medicaid,Phone,Billing,2018,Benefits Queue,60,168,Abandoned,Yes,60,Yes,0,1
1485,2024-08-31 20:00:00,2024-08,Medicaid,IVR,Provider Inquiry,2027,Claims Queue,15,259,Resolved,Yes,60,Yes,0,0
1486,2024-08-31 21:00:00,2024-08,Medicare,Portal,Prior Authorization,2037,Enrollment Queue,124,226,Abandoned,Yes,90,No,0,1
1487,2024-08-31 22:00:00,2024-08,Medicaid,Phone,Enrollment,2001,Benefits Queue,101,170,Resolved,Yes,30,No,0,0
1488,2024-08-31 23:00:00,2024-08,Medicaid,Phone,Prior Authorization,2008,Benefits Queue,110,271,Resolved,Yes,60,No,0,0
1489,2024-09-01 00:00:00,2024-09,Medicaid,Phone,Provider Inquiry,2039,Benefits Queue,154,212,Resolved,Yes,30,No,0,0
1490,2024-09-01 01:00:00,2024-09,Medicaid,Phone,Enrollment,2010,Enrollment Queue,77,142,Resolved,Yes,30,No,0,0
1491,2024-09-01 02:00:00,2024-09,Medicaid,IVR,Benefits Coverage,2012,Enrollment Queue,245,577,Resolved,Yes,90,No,0,0
1492,2024-09-01 03:00:00,2024-09,Medicaid,Phone,Prior Authorization,2014,Enrollment Queue,41,386,Resolved,Yes,60,Yes,0,0
1493,2024-09-01 04:00:00,2024-09,Medicare,Phone,Enrollment,2012,Claims Queue,83,874,Resolved,No,60,No,0,0
1494,2024-09-01 05:00:00,2024-09,Commercial,Phone,Claims Status,2034,Benefits Queue,28,240,Resolved,Yes,30,Yes,0,0
1495,2024-09-01 06:00:00,2024-09,Medicaid,Phone,Enrollment,2023,Enrollment Queue,44,216,Resolved,Yes,90,Yes,0,0
1496,2024-09-01 07:00:00,2024-09,Medicaid,Phone,Enrollment,2058,Claims Queue,76,650,Resolved,No,90,Yes,0,0
1497,2024-09-01 08:00:00,2024-09,Commercial,Phone,Claims Status,2040,Claims Queue,66,353,Escalated,No,90,Yes,1,0
1498,2024-09-01 09:00:00,2024-09,Commercial,Phone,System Access,2044,Enrollment Queue,18,298,Resolved,Yes,90,Yes,0,0
1499,2024-09-01 10:00:00,2024-09,Medicaid,Portal,Enrollment,2033,Claims Queue,152,112,Resolved,Yes,60,No,0,0
1500,2024-09-01 11:00:00,2024-09,Medicare,IVR,System Access,2040,Enrollment Queue,31,323,Escalated,Yes,30,No,1,0
1501,2024-09-01 12:00:00,2024-09,Medicaid,Phone,Claims Status,2040,Benefits Queue,145,241,Abandoned,Yes,30,No,0,1
1502,2024-09-01 13:00:00,2024-09,Commercial,Phone,Enrollment,2059,Benefits Queue,98,410,Resolved,Yes,30,No,0,0
1503,2024-09-01 14:00:00,2024-09,Medicaid,IVR,Provider Inquiry,2051,Claims Queue,258,128,Resolved,No,30,No,0,0
1504,2024-09-01 15:00:00,2024-09,Medicare,Phone,Claims Status,2001,Benefits Queue,150,509,Resolved,Yes,30,No,0,0
1505,2024-09-01 16:00:00,2024-09,Medicare,Phone,Enrollment,2025,Benefits Queue,100,199,Resolved,Yes,30,No,0,0
1506,2024-09-01 17:00:00,2024-09,Medicare,IVR,Billing,2034,Claims Queue,70,516,Resolved,Yes,60,No,0,0
1507,2024-09-01 18:00:00,2024-09,Medicaid,Phone,Prior Authorization,2019,Enrollment Queue,55,110,Escalated,Yes,60,Yes,1,0
1508,2024-09-01 19:00:00,2024-09,Medicaid,Phone,Enrollment,2018,Enrollment Queue,80,337,Abandoned,Yes,30,No,0,1
1509,2024-09-01 20:00:00,2024-09,Medicaid,IVR,Claims Status,2058,Claims Queue,108,476,Escalated,No,30,No,1,0
1510,2024-09-01 21:00:00,2024-09,Medicare,Phone,Billing,2055,Claims Queue,19,311,Escalated,No,30,Yes,1,0
1511,2024-09-01 22:00:00,2024-09,Medicaid,IVR,Claims Status,2030,Claims Queue,62,149,Resolved,Yes,30,No,0,0
1512,2024-09-01 23:00:00,2024-09,Medicare,Phone,Enrollment,2027,Enrollment Queue,52,99,Resolved,Yes,60,Yes,0,0
1513,2024-09-02 00:00:00,2024-09,Medicare,Phone,System Access,2053,Benefits Queue,54,397,Resolved,Yes,60,Yes,0,0
1514,2024-09-02 01:00:00,2024-09,Medicare,Phone,System Access,2039,Enrollment Queue,35,307,Escalated,Yes,30,No,1,0
1515,2024-09-02 02:00:00,2024-09,Commercial,Phone,Provider Inquiry,2022,Enrollment Queue,7,307,Resolved,Yes,30,Yes,0,0
1516,2024-09-02 03:00:00,2024-09,Medicare,Phone,Claims Status,2025,Benefits Queue,113,122,Resolved,Yes,60,No,0,0
1517,2024-09-02 04:00:00,2024-09,Medicare,Phone,Provider Inquiry,2031,Enrollment Queue,150,62,Resolved,Yes,30,No,0,0
1518,2024-09-02 05:00:00,2024-09,Medicare,Phone,System Access,2046,Enrollment Queue,45,336,Resolved,Yes,60,Yes,0,0
1519,2024-09-02 06:00:00,2024-09,Medicare,Phone,Enrollment,2059,Benefits Queue,219,95,Escalated,Yes,90,No,1,0
1520,2024-09-02 07:00:00,2024-09,Medicaid,Phone,Prior Authorization,2028,Claims Queue,65,153,Escalated,Yes,90,Yes,1,0
1521,2024-09-02 08:00:00,2024-09,Medicaid,Phone,Claims Status,2014,Enrollment Queue,51,392,Escalated,No,60,Yes,1,0
1522,2024-09-02 09:00:00,2024-09,Medicare,IVR,Enrollment,2055,Enrollment Queue,102,197,Resolved,Yes,60,No,0,0
1523,2024-09-02 10:00:00,2024-09,Medicaid,Phone,Benefits Coverage,2005,Enrollment Queue,121,325,Resolved,No,90,No,0,0
1524,2024-09-02 11:00:00,2024-09,Medicare,Phone,Provider Inquiry,2017,Enrollment Queue,74,590,Resolved,No,60,No,0,0
1525,2024-09-02 12:00:00,2024-09,Commercial,Phone,Billing,2011,Claims Queue,100,497,Resolved,No,60,No,0,0
1526,2024-09-02 13:00:00,2024-09,Commercial,Phone,System Access,2021,Enrollment Queue,71,259,Escalated,Yes,60,No,1,0
1527,2024-09-02 14:00:00,2024-09,Medicare,IVR,Benefits Coverage,2057,Benefits Queue,54,499,Escalated,Yes,30,No,1,0
1528,2024-09-02 15:00:00,2024-09,Medicaid,Phone,Provider Inquiry,2014,Benefits Queue,132,367,Resolved,Yes,90,No,0,0
1529,2024-09-02 16:00:00,2024-09,Medicaid,Portal,Enrollment,2007,Claims Queue,60,487,Resolved,No,30,No,0,0
1530,2024-09-02 17:00:00,2024-09,Medicaid,Phone,Benefits Coverage,2051,Enrollment Queue,54,251,Resolved,No,60,Yes,0,0
1531,2024-09-02 18:00:00,2024-09,Medicare,Phone,Prior Authorization,2028,Enrollment Queue,133,301,Resolved,No,30,No,0,0
1532,2024-09-02 19:00:00,2024-09,Medicaid,IVR,System Access,2018,Claims Queue,109,162,Resolved,Yes,60,No,0,0
1533,2024-09-02 20:00:00,2024-09,Medicaid,Phone,Claims Status,2006,Enrollment Queue,137,540,Resolved,Yes,60,No,0,0
1534,2024-09-02 21:00:00,2024-09,Commercial,Phone,Enrollment,2020,Enrollment Queue,155,279,Resolved,No,90,No,0,0
1535,2024-09-02 22:00:00,2024-09,Medicaid,Phone,Claims Status,2011,Claims Queue,83,95,Resolved,Yes,30,No,0,0
1536,2024-09-02 23:00:00,2024-09,Medicaid,Portal,Prior Authorization,2002,Enrollment Queue,44,379,Resolved,Yes,90,Yes,0,0
1537,2024-09-03 00:00:00,2024-09,Medicare,Phone,Claims Status,2014,Claims Queue,33,604,Resolved,Yes,30,No,0,0
1538,2024-09-03 01:00:00,2024-09,Medicare,Phone,System Access,2005,Benefits Queue,152,340,Escalated,No,60,No,1,0
1539,2024-09-03 02:00:00,2024-09,Medicare,Phone,Claims Status,2018,Enrollment Queue,92,419,Resolved,Yes,60,No,0,0
1540,2024-09-03 03:00:00,2024-09,Medicaid,IVR,Enrollment,2049,Claims Queue,115,538,Resolved,Yes,30,No,0,0
1541,2024-09-03 04:00:00,2024-09,Medicare,Portal,Claims Status,2017,Benefits Queue,39,486,Resolved,No,90,Yes,0,0
1542,2024-09-03 05:00:00,2024-09,Medicaid,Phone,Billing,2010,Enrollment Queue,63,427,Resolved,Yes,30,No,0,0
1543,2024-09-03 06:00:00,2024-09,Medicare,Phone,Billing,2008,Benefits Queue,416,445,Escalated,Yes,30,No,1,0
1544,2024-09-03 07:00:00,2024-09,Commercial,Phone,System Access,2013,Claims Queue,37,102,Escalated,No,90,Yes,1,0
1545,2024-09-03 08:00:00,2024-09,Medicaid,IVR,System Access,2046,Enrollment Queue,272,320,Resolved,No,60,No,0,0
1546,2024-09-03 09:00:00,2024-09,Medicare,Portal,Enrollment,2036,Claims Queue,112,457,Resolved,Yes,60,No,0,0
1547,2024-09-03 10:00:00,2024-09,Commercial,Portal,Billing,2059,Benefits Queue,128,432,Resolved,Yes,30,No,0,0
1548,2024-09-03 11:00:00,2024-09,Medicare,Phone,Claims Status,2001,Claims Queue,87,607,Resolved,Yes,90,Yes,0,0
1549,2024-09-03 12:00:00,2024-09,Medicaid,Phone,Claims Status,2051,Enrollment Queue,164,143,Resolved,Yes,90,No,0,0
1550,2024-09-03 13:00:00,2024-09,Medicaid,Phone,Benefits Coverage,2029,Enrollment Queue,60,279,Resolved,Yes,30,No,0,0
1551,2024-09-03 14:00:00,2024-09,Medicare,Phone,Enrollment,2003,Claims Queue,45,160,Resolved,Yes,60,Yes,0,0
1552,2024-09-03 15:00:00,2024-09,Medicaid,Portal,Billing,2041,Claims Queue,34,365,Resolved,No,90,Yes,0,0
1553,2024-09-03 16:00:00,2024-09,Commercial,Phone,Provider Inquiry,2022,Benefits Queue,124,368,Escalated,No,60,No,1,0
1554,2024-09-03 17:00:00,2024-09,Medicare,Phone,Enrollment,2029,Enrollment Queue,210,389,Resolved,Yes,30,No,0,0
1555,2024-09-03 18:00:00,2024-09,Medicaid,Phone,Provider Inquiry,2005,Claims Queue,38,158,Resolved,Yes,30,No,0,0
1556,2024-09-03 19:00:00,2024-09,Medicare,Portal,Prior Authorization,2055,Enrollment Queue,155,239,Escalated,Yes,90,No,1,0
1557,2024-09-03 20:00:00,2024-09,Medicaid,Phone,Provider Inquiry,2020,Enrollment Queue,188,210,Resolved,Yes,30,No,0,0
1558,2024-09-03 21:00:00,2024-09,Medicare,Portal,Provider Inquiry,2006,Claims Queue,57,164,Resolved,Yes,90,Yes,0,0
1559,2024-09-03 22:00:00,2024-09,Medicare,Phone,Prior Authorization,2012,Claims Queue,133,492,Escalated,Yes,60,No,1,0
1560,2024-09-03 23:00:00,2024-09,Medicaid,IVR,Benefits Coverage,2059,Claims Queue,148,454,Resolved,Yes,30,No,0,0
1561,2024-09-04 00:00:00,2024-09,Commercial,Phone,Provider Inquiry,2056,Enrollment Queue,103,712,Resolved,Yes,60,No,0,0
1562,2024-09-04 01:00:00,2024-09,Medicare,Portal,System Access,2043,Enrollment Queue,94,343,Abandoned,No,30,No,0,1
1563,2024-09-04 02:00:00,2024-09,Medicaid,Portal,Claims Status,2024,Enrollment Queue,86,234,Resolved,Yes,90,Yes,0,0
1564,2024-09-04 03:00:00,2024-09,Medicaid,Portal,Enrollment,2037,Benefits Queue,135,279,Resolved,Yes,30,No,0,0
1565,2024-09-04 04:00:00,2024-09,Medicaid,Phone,Benefits Coverage,2002,Enrollment Queue,44,640,Resolved,Yes,30,No,0,0
1566,2024-09-04 05:00:00,2024-09,Commercial,Phone,Billing,2021,Claims Queue,94,407,Escalated,Yes,30,No,1,0
1567,2024-09-04 06:00:00,2024-09,Medicare,Portal,Billing,2029,Enrollment Queue,89,177,Resolved,No,60,No,0,0
1568,2024-09-04 07:00:00,2024-09,Commercial,Phone,Claims Status,2059,Enrollment Queue,43,420,Resolved,No,60,Yes,0,0
1569,2024-09-04 08:00:00,2024-09,Medicare,Phone,Provider Inquiry,2048,Claims Queue,42,352,Resolved,Yes,30,No,0,0
1570,2024-09-04 09:00:00,2024-09,Medicare,Phone,System Access,2049,Benefits Queue,99,425,Resolved,Yes,30,No,0,0
1571,2024-09-04 10:00:00,2024-09,Medicaid,Portal,Billing,2012,Enrollment Queue,241,671,Resolved,No,60,No,0,0
1572,2024-09-04 11:00:00,2024-09,Commercial,Phone,Billing,2040,Benefits Queue,83,330,Resolved,Yes,60,No,0,0
1573,2024-09-04 12:00:00,2024-09,Medicaid,Phone,Prior Authorization,2038,Enrollment Queue,66,278,Resolved,No,60,No,0,0
1574,2024-09-04 13:00:00,2024-09,Commercial,Phone,Provider Inquiry,2009,Claims Queue,99,126,Resolved,Yes,60,No,0,0
1575,2024-09-04 14:00:00,2024-09,Medicare,Phone,Provider Inquiry,2030,Enrollment Queue,118,115,Resolved,Yes,60,No,0,0
1576,2024-09-04 15:00:00,2024-09,Medicare,Phone,Provider Inquiry,2007,Benefits Queue,46,387,Resolved,Yes,60,Yes,0,0
1577,2024-09-04 16:00:00,2024-09,Medicaid,Phone,Prior Authorization,2057,Benefits Queue,88,208,Resolved,Yes,30,No,0,0
1578,2024-09-04 17:00:00,2024-09,Medicare,IVR,Claims Status,2025,Benefits Queue,60,430,Resolved,Yes,60,Yes,0,0
1579,2024-09-04 18:00:00,2024-09,Medicare,Phone,Provider Inquiry,2028,Enrollment Queue,100,223,Resolved,Yes,60,No,0,0
1580,2024-09-04 19:00:00,2024-09,Medicare,Phone,Benefits Coverage,2046,Enrollment Queue,107,153,Resolved,Yes,90,No,0,0
1581,2024-09-04 20:00:00,2024-09,Medicaid,Phone,Benefits Coverage,2016,Benefits Queue,244,380,Resolved,Yes,30,No,0,0
1582,2024-09-04 21:00:00,2024-09,Medicaid,Phone,System Access,2018,Benefits Queue,110,271,Resolved,Yes,90,No,0,0
1583,2024-09-04 22:00:00,2024-09,Medicare,Phone,Provider Inquiry,2049,Claims Queue,52,370,Escalated,Yes,90,Yes,1,0
1584,2024-09-04 23:00:00,2024-09,Commercial,Phone,System Access,2007,Benefits Queue,239,240,Abandoned,Yes,90,No,0,1
1585,2024-09-05 00:00:00,2024-09,Medicaid,Phone,Claims Status,2025,Benefits Queue,73,340,Resolved,Yes,30,No,0,0
1586,2024-09-05 01:00:00,2024-09,Commercial,Phone,Billing,2033,Claims Queue,162,453,Resolved,Yes,60,No,0,0
1587,2024-09-05 02:00:00,2024-09,Commercial,Phone,Claims Status,2055,Claims Queue,152,449,Escalated,Yes,30,No,1,0
1588,2024-09-05 03:00:00,2024-09,Medicaid,Phone,Claims Status,2031,Benefits Queue,72,179,Abandoned,No,60,No,0,1
1589,2024-09-05 04:00:00,2024-09,Medicare,Portal,Enrollment,2036,Claims Queue,292,423,Abandoned,Yes,60,No,0,1
1590,2024-09-05 05:00:00,2024-09,Medicaid,Phone,Provider Inquiry,2037,Claims Queue,27,406,Resolved,No,90,Yes,0,0
1591,2024-09-05 06:00:00,2024-09,Medicaid,Phone,Claims Status,2020,Claims Queue,107,375,Escalated,No,30,No,1,0
1592,2024-09-05 07:00:00,2024-09,Medicaid,Phone,Claims Status,2031,Claims Queue,87,396,Resolved,No,90,Yes,0,0
1593,2024-09-05 08:00:00,2024-09,Medicaid,Phone,Enrollment,2054,Enrollment Queue,65,433,Escalated,No,30,No,1,0
1594,2024-09-05 09:00:00,2024-09,Medicaid,IVR,Billing,2027,Benefits Queue,37,442,Resolved,Yes,60,Yes,0,0
1595,2024-09-05 10:00:00,2024-09,Medicare,Phone,Billing,2037,Claims Queue,157,455,Abandoned,Yes,60,No,0,1
1596,2024-09-05 11:00:00,2024-09,Medicare,Phone,System Access,2012,Enrollment Queue,35,405,Resolved,Yes,30,No,0,0
1597,2024-09-05 12:00:00,2024-09,Medicaid,Phone,Benefits Coverage,2024,Enrollment Queue,65,436,Resolved,Yes,30,No,0,0
1598,2024-09-05 13:00:00,2024-09,Commercial,Phone,Prior Authorization,2005,Benefits Queue,192,452,Escalated,Yes,30,No,1,0
1599,2024-09-05 14:00:00,2024-09,Commercial,IVR,Benefits Coverage,2028,Enrollment Queue,107,425,Resolved,Yes,60,No,0,0
1600,2024-09-05 15:00:00,2024-09,Medicare,Phone,System Access,2056,Claims Queue,190,437,Resolved,Yes,60,No,0,0
1601,2024-09-05 16:00:00,2024-09,Medicaid,IVR,Billing,2031,Enrollment Queue,60,45,Resolved,Yes,30,No,0,0
1602,2024-09-05 17:00:00,2024-09,Medicare,Phone,Benefits Coverage,2003,Claims Queue,100,224,Resolved,Yes,30,No,0,0
1603,2024-09-05 18:00:00,2024-09,Medicaid,Phone,Claims Status,2052,Benefits Queue,28,392,Resolved,No,60,Yes,0,0
1604,2024-09-05 19:00:00,2024-09,Commercial,Phone,System Access,2008,Claims Queue,133,473,Resolved,Yes,90,No,0,0
1605,2024-09-05 20:00:00,2024-09,Medicaid,Phone,System Access,2048,Benefits Queue,120,259,Resolved,Yes,90,No,0,0
1606,2024-09-05 21:00:00,2024-09,Medicaid,Phone,Benefits Coverage,2018,Benefits Queue,44,311,Escalated,No,30,No,1,0
1607,2024-09-05 22:00:00,2024-09,Medicaid,Phone,Claims Status,2024,Enrollment Queue,31,398,Resolved,Yes,60,Yes,0,0
1608,2024-09-05 23:00:00,2024-09,Medicaid,Phone,System Access,2055,Claims Queue,30,143,Abandoned,Yes,60,Yes,0,1
1609,2024-09-06 00:00:00,2024-09,Medicaid,Phone,Billing,2018,Benefits Queue,127,433,Resolved,Yes,30,No,0,0
1610,2024-09-06 01:00:00,2024-09,Commercial,Portal,Claims Status,2059,Claims Queue,188,416,Resolved,Yes,60,No,0,0
1611,2024-09-06 02:00:00,2024-09,Medicare,Portal,Prior Authorization,2006,Benefits Queue,53,105,Resolved,Yes,90,Yes,0,0
1612,2024-09-06 03:00:00,2024-09,Medicare,Phone,Claims Status,2023,Enrollment Queue,67,326,Resolved,No,60,No,0,0
1613,2024-09-06 04:00:00,2024-09,Commercial,Phone,Claims Status,2020,Enrollment Queue,123,106,Resolved,Yes,90,No,0,0
1614,2024-09-06 05:00:00,2024-09,Medicare,Phone,Provider Inquiry,2020,Enrollment Queue,142,341,Resolved,Yes,30,No,0,0
1615,2024-09-06 06:00:00,2024-09,Medicare,Phone,Enrollment,2028,Claims Queue,81,267,Resolved,Yes,60,No,0,0
1616,2024-09-06 07:00:00,2024-09,Medicaid,Phone,Provider Inquiry,2012,Claims Queue,10,288,Resolved,Yes,90,Yes,0,0
1617,2024-09-06 08:00:00,2024-09,Medicaid,IVR,Benefits Coverage,2050,Claims Queue,91,96,Resolved,Yes,90,No,0,0
1618,2024-09-06 09:00:00,2024-09,Medicare,Phone,Billing,2025,Enrollment Queue,27,318,Resolved,Yes,30,Yes,0,0
1619,2024-09-06 10:00:00,2024-09,Commercial,Phone,Claims Status,2028,Claims Queue,15,153,Resolved,Yes,60,Yes,0,0
1620,2024-09-06 11:00:00,2024-09,Medicaid,IVR,Billing,2051,Claims Queue,53,524,Resolved,Yes,60,Yes,0,0
1621,2024-09-06 12:00:00,2024-09,Medicare,Phone,Prior Authorization,2005,Benefits Queue,89,294,Resolved,No,60,No,0,0
1622,2024-09-06 13:00:00,2024-09,Medicaid,Phone,Claims Status,2032,Benefits Queue,101,266,Abandoned,Yes,30,No,0,1
1623,2024-09-06 14:00:00,2024-09,Medicaid,Phone,Benefits Coverage,2027,Enrollment Queue,85,248,Resolved,Yes,30,No,0,0
1624,2024-09-06 15:00:00,2024-09,Medicare,Phone,Provider Inquiry,2041,Enrollment Queue,36,146,Abandoned,Yes,30,No,0,1
1625,2024-09-06 16:00:00,2024-09,Commercial,Phone,Billing,2008,Enrollment Queue,163,485,Resolved,No,60,No,0,0
1626,2024-09-06 17:00:00,2024-09,Commercial,IVR,Billing,2037,Enrollment Queue,14,219,Escalated,No,60,Yes,1,0
1627,2024-09-06 18:00:00,2024-09,Medicare,Phone,Billing,2054,Enrollment Queue,162,538,Resolved,No,90,No,0,0
1628,2024-09-06 19:00:00,2024-09,Medicaid,Portal,Claims Status,2054,Enrollment Queue,44,169,Resolved,Yes,30,No,0,0
1629,2024-09-06 20:00:00,2024-09,Medicaid,Phone,System Access,2018,Claims Queue,53,320,Resolved,No,90,Yes,0,0
1630,2024-09-06 21:00:00,2024-09,Medicare,Phone,System Access,2057,Benefits Queue,128,206,Resolved,Yes,90,No,0,0
1631,2024-09-06 22:00:00,2024-09,Commercial,Portal,Provider Inquiry,2029,Benefits Queue,11,395,Resolved,No,90,Yes,0,0
1632,2024-09-06 23:00:00,2024-09,Medicaid,Phone,System Access,2056,Claims Queue,94,79,Resolved,Yes,60,No,0,0
1633,2024-09-07 00:00:00,2024-09,Commercial,Phone,Billing,2024,Benefits Queue,77,308,Resolved,No,60,No,0,0
1634,2024-09-07 01:00:00,2024-09,Commercial,Phone,Provider Inquiry,2047,Benefits Queue,94,837,Resolved,Yes,30,No,0,0
1635,2024-09-07 02:00:00,2024-09,Medicaid,Portal,Enrollment,2005,Claims Queue,171,353,Escalated,Yes,30,No,1,0
1636,2024-09-07 03:00:00,2024-09,Commercial,Phone,Claims Status,2019,Benefits Queue,164,324,Abandoned,Yes,30,No,0,1
1637,2024-09-07 04:00:00,2024-09,Medicare,IVR,Provider Inquiry,2026,Claims Queue,13,751,Resolved,No,90,Yes,0,0
1638,2024-09-07 05:00:00,2024-09,Commercial,Phone,Billing,2024,Claims Queue,73,434,Resolved,Yes,60,No,0,0
1639,2024-09-07 06:00:00,2024-09,Medicare,Phone,System Access,2034,Enrollment Queue,19,321,Abandoned,No,30,Yes,0,1
1640,2024-09-07 07:00:00,2024-09,Medicare,Phone,System Access,2028,Benefits Queue,132,353,Resolved,Yes,60,No,0,0
1641,2024-09-07 08:00:00,2024-09,Commercial,Phone,Benefits Coverage,2013,Claims Queue,65,84,Resolved,Yes,60,No,0,0
1642,2024-09-07 09:00:00,2024-09,Medicare,Phone,Benefits Coverage,2003,Enrollment Queue,124,343,Abandoned,Yes,60,No,0,1
1643,2024-09-07 10:00:00,2024-09,Medicaid,Phone,Claims Status,2052,Claims Queue,170,406,Abandoned,Yes,30,No,0,1
1644,2024-09-07 11:00:00,2024-09,Medicaid,Phone,Enrollment,2058,Enrollment Queue,48,239,Resolved,No,90,Yes,0,0
1645,2024-09-07 12:00:00,2024-09,Commercial,Phone,Claims Status,2002,Enrollment Queue,23,451,Resolved,Yes,60,Yes,0,0
1646,2024-09-07 13:00:00,2024-09,Medicaid,Phone,Prior Authorization,2050,Enrollment Queue,82,179,Resolved,Yes,60,No,0,0
1647,2024-09-07 14:00:00,2024-09,Medicaid,Phone,Benefits Coverage,2047,Enrollment Queue,53,142,Abandoned,Yes,30,No,0,1
1648,2024-09-07 15:00:00,2024-09,Medicaid,IVR,Provider Inquiry,2037,Benefits Queue,9,180,Resolved,Yes,60,Yes,0,0
1649,2024-09-07 16:00:00,2024-09,Medicaid,Phone,Claims Status,2035,Enrollment Queue,102,214,Resolved,No,60,No,0,0
1650,2024-09-07 17:00:00,2024-09,Medicare,Phone,Benefits Coverage,2019,Benefits Queue,132,323,Resolved,Yes,60,No,0,0
1651,2024-09-07 18:00:00,2024-09,Medicaid,IVR,Prior Authorization,2008,Claims Queue,253,283,Resolved,Yes,60,No,0,0
1652,2024-09-07 19:00:00,2024-09,Medicaid,Phone,Benefits Coverage,2050,Enrollment Queue,223,196,Resolved,No,90,No,0,0
1653,2024-09-07 20:00:00,2024-09,Medicare,Phone,Claims Status,2025,Claims Queue,36,354,Resolved,No,90,Yes,0,0
1654,2024-09-07 21:00:00,2024-09,Medicaid,Phone,Billing,2051,Enrollment Queue,84,127,Escalated,Yes,90,Yes,1,0
1655,2024-09-07 22:00:00,2024-09,Medicare,Phone,System Access,2038,Benefits Queue,246,176,Escalated,Yes,60,No,1,0
1656,2024-09-07 23:00:00,2024-09,Medicare,Portal,Billing,2054,Claims Queue,303,312,Abandoned,Yes,30,No,0,1
1657,2024-09-08 00:00:00,2024-09,Medicaid,Phone,Claims Status,2016,Benefits Queue,109,259,Escalated,No,90,No,1,0
1658,2024-09-08 01:00:00,2024-09,Medicare,Phone,Benefits Coverage,2057,Enrollment Queue,119,504,Resolved,Yes,30,No,0,0
1659,2024-09-08 02:00:00,2024-09,Medicare,Portal,Enrollment,2013,Claims Queue,147,718,Resolved,Yes,60,No,0,0
1660,2024-09-08 03:00:00,2024-09,Medicare,IVR,System Access,2041,Benefits Queue,58,189,Resolved,No,60,Yes,0,0
1661,2024-09-08 04:00:00,2024-09,Medicaid,Phone,Prior Authorization,2021,Enrollment Queue,102,129,Resolved,Yes,30,No,0,0
1662,2024-09-08 05:00:00,2024-09,Commercial,IVR,Provider Inquiry,2020,Enrollment Queue,188,210,Resolved,Yes,90,No,0,0
1663,2024-09-08 06:00:00,2024-09,Medicaid,Phone,System Access,2009,Enrollment Queue,93,307,Resolved,Yes,30,No,0,0
1664,2024-09-08 07:00:00,2024-09,Medicaid,Phone,Prior Authorization,2055,Claims Queue,117,261,Resolved,Yes,30,No,0,0
1665,2024-09-08 08:00:00,2024-09,Medicare,Phone,Prior Authorization,2023,Claims Queue,6,527,Resolved,Yes,90,Yes,0,0
1666,2024-09-08 09:00:00,2024-09,Commercial,Phone,Claims Status,2028,Enrollment Queue,40,277,Resolved,Yes,30,No,0,0
1667,2024-09-08 10:00:00,2024-09,Medicaid,Phone,Benefits Coverage,2007,Claims Queue,108,449,Resolved,Yes,60,No,0,0
1668,2024-09-08 11:00:00,2024-09,Medicaid,Phone,System Access,2018,Enrollment Queue,93,238,Resolved,Yes,60,No,0,0
1669,2024-09-08 12:00:00,2024-09,Medicare,IVR,Benefits Coverage,2045,Enrollment Queue,90,183,Resolved,Yes,30,No,0,0
1670,2024-09-08 13:00:00,2024-09,Commercial,Phone,Prior Authorization,2019,Enrollment Queue,65,250,Escalated,Yes,30,No,1,0
1671,2024-09-08 14:00:00,2024-09,Medicare,Portal,Enrollment,2008,Enrollment Queue,50,104,Escalated,Yes,60,Yes,1,0
1672,2024-09-08 15:00:00,2024-09,Commercial,Portal,Benefits Coverage,2014,Benefits Queue,41,181,Escalated,Yes,30,No,1,0
1673,2024-09-08 16:00:00,2024-09,Medicaid,IVR,System Access,2023,Benefits Queue,237,161,Resolved,No,30,No,0,0
1674,2024-09-08 17:00:00,2024-09,Commercial,Portal,Claims Status,2033,Benefits Queue,163,747,Escalated,No,60,No,1,0
1675,2024-09-08 18:00:00,2024-09,Medicaid,Phone,Prior Authorization,2035,Benefits Queue,157,364,Resolved,Yes,30,No,0,0
1676,2024-09-08 19:00:00,2024-09,Medicare,Phone,Prior Authorization,2014,Enrollment Queue,201,184,Resolved,Yes,30,No,0,0
1677,2024-09-08 20:00:00,2024-09,Commercial,Phone,Prior Authorization,2016,Enrollment Queue,44,334,Resolved,No,90,Yes,0,0
1678,2024-09-08 21:00:00,2024-09,Medicaid,Phone,Benefits Coverage,2045,Benefits Queue,55,230,Abandoned,Yes,60,Yes,0,1
1679,2024-09-08 22:00:00,2024-09,Commercial,Phone,System Access,2050,Enrollment Queue,69,352,Resolved,Yes,60,No,0,0
1680,2024-09-08 23:00:00,2024-09,Medicare,IVR,Benefits Coverage,2016,Benefits Queue,171,89,Resolved,Yes,90,No,0,0
1681,2024-09-09 00:00:00,2024-09,Medicaid,Phone,Billing,2005,Enrollment Queue,62,551,Escalated,Yes,60,No,1,0
1682,2024-09-09 01:00:00,2024-09,Medicaid,Phone,Enrollment,2002,Enrollment Queue,110,117,Abandoned,Yes,90,No,0,1
1683,2024-09-09 02:00:00,2024-09,Medicare,Phone,Provider Inquiry,2002,Enrollment Queue,238,301,Escalated,Yes,60,No,1,0
1684,2024-09-09 03:00:00,2024-09,Medicaid,Phone,System Access,2044,Benefits Queue,21,570,Abandoned,No,90,Yes,0,1
1685,2024-09-09 04:00:00,2024-09,Medicare,IVR,Provider Inquiry,2009,Benefits Queue,194,426,Resolved,Yes,90,No,0,0
1686,2024-09-09 05:00:00,2024-09,Medicaid,Phone,Benefits Coverage,2048,Claims Queue,189,407,Escalated,Yes,30,No,1,0
1687,2024-09-09 06:00:00,2024-09,Medicaid,IVR,Provider Inquiry,2020,Benefits Queue,51,259,Resolved,Yes,60,Yes,0,0
1688,2024-09-09 07:00:00,2024-09,Medicaid,Phone,Billing,2024,Enrollment Queue,129,500,Resolved,No,30,No,0,0
1689,2024-09-09 08:00:00,2024-09,Medicare,Portal,Enrollment,2045,Claims Queue,106,143,Escalated,No,90,No,1,0
1690,2024-09-09 09:00:00,2024-09,Medicaid,IVR,Billing,2035,Enrollment Queue,89,240,Resolved,Yes,60,No,0,0
1691,2024-09-09 10:00:00,2024-09,Medicaid,Phone,Provider Inquiry,2043,Claims Queue,56,255,Resolved,Yes,90,Yes,0,0
1692,2024-09-09 11:00:00,2024-09,Medicare,Portal,Benefits Coverage,2022,Benefits Queue,140,406,Resolved,Yes,60,No,0,0
1693,2024-09-09 12:00:00,2024-09,Medicaid,Phone,Billing,2057,Benefits Queue,225,212,Resolved,Yes,30,No,0,0
1694,2024-09-09 13:00:00,2024-09,Medicare,Portal,Enrollment,2017,Benefits Queue,124,344,Escalated,Yes,30,No,1,0
1695,2024-09-09 14:00:00,2024-09,Medicaid,Phone,Billing,2045,Benefits Queue,144,404,Resolved,Yes,30,No,0,0
1696,2024-09-09 15:00:00,2024-09,Medicare,Phone,System Access,2025,Enrollment Queue,153,484,Escalated,Yes,30,No,1,0
1697,2024-09-09 16:00:00,2024-09,Medicaid,Portal,Enrollment,2030,Enrollment Queue,125,139,Resolved,Yes,60,No,0,0
1698,2024-09-09 17:00:00,2024-09,Medicaid,Phone,Billing,2031,Benefits Queue,81,243,Resolved,Yes,30,No,0,0
1699,2024-09-09 18:00:00,2024-09,Commercial,Phone,Enrollment,2040,Benefits Queue,121,274,Resolved,Yes,90,No,0,0
1700,2024-09-09 19:00:00,2024-09,Medicaid,Portal,System Access,2039,Claims Queue,161,91,Resolved,Yes,60,No,0,0
1701,2024-09-09 20:00:00,2024-09,Medicare,Portal,Billing,2012,Enrollment Queue,137,281,Resolved,Yes,30,No,0,0
1702,2024-09-09 21:00:00,2024-09,Medicare,IVR,Benefits Coverage,2019,Benefits Queue,156,171,Resolved,Yes,30,No,0,0
1703,2024-09-09 22:00:00,2024-09,Medicaid,IVR,Prior Authorization,2029,Claims Queue,138,519,Resolved,Yes,90,No,0,0
1704,2024-09-09 23:00:00,2024-09,Medicare,Phone,Claims Status,2049,Claims Queue,30,158,Resolved,Yes,60,Yes,0,0
1705,2024-09-10 00:00:00,2024-09,Medicare,Phone,Claims Status,2007,Benefits Queue,50,292,Resolved,Yes,90,Yes,0,0
1706,2024-09-10 01:00:00,2024-09,Medicare,Phone,Provider Inquiry,2053,Benefits Queue,18,839,Resolved,No,60,Yes,0,0
1707,2024-09-10 02:00:00,2024-09,Medicaid,Phone,System Access,2041,Claims Queue,117,257,Resolved,Yes,30,No,0,0
1708,2024-09-10 03:00:00,2024-09,Medicaid,IVR,Benefits Coverage,2028,Claims Queue,43,79,Escalated,Yes,30,No,1,0
1709,2024-09-10 04:00:00,2024-09,Commercial,IVR,Billing,2059,Claims Queue,95,401,Escalated,Yes,60,No,1,0
1710,2024-09-10 05:00:00,2024-09,Commercial,Phone,Claims Status,2058,Claims Queue,12,330,Escalated,Yes,60,Yes,1,0
1711,2024-09-10 06:00:00,2024-09,Medicaid,Phone,Billing,2054,Claims Queue,77,233,Escalated,Yes,60,No,1,0
1712,2024-09-10 07:00:00,2024-09,Medicaid,Phone,Prior Authorization,2054,Benefits Queue,132,586,Resolved,Yes,60,No,0,0
1713,2024-09-10 08:00:00,2024-09,Medicare,Phone,Billing,2047,Benefits Queue,104,293,Escalated,Yes,30,No,1,0
1714,2024-09-10 09:00:00,2024-09,Medicare,Phone,System Access,2053,Enrollment Queue,70,393,Resolved,Yes,30,No,0,0
1715,2024-09-10 10:00:00,2024-09,Commercial,Phone,Billing,2030,Enrollment Queue,106,347,Escalated,Yes,60,No,1,0
1716,2024-09-10 11:00:00,2024-09,Medicare,Phone,Prior Authorization,2038,Claims Queue,199,172,Resolved,Yes,90,No,0,0
1717,2024-09-10 12:00:00,2024-09,Medicare,Portal,Claims Status,2059,Benefits Queue,280,940,Resolved,Yes,30,No,0,0
1718,2024-09-10 13:00:00,2024-09,Medicare,Portal,Enrollment,2047,Claims Queue,17,315,Escalated,Yes,30,Yes,1,0
1719,2024-09-10 14:00:00,2024-09,Medicaid,Phone,Billing,2053,Claims Queue,253,161,Resolved,Yes,30,No,0,0
1720,2024-09-10 15:00:00,2024-09,Medicare,Phone,Prior Authorization,2001,Benefits Queue,38,442,Resolved,No,60,Yes,0,0
1721,2024-09-10 16:00:00,2024-09,Medicare,Phone,Enrollment,2007,Benefits Queue,57,463,Escalated,No,60,Yes,1,0
1722,2024-09-10 17:00:00,2024-09,Medicaid,Phone,System Access,2058,Enrollment Queue,77,166,Escalated,Yes,60,No,1,0
1723,2024-09-10 18:00:00,2024-09,Medicaid,IVR,Billing,2021,Claims Queue,243,126,Escalated,No,30,No,1,0
1724,2024-09-10 19:00:00,2024-09,Medicaid,Phone,Provider Inquiry,2037,Benefits Queue,103,108,Resolved,Yes,60,No,0,0
1725,2024-09-10 20:00:00,2024-09,Medicare,Portal,Billing,2027,Claims Queue,73,718,Resolved,Yes,30,No,0,0
1726,2024-09-10 21:00:00,2024-09,Medicaid,Phone,Enrollment,2048,Claims Queue,176,151,Resolved,Yes,90,No,0,0
1727,2024-09-10 22:00:00,2024-09,Medicare,Phone,Enrollment,2027,Enrollment Queue,135,280,Resolved,Yes,60,No,0,0
1728,2024-09-10 23:00:00,2024-09,Medicare,Phone,Benefits Coverage,2003,Benefits Queue,53,244,Resolved,Yes,30,No,0,0
1729,2024-09-11 00:00:00,2024-09,Medicaid,IVR,System Access,2045,Enrollment Queue,92,437,Resolved,Yes,60,No,0,0
1730,2024-09-11 01:00:00,2024-09,Medicaid,Phone,System Access,2049,Claims Queue,35,805,Escalated,Yes,60,Yes,1,0
1731,2024-09-11 02:00:00,2024-09,Medicaid,Phone,Claims Status,2055,Enrollment Queue,104,182,Resolved,Yes,60,No,0,0
1732,2024-09-11 03:00:00,2024-09,Medicaid,Portal,Enrollment,2013,Enrollment Queue,226,371,Resolved,Yes,30,No,0,0
1733,2024-09-11 04:00:00,2024-09,Commercial,Phone,Enrollment,2050,Benefits Queue,74,87,Resolved,No,30,No,0,0
1734,2024-09-11 05:00:00,2024-09,Medicaid,Phone,Claims Status,2011,Claims Queue,92,180,Resolved,Yes,60,No,0,0
1735,2024-09-11 06:00:00,2024-09,Commercial,IVR,Provider Inquiry,2018,Benefits Queue,19,279,Resolved,Yes,90,Yes,0,0
1736,2024-09-11 07:00:00,2024-09,Medicaid,Phone,System Access,2024,Benefits Queue,47,392,Resolved,Yes,30,No,0,0
1737,2024-09-11 08:00:00,2024-09,Medicaid,Phone,System Access,2034,Benefits Queue,35,339,Resolved,Yes,60,Yes,0,0
1738,2024-09-11 09:00:00,2024-09,Medicare,Phone,Claims Status,2054,Benefits Queue,113,275,Escalated,Yes,60,No,1,0
1739,2024-09-11 10:00:00,2024-09,Medicaid,Phone,Prior Authorization,2058,Enrollment Queue,50,584,Resolved,Yes,60,Yes,0,0
1740,2024-09-11 11:00:00,2024-09,Medicaid,Phone,Benefits Coverage,2028,Benefits Queue,68,113,Resolved,No,90,Yes,0,0
1741,2024-09-11 12:00:00,2024-09,Medicare,Portal,System Access,2054,Enrollment Queue,108,259,Resolved,No,90,No,0,0
1742,2024-09-11 13:00:00,2024-09,Medicaid,Phone,Provider Inquiry,2054,Benefits Queue,44,140,Escalated,No,30,No,1,0
1743,2024-09-11 14:00:00,2024-09,Medicare,Phone,Billing,2043,Enrollment Queue,123,234,Escalated,No,30,No,1,0
1744,2024-09-11 15:00:00,2024-09,Medicaid,Phone,System Access,2048,Claims Queue,13,604,Resolved,Yes,60,Yes,0,0
1745,2024-09-11 16:00:00,2024-09,Medicaid,IVR,Claims Status,2021,Benefits Queue,71,624,Resolved,No,90,Yes,0,0
1746,2024-09-11 17:00:00,2024-09,Commercial,Phone,Prior Authorization,2030,Benefits Queue,57,233,Resolved,Yes,60,Yes,0,0
1747,2024-09-11 18:00:00,2024-09,Medicare,Phone,Billing,2032,Claims Queue,69,366,Resolved,Yes,30,No,0,0
1748,2024-09-11 19:00:00,2024-09,Medicaid,Portal,Benefits Coverage,2049,Enrollment Queue,79,349,Resolved,Yes,60,No,0,0
1749,2024-09-11 20:00:00,2024-09,Medicaid,Phone,Prior Authorization,2058,Benefits Queue,50,210,Escalated,Yes,30,No,1,0
1750,2024-09-11 21:00:00,2024-09,Medicaid,IVR,Prior Authorization,2017,Enrollment Queue,29,258,Resolved,Yes,90,Yes,0,0
1751,2024-09-11 22:00:00,2024-09,Medicaid,Phone,Provider Inquiry,2046,Enrollment Queue,152,437,Resolved,Yes,90,No,0,0
1752,2024-09-11 23:00:00,2024-09,Medicare,Phone,System Access,2032,Enrollment Queue,192,117,Resolved,Yes,60,No,0,0
1753,2024-09-12 00:00:00,2024-09,Medicaid,Phone,System Access,2059,Benefits Queue,101,274,Resolved,No,30,No,0,0
1754,2024-09-12 01:00:00,2024-09,Medicaid,IVR,System Access,2050,Benefits Queue,75,106,Escalated,Yes,30,No,1,0
1755,2024-09-12 02:00:00,2024-09,Medicaid,Phone,Claims Status,2042,Benefits Queue,89,308,Resolved,No,90,Yes,0,0
1756,2024-09-12 03:00:00,2024-09,Medicaid,Phone,Billing,2034,Benefits Queue,88,633,Escalated,No,30,No,1,0
1757,2024-09-12 04:00:00,2024-09,Medicaid,Phone,Prior Authorization,2017,Enrollment Queue,104,534,Resolved,Yes,60,No,0,0
1758,2024-09-12 05:00:00,2024-09,Medicaid,Phone,System Access,2054,Claims Queue,34,172,Resolved,Yes,30,No,0,0
1759,2024-09-12 06:00:00,2024-09,Medicaid,Phone,Prior Authorization,2048,Enrollment Queue,134,266,Escalated,Yes,60,No,1,0
1760,2024-09-12 07:00:00,2024-09,Medicaid,Phone,Provider Inquiry,2034,Claims Queue,95,170,Resolved,Yes,60,No,0,0
1761,2024-09-12 08:00:00,2024-09,Medicaid,Phone,Billing,2016,Claims Queue,88,172,Resolved,Yes,30,No,0,0
1762,2024-09-12 09:00:00,2024-09,Medicaid,Phone,Provider Inquiry,2007,Enrollment Queue,132,184,Abandoned,No,30,No,0,1
1763,2024-09-12 10:00:00,2024-09,Medicaid,IVR,Benefits Coverage,2046,Benefits Queue,119,67,Abandoned,Yes,30,No,0,1
1764,2024-09-12 11:00:00,2024-09,Commercial,Phone,Prior Authorization,2037,Enrollment Queue,196,402,Resolved,Yes,60,No,0,0
1765,2024-09-12 12:00:00,2024-09,Medicaid,IVR,Provider Inquiry,2025,Benefits Queue,49,269,Resolved,Yes,60,Yes,0,0
1766,2024-09-12 13:00:00,2024-09,Medicare,IVR,Enrollment,2012,Enrollment Queue,180,463,Resolved,Yes,90,No,0,0
1767,2024-09-12 14:00:00,2024-09,Medicare,Phone,Benefits Coverage,2052,Claims Queue,50,78,Resolved,No,60,Yes,0,0
1768,2024-09-12 15:00:00,2024-09,Medicare,Phone,System Access,2028,Benefits Queue,33,226,Escalated,Yes,30,No,1,0
1769,2024-09-12 16:00:00,2024-09,Medicare,Phone,System Access,2022,Claims Queue,7,193,Escalated,Yes,90,Yes,1,0
1770,2024-09-12 17:00:00,2024-09,Commercial,Phone,Billing,2030,Enrollment Queue,339,279,Resolved,Yes,30,No,0,0
1771,2024-09-12 18:00:00,2024-09,Medicare,Phone,Enrollment,2032,Enrollment Queue,69,233,Resolved,Yes,30,No,0,0
1772,2024-09-12 19:00:00,2024-09,Medicaid,Phone,Claims Status,2056,Enrollment Queue,23,334,Resolved,No,60,Yes,0,0
1773,2024-09-12 20:00:00,2024-09,Medicare,Phone,Claims Status,2045,Benefits Queue,136,418,Resolved,No,60,No,0,0
1774,2024-09-12 21:00:00,2024-09,Medicare,Phone,Provider Inquiry,2043,Benefits Queue,111,217,Resolved,No,30,No,0,0
1775,2024-09-12 22:00:00,2024-09,Commercial,IVR,Billing,2053,Benefits Queue,127,450,Escalated,No,90,No,1,0
1776,2024-09-12 23:00:00,2024-09,Medicaid,IVR,Claims Status,2011,Benefits Queue,83,224,Resolved,Yes,30,No,0,0
1777,2024-09-13 00:00:00,2024-09,Medicare,IVR,System Access,2034,Claims Queue,57,463,Escalated,No,30,No,1,0
1778,2024-09-13 01:00:00,2024-09,Medicaid,IVR,Benefits Coverage,2034,Claims Queue,132,95,Abandoned,No,30,No,0,1
1779,2024-09-13 02:00:00,2024-09,Medicaid,Phone,Claims Status,2056,Benefits Queue,148,172,Escalated,Yes,60,No,1,0
1780,2024-09-13 03:00:00,2024-09,Medicaid,Phone,Benefits Coverage,2028,Benefits Queue,84,406,Resolved,Yes,30,No,0,0
1781,2024-09-13 04:00:00,2024-09,Medicaid,IVR,Benefits Coverage,2031,Benefits Queue,344,533,Resolved,Yes,30,No,0,0
1782,2024-09-13 05:00:00,2024-09,Commercial,Phone,Prior Authorization,2052,Enrollment Queue,68,238,Resolved,Yes,60,No,0,0
1783,2024-09-13 06:00:00,2024-09,Commercial,Phone,System Access,2038,Benefits Queue,66,223,Resolved,Yes,30,No,0,0
1784,2024-09-13 07:00:00,2024-09,Medicaid,Phone,System Access,2009,Enrollment Queue,92,737,Escalated,Yes,60,No,1,0
1785,2024-09-13 08:00:00,2024-09,Medicare,Portal,Prior Authorization,2023,Claims Queue,204,461,Resolved,Yes,30,No,0,0
1786,2024-09-13 09:00:00,2024-09,Commercial,Phone,Provider Inquiry,2046,Enrollment Queue,149,353,Resolved,No,30,No,0,0
1787,2024-09-13 10:00:00,2024-09,Medicare,Phone,Benefits Coverage,2032,Claims Queue,9,169,Escalated,Yes,30,Yes,1,0
1788,2024-09-13 11:00:00,2024-09,Medicaid,Portal,System Access,2011,Claims Queue,21,200,Resolved,Yes,60,Yes,0,0
1789,2024-09-13 12:00:00,2024-09,Medicare,Phone,Provider Inquiry,2020,Enrollment Queue,190,128,Resolved,Yes,30,No,0,0
1790,2024-09-13 13:00:00,2024-09,Medicaid,Portal,Provider Inquiry,2050,Claims Queue,173,261,Resolved,Yes,30,No,0,0
1791,2024-09-13 14:00:00,2024-09,Medicare,Phone,Prior Authorization,2022,Claims Queue,104,28,Resolved,No,30,No,0,0
1792,2024-09-13 15:00:00,2024-09,Medicare,Phone,Provider Inquiry,2038,Claims Queue,205,309,Escalated,Yes,60,No,1,0
1793,2024-09-13 16:00:00,2024-09,Medicaid,Phone,Provider Inquiry,2026,Benefits Queue,22,398,Resolved,No,60,Yes,0,0
1794,2024-09-13 17:00:00,2024-09,Medicare,Phone,Claims Status,2034,Claims Queue,25,288,Escalated,Yes,30,Yes,1,0
1795,2024-09-13 18:00:00,2024-09,Medicare,Phone,Claims Status,2056,Benefits Queue,22,385,Resolved,No,30,Yes,0,0
1796,2024-09-13 19:00:00,2024-09,Medicare,Phone,Prior Authorization,2001,Claims Queue,70,722,Resolved,Yes,60,No,0,0
1797,2024-09-13 20:00:00,2024-09,Medicaid,Portal,Billing,2009,Claims Queue,45,574,Resolved,Yes,30,No,0,0
1798,2024-09-13 21:00:00,2024-09,Medicare,Phone,Claims Status,2054,Enrollment Queue,157,258,Resolved,No,60,No,0,0
1799,2024-09-13 22:00:00,2024-09,Medicaid,Phone,System Access,2027,Enrollment Queue,32,194,Abandoned,Yes,60,Yes,0,1
1800,2024-09-13 23:00:00,2024-09,Medicare,Phone,System Access,2017,Claims Queue,84,582,Resolved,Yes,90,Yes,0,0
1801,2024-09-14 00:00:00,2024-09,Medicare,Phone,Prior Authorization,2036,Enrollment Queue,88,251,Resolved,Yes,60,No,0,0
1802,2024-09-14 01:00:00,2024-09,Medicaid,Phone,Billing,2002,Benefits Queue,122,325,Resolved,Yes,60,No,0,0
1803,2024-09-14 02:00:00,2024-09,Medicare,Phone,Benefits Coverage,2046,Benefits Queue,148,442,Resolved,Yes,90,No,0,0
1804,2024-09-14 03:00:00,2024-09,Medicare,Portal,Enrollment,2018,Benefits Queue,38,246,Abandoned,Yes,30,No,0,1
1805,2024-09-14 04:00:00,2024-09,Medicaid,Phone,Claims Status,2053,Benefits Queue,161,283,Resolved,Yes,60,No,0,0
1806,2024-09-14 05:00:00,2024-09,Commercial,Phone,Enrollment,2045,Claims Queue,102,100,Resolved,Yes,30,No,0,0
1807,2024-09-14 06:00:00,2024-09,Medicare,Portal,Provider Inquiry,2028,Claims Queue,98,299,Resolved,Yes,60,No,0,0
1808,2024-09-14 07:00:00,2024-09,Commercial,IVR,Prior Authorization,2033,Benefits Queue,37,326,Resolved,Yes,60,Yes,0,0
1809,2024-09-14 08:00:00,2024-09,Medicare,Phone,Provider Inquiry,2057,Benefits Queue,113,215,Escalated,Yes,30,No,1,0
1810,2024-09-14 09:00:00,2024-09,Medicare,Phone,Claims Status,2022,Enrollment Queue,26,288,Resolved,No,60,Yes,0,0
1811,2024-09-14 10:00:00,2024-09,Medicare,Phone,Enrollment,2009,Claims Queue,116,237,Resolved,Yes,60,No,0,0
1812,2024-09-14 11:00:00,2024-09,Medicaid,Phone,Enrollment,2027,Benefits Queue,237,361,Resolved,Yes,30,No,0,0
1813,2024-09-14 12:00:00,2024-09,Medicaid,Phone,Provider Inquiry,2005,Enrollment Queue,103,293,Resolved,No,60,No,0,0
1814,2024-09-14 13:00:00,2024-09,Medicaid,Phone,Claims Status,2031,Claims Queue,111,622,Abandoned,Yes,30,No,0,1
1815,2024-09-14 14:00:00,2024-09,Medicaid,Phone,Prior Authorization,2014,Claims Queue,122,492,Resolved,Yes,60,No,0,0
1816,2024-09-14 15:00:00,2024-09,Commercial,Portal,System Access,2038,Benefits Queue,126,561,Resolved,Yes,60,No,0,0
1817,2024-09-14 16:00:00,2024-09,Medicare,IVR,Benefits Coverage,2006,Claims Queue,208,356,Escalated,Yes,60,No,1,0
1818,2024-09-14 17:00:00,2024-09,Medicare,Phone,Prior Authorization,2059,Enrollment Queue,11,239,Resolved,Yes,30,Yes,0,0
1819,2024-09-14 18:00:00,2024-09,Medicaid,IVR,System Access,2058,Claims Queue,140,422,Resolved,Yes,60,No,0,0
1820,2024-09-14 19:00:00,2024-09,Medicaid,IVR,System Access,2011,Benefits Queue,93,436,Resolved,Yes,30,No,0,0
1821,2024-09-14 20:00:00,2024-09,Medicaid,IVR,Billing,2005,Enrollment Queue,111,67,Resolved,Yes,90,No,0,0
1822,2024-09-14 21:00:00,2024-09,Commercial,Phone,Enrollment,2024,Benefits Queue,49,146,Escalated,No,30,No,1,0
1823,2024-09-14 22:00:00,2024-09,Medicare,Phone,Claims Status,2040,Claims Queue,116,332,Resolved,Yes,60,No,0,0
1824,2024-09-14 23:00:00,2024-09,Medicare,Portal,Enrollment,2047,Enrollment Queue,104,337,Abandoned,Yes,30,No,0,1
1825,2024-09-15 00:00:00,2024-09,Medicare,Phone,Prior Authorization,2031,Enrollment Queue,111,364,Resolved,Yes,30,No,0,0
1826,2024-09-15 01:00:00,2024-09,Commercial,Phone,Benefits Coverage,2040,Enrollment Queue,56,169,Resolved,Yes,30,No,0,0
1827,2024-09-15 02:00:00,2024-09,Medicaid,Phone,Billing,2026,Claims Queue,92,710,Resolved,Yes,60,No,0,0
1828,2024-09-15 03:00:00,2024-09,Medicaid,Phone,Benefits Coverage,2020,Claims Queue,18,519,Abandoned,Yes,30,Yes,0,1
1829,2024-09-15 04:00:00,2024-09,Medicare,Phone,Enrollment,2044,Claims Queue,35,192,Resolved,Yes,30,No,0,0
1830,2024-09-15 05:00:00,2024-09,Medicare,Phone,Benefits Coverage,2037,Benefits Queue,80,265,Resolved,Yes,30,No,0,0
1831,2024-09-15 06:00:00,2024-09,Commercial,IVR,Enrollment,2055,Enrollment Queue,16,635,Resolved,Yes,90,Yes,0,0
1832,2024-09-15 07:00:00,2024-09,Commercial,Phone,Prior Authorization,2051,Benefits Queue,140,145,Resolved,Yes,90,No,0,0
1833,2024-09-15 08:00:00,2024-09,Commercial,IVR,System Access,2013,Enrollment Queue,57,79,Escalated,No,60,Yes,1,0
1834,2024-09-15 09:00:00,2024-09,Medicare,Phone,Provider Inquiry,2043,Benefits Queue,81,370,Resolved,Yes,30,No,0,0
1835,2024-09-15 10:00:00,2024-09,Medicare,IVR,Billing,2038,Enrollment Queue,118,350,Resolved,Yes,30,No,0,0
1836,2024-09-15 11:00:00,2024-09,Medicaid,Phone,Provider Inquiry,2028,Enrollment Queue,97,746,Escalated,Yes,90,No,1,0
1837,2024-09-15 12:00:00,2024-09,Commercial,Portal,Benefits Coverage,2022,Benefits Queue,148,188,Resolved,Yes,90,No,0,0
1838,2024-09-15 13:00:00,2024-09,Commercial,Phone,Enrollment,2026,Enrollment Queue,130,402,Resolved,Yes,60,No,0,0
1839,2024-09-15 14:00:00,2024-09,Medicare,Phone,Provider Inquiry,2035,Benefits Queue,41,92,Resolved,No,30,No,0,0
1840,2024-09-15 15:00:00,2024-09,Medicare,Phone,Prior Authorization,2004,Claims Queue,229,657,Escalated,Yes,60,No,1,0
1841,2024-09-15 16:00:00,2024-09,Commercial,IVR,System Access,2017,Claims Queue,130,494,Resolved,Yes,60,No,0,0
1842,2024-09-15 17:00:00,2024-09,Medicaid,Phone,Provider Inquiry,2057,Benefits Queue,199,549,Escalated,No,30,No,1,0
1843,2024-09-15 18:00:00,2024-09,Medicare,Phone,Billing,2019,Benefits Queue,32,439,Resolved,Yes,30,No,0,0
1844,2024-09-15 19:00:00,2024-09,Commercial,Phone,System Access,2022,Benefits Queue,283,126,Resolved,No,30,No,0,0
1845,2024-09-15 20:00:00,2024-09,Medicaid,Phone,System Access,2043,Claims Queue,119,446,Resolved,No,90,No,0,0
1846,2024-09-15 21:00:00,2024-09,Medicaid,Portal,System Access,2026,Enrollment Queue,48,53,Resolved,Yes,30,No,0,0
1847,2024-09-15 22:00:00,2024-09,Commercial,IVR,Benefits Coverage,2057,Claims Queue,57,560,Resolved,No,30,No,0,0
1848,2024-09-15 23:00:00,2024-09,Commercial,Phone,Claims Status,2008,Benefits Queue,64,708,Resolved,Yes,30,No,0,0
1849,2024-09-16 00:00:00,2024-09,Medicaid,Phone,Prior Authorization,2046,Enrollment Queue,19,398,Escalated,No,90,Yes,1,0
1850,2024-09-16 01:00:00,2024-09,Medicare,Phone,Enrollment,2031,Benefits Queue,32,163,Resolved,Yes,60,Yes,0,0
1851,2024-09-16 02:00:00,2024-09,Medicare,Phone,Provider Inquiry,2007,Enrollment Queue,105,237,Resolved,Yes,30,No,0,0
1852,2024-09-16 03:00:00,2024-09,Medicare,Phone,System Access,2043,Benefits Queue,66,115,Resolved,Yes,30,No,0,0
1853,2024-09-16 04:00:00,2024-09,Medicare,Phone,Prior Authorization,2029,Benefits Queue,67,444,Resolved,Yes,30,No,0,0
1854,2024-09-16 05:00:00,2024-09,Medicare,Phone,System Access,2042,Claims Queue,100,318,Resolved,Yes,30,No,0,0
1855,2024-09-16 06:00:00,2024-09,Medicare,Phone,System Access,2036,Enrollment Queue,73,348,Escalated,Yes,30,No,1,0
1856,2024-09-16 07:00:00,2024-09,Medicare,Phone,Provider Inquiry,2042,Benefits Queue,167,951,Resolved,Yes,60,No,0,0
1857,2024-09-16 08:00:00,2024-09,Medicaid,IVR,Claims Status,2026,Enrollment Queue,127,289,Resolved,Yes,60,No,0,0
1858,2024-09-16 09:00:00,2024-09,Medicaid,Phone,System Access,2018,Benefits Queue,101,262,Resolved,No,60,No,0,0
1859,2024-09-16 10:00:00,2024-09,Medicaid,Phone,Provider Inquiry,2010,Enrollment Queue,152,260,Resolved,No,60,No,0,0
1860,2024-09-16 11:00:00,2024-09,Commercial,Phone,Prior Authorization,2026,Claims Queue,70,501,Resolved,Yes,60,No,0,0
1861,2024-09-16 12:00:00,2024-09,Medicare,IVR,Benefits Coverage,2005,Claims Queue,50,620,Escalated,Yes,30,No,1,0
1862,2024-09-16 13:00:00,2024-09,Medicare,Phone,Enrollment,2009,Claims Queue,15,454,Abandoned,Yes,60,Yes,0,1
1863,2024-09-16 14:00:00,2024-09,Commercial,IVR,Enrollment,2048,Enrollment Queue,209,467,Resolved,No,30,No,0,0
1864,2024-09-16 15:00:00,2024-09,Medicaid,IVR,Prior Authorization,2037,Benefits Queue,49,305,Resolved,Yes,60,Yes,0,0
1865,2024-09-16 16:00:00,2024-09,Medicaid,IVR,Billing,2008,Enrollment Queue,58,173,Escalated,No,30,No,1,0
1866,2024-09-16 17:00:00,2024-09,Medicaid,Phone,Billing,2049,Benefits Queue,127,436,Resolved,Yes,30,No,0,0
1867,2024-09-16 18:00:00,2024-09,Commercial,IVR,Claims Status,2010,Claims Queue,296,182,Resolved,Yes,60,No,0,0
1868,2024-09-16 19:00:00,2024-09,Medicare,IVR,Claims Status,2036,Enrollment Queue,13,296,Resolved,Yes,90,Yes,0,0
1869,2024-09-16 20:00:00,2024-09,Medicaid,Phone,Claims Status,2035,Enrollment Queue,101,349,Resolved,Yes,30,No,0,0
1870,2024-09-16 21:00:00,2024-09,Medicaid,Phone,System Access,2018,Enrollment Queue,119,439,Resolved,Yes,60,No,0,0
1871,2024-09-16 22:00:00,2024-09,Medicaid,Phone,Benefits Coverage,2035,Benefits Queue,101,128,Resolved,Yes,60,No,0,0
1872,2024-09-16 23:00:00,2024-09,Commercial,Phone,Enrollment,2008,Enrollment Queue,20,290,Resolved,Yes,90,Yes,0,0
1873,2024-09-17 00:00:00,2024-09,Medicaid,Portal,System Access,2031,Enrollment Queue,198,367,Escalated,Yes,90,No,1,0
1874,2024-09-17 01:00:00,2024-09,Commercial,Phone,Enrollment,2005,Claims Queue,46,506,Resolved,Yes,90,Yes,0,0
1875,2024-09-17 02:00:00,2024-09,Commercial,Phone,Claims Status,2009,Enrollment Queue,45,596,Resolved,Yes,60,Yes,0,0
1876,2024-09-17 03:00:00,2024-09,Commercial,Phone,Enrollment,2013,Benefits Queue,66,583,Abandoned,No,60,No,0,1
1877,2024-09-17 04:00:00,2024-09,Medicare,Phone,Provider Inquiry,2056,Claims Queue,126,445,Resolved,Yes,60,No,0,0
1878,2024-09-17 05:00:00,2024-09,Medicaid,IVR,Claims Status,2001,Enrollment Queue,29,485,Escalated,No,60,Yes,1,0
1879,2024-09-17 06:00:00,2024-09,Medicare,Phone,Claims Status,2016,Claims Queue,128,436,Resolved,No,90,No,0,0
1880,2024-09-17 07:00:00,2024-09,Commercial,Phone,Claims Status,2030,Claims Queue,161,239,Resolved,No,30,No,0,0
1881,2024-09-17 08:00:00,2024-09,Commercial,Phone,Claims Status,2008,Claims Queue,40,188,Resolved,Yes,30,No,0,0
1882,2024-09-17 09:00:00,2024-09,Medicaid,Phone,Enrollment,2002,Enrollment Queue,251,435,Abandoned,No,60,No,0,1
1883,2024-09-17 10:00:00,2024-09,Medicare,Phone,Prior Authorization,2004,Claims Queue,112,287,Resolved,Yes,90,No,0,0
1884,2024-09-17 11:00:00,2024-09,Medicare,Phone,Provider Inquiry,2026,Benefits Queue,49,340,Resolved,Yes,60,Yes,0,0
1885,2024-09-17 12:00:00,2024-09,Medicaid,IVR,Claims Status,2041,Claims Queue,30,222,Resolved,Yes,60,Yes,0,0
1886,2024-09-17 13:00:00,2024-09,Medicaid,Phone,Billing,2043,Claims Queue,273,365,Resolved,Yes,90,No,0,0
1887,2024-09-17 14:00:00,2024-09,Medicaid,IVR,Claims Status,2039,Enrollment Queue,82,437,Resolved,Yes,30,No,0,0
1888,2024-09-17 15:00:00,2024-09,Medicare,Phone,Billing,2041,Claims Queue,48,167,Escalated,Yes,90,Yes,1,0
1889,2024-09-17 16:00:00,2024-09,Medicaid,Portal,System Access,2052,Claims Queue,23,134,Resolved,Yes,90,Yes,0,0
1890,2024-09-17 17:00:00,2024-09,Medicare,Phone,Prior Authorization,2030,Benefits Queue,7,471,Resolved,No,30,Yes,0,0
1891,2024-09-17 18:00:00,2024-09,Medicare,Phone,Enrollment,2041,Claims Queue,22,532,Resolved,Yes,60,Yes,0,0
1892,2024-09-17 19:00:00,2024-09,Commercial,IVR,Billing,2021,Enrollment Queue,107,137,Resolved,Yes,30,No,0,0
1893,2024-09-17 20:00:00,2024-09,Medicare,Phone,Benefits Coverage,2027,Claims Queue,24,201,Escalated,No,30,Yes,1,0
1894,2024-09-17 21:00:00,2024-09,Medicare,Phone,Enrollment,2025,Enrollment Queue,192,259,Resolved,Yes,30,No,0,0
1895,2024-09-17 22:00:00,2024-09,Medicaid,IVR,System Access,2057,Claims Queue,59,162,Resolved,Yes,30,No,0,0
1896,2024-09-17 23:00:00,2024-09,Medicaid,Phone,Billing,2039,Enrollment Queue,45,145,Resolved,Yes,60,Yes,0,0
1897,2024-09-18 00:00:00,2024-09,Commercial,Phone,System Access,2049,Enrollment Queue,89,270,Resolved,No,30,No,0,0
1898,2024-09-18 01:00:00,2024-09,Medicare,IVR,Provider Inquiry,2043,Benefits Queue,38,277,Resolved,Yes,30,No,0,0
1899,2024-09-18 02:00:00,2024-09,Medicaid,Phone,Billing,2041,Claims Queue,98,16,Resolved,No,60,No,0,0
1900,2024-09-18 03:00:00,2024-09,Medicare,IVR,Benefits Coverage,2043,Benefits Queue,70,620,Resolved,Yes,60,No,0,0
1901,2024-09-18 04:00:00,2024-09,Medicare,Portal,Prior Authorization,2018,Claims Queue,46,399,Resolved,Yes,60,Yes,0,0
1902,2024-09-18 05:00:00,2024-09,Commercial,Phone,Billing,2036,Enrollment Queue,449,486,Abandoned,Yes,60,No,0,1
1903,2024-09-18 06:00:00,2024-09,Commercial,Phone,System Access,2030,Enrollment Queue,143,230,Abandoned,Yes,30,No,0,1
1904,2024-09-18 07:00:00,2024-09,Commercial,Phone,Billing,2052,Benefits Queue,60,218,Resolved,Yes,30,No,0,0
1905,2024-09-18 08:00:00,2024-09,Medicare,IVR,Enrollment,2031,Enrollment Queue,53,93,Resolved,Yes,90,Yes,0,0
1906,2024-09-18 09:00:00,2024-09,Medicare,IVR,Benefits Coverage,2042,Benefits Queue,83,619,Resolved,Yes,90,Yes,0,0
1907,2024-09-18 10:00:00,2024-09,Medicaid,IVR,Prior Authorization,2033,Benefits Queue,23,293,Resolved,Yes,60,Yes,0,0
1908,2024-09-18 11:00:00,2024-09,Medicare,Phone,Provider Inquiry,2029,Claims Queue,86,179,Resolved,Yes,90,Yes,0,0
1909,2024-09-18 12:00:00,2024-09,Medicare,Phone,Provider Inquiry,2020,Claims Queue,203,550,Resolved,Yes,60,No,0,0
1910,2024-09-18 13:00:00,2024-09,Medicaid,Phone,Billing,2056,Benefits Queue,112,91,Resolved,Yes,90,No,0,0
1911,2024-09-18 14:00:00,2024-09,Medicaid,Phone,Claims Status,2016,Enrollment Queue,76,304,Resolved,Yes,30,No,0,0
1912,2024-09-18 15:00:00,2024-09,Medicare,Phone,System Access,2015,Claims Queue,38,193,Resolved,Yes,30,No,0,0
1913,2024-09-18 16:00:00,2024-09,Medicaid,Phone,Benefits Coverage,2058,Enrollment Queue,236,271,Resolved,Yes,60,No,0,0
1914,2024-09-18 17:00:00,2024-09,Medicaid,Phone,Benefits Coverage,2039,Benefits Queue,18,469,Resolved,Yes,30,Yes,0,0
1915,2024-09-18 18:00:00,2024-09,Medicaid,Phone,Prior Authorization,2039,Benefits Queue,90,633,Resolved,Yes,60,No,0,0
1916,2024-09-18 19:00:00,2024-09,Medicare,IVR,Enrollment,2056,Benefits Queue,113,117,Abandoned,Yes,30,No,0,1
1917,2024-09-18 20:00:00,2024-09,Medicaid,Portal,Prior Authorization,2053,Enrollment Queue,217,191,Resolved,Yes,60,No,0,0
1918,2024-09-18 21:00:00,2024-09,Medicaid,Phone,Prior Authorization,2012,Enrollment Queue,130,157,Abandoned,Yes,60,No,0,1
1919,2024-09-18 22:00:00,2024-09,Medicaid,IVR,Prior Authorization,2049,Claims Queue,95,179,Resolved,Yes,60,No,0,0
1920,2024-09-18 23:00:00,2024-09,Medicare,Phone,Prior Authorization,2050,Enrollment Queue,4,591,Resolved,Yes,90,Yes,0,0
1921,2024-09-19 00:00:00,2024-09,Medicaid,Phone,Provider Inquiry,2020,Enrollment Queue,192,313,Resolved,Yes,30,No,0,0
1922,2024-09-19 01:00:00,2024-09,Medicare,Phone,Provider Inquiry,2048,Enrollment Queue,45,619,Resolved,Yes,30,No,0,0
1923,2024-09-19 02:00:00,2024-09,Medicare,IVR,Claims Status,2020,Claims Queue,82,199,Resolved,Yes,30,No,0,0
1924,2024-09-19 03:00:00,2024-09,Medicaid,Phone,Provider Inquiry,2007,Claims Queue,49,176,Abandoned,No,90,Yes,0,1
1925,2024-09-19 04:00:00,2024-09,Medicaid,Phone,Enrollment,2049,Benefits Queue,55,163,Resolved,Yes,30,No,0,0
1926,2024-09-19 05:00:00,2024-09,Medicare,IVR,Billing,2043,Benefits Queue,37,130,Resolved,Yes,60,Yes,0,0
1927,2024-09-19 06:00:00,2024-09,Medicaid,Phone,System Access,2039,Claims Queue,72,385,Resolved,Yes,60,No,0,0
1928,2024-09-19 07:00:00,2024-09,Medicaid,IVR,Claims Status,2031,Enrollment Queue,49,89,Escalated,Yes,60,Yes,1,0
1929,2024-09-19 08:00:00,2024-09,Medicaid,IVR,Provider Inquiry,2058,Claims Queue,211,107,Resolved,Yes,90,No,0,0
1930,2024-09-19 09:00:00,2024-09,Medicaid,Phone,Provider Inquiry,2022,Benefits Queue,62,147,Escalated,Yes,90,Yes,1,0
1931,2024-09-19 10:00:00,2024-09,Medicare,Phone,System Access,2039,Claims Queue,228,124,Escalated,No,30,No,1,0
1932,2024-09-19 11:00:00,2024-09,Medicaid,Phone,Benefits Coverage,2016,Benefits Queue,107,808,Abandoned,No,30,No,0,1
1933,2024-09-19 12:00:00,2024-09,Medicaid,IVR,Prior Authorization,2016,Benefits Queue,64,368,Resolved,Yes,60,No,0,0
1934,2024-09-19 13:00:00,2024-09,Medicaid,Phone,System Access,2010,Benefits Queue,108,785,Abandoned,Yes,30,No,0,1
1935,2024-09-19 14:00:00,2024-09,Medicaid,Phone,Enrollment,2026,Enrollment Queue,106,482,Resolved,Yes,90,No,0,0
1936,2024-09-19 15:00:00,2024-09,Medicare,Phone,Prior Authorization,2026,Benefits Queue,169,511,Resolved,No,30,No,0,0
1937,2024-09-19 16:00:00,2024-09,Commercial,Phone,Benefits Coverage,2028,Claims Queue,48,275,Resolved,No,30,No,0,0
1938,2024-09-19 17:00:00,2024-09,Medicare,Portal,System Access,2055,Enrollment Queue,68,137,Resolved,No,90,Yes,0,0
1939,2024-09-19 18:00:00,2024-09,Medicaid,IVR,Claims Status,2017,Enrollment Queue,215,533,Resolved,No,30,No,0,0
1940,2024-09-19 19:00:00,2024-09,Medicare,Phone,Benefits Coverage,2043,Enrollment Queue,47,159,Resolved,Yes,60,Yes,0,0
1941,2024-09-19 20:00:00,2024-09,Commercial,IVR,System Access,2022,Claims Queue,45,250,Resolved,Yes,30,No,0,0
1942,2024-09-19 21:00:00,2024-09,Medicaid,Phone,Benefits Coverage,2051,Benefits Queue,207,228,Resolved,No,90,No,0,0
1943,2024-09-19 22:00:00,2024-09,Medicaid,Portal,Provider Inquiry,2042,Claims Queue,61,594,Resolved,Yes,60,No,0,0
1944,2024-09-19 23:00:00,2024-09,Medicaid,IVR,Prior Authorization,2012,Claims Queue,80,323,Resolved,Yes,60,No,0,0
1945,2024-09-20 00:00:00,2024-09,Medicare,Phone,Enrollment,2026,Benefits Queue,130,272,Resolved,Yes,60,No,0,0
1946,2024-09-20 01:00:00,2024-09,Medicaid,Phone,Claims Status,2008,Enrollment Queue,69,246,Resolved,Yes,60,No,0,0
1947,2024-09-20 02:00:00,2024-09,Commercial,Phone,Enrollment,2034,Benefits Queue,56,203,Abandoned,Yes,30,No,0,1
1948,2024-09-20 03:00:00,2024-09,Medicaid,Phone,System Access,2001,Enrollment Queue,260,405,Abandoned,Yes,60,No,0,1
1949,2024-09-20 04:00:00,2024-09,Medicare,Portal,Claims Status,2055,Enrollment Queue,92,644,Resolved,Yes,60,No,0,0
1950,2024-09-20 05:00:00,2024-09,Medicaid,IVR,Claims Status,2044,Enrollment Queue,62,364,Resolved,Yes,90,Yes,0,0
1951,2024-09-20 06:00:00,2024-09,Medicaid,Phone,Billing,2024,Enrollment Queue,26,98,Escalated,Yes,60,Yes,1,0
1952,2024-09-20 07:00:00,2024-09,Medicaid,Portal,Provider Inquiry,2047,Enrollment Queue,76,613,Resolved,No,30,No,0,0
1953,2024-09-20 08:00:00,2024-09,Commercial,Portal,Claims Status,2034,Benefits Queue,68,638,Resolved,No,60,No,0,0
1954,2024-09-20 09:00:00,2024-09,Medicaid,Phone,Prior Authorization,2021,Claims Queue,109,190,Resolved,Yes,60,No,0,0
1955,2024-09-20 10:00:00,2024-09,Medicaid,Phone,Prior Authorization,2057,Enrollment Queue,85,291,Resolved,Yes,30,No,0,0
1956,2024-09-20 11:00:00,2024-09,Medicaid,Portal,System Access,2022,Benefits Queue,50,120,Resolved,Yes,30,No,0,0
1957,2024-09-20 12:00:00,2024-09,Medicaid,Phone,Claims Status,2033,Enrollment Queue,61,342,Resolved,No,30,No,0,0
1958,2024-09-20 13:00:00,2024-09,Medicaid,Phone,Prior Authorization,2009,Enrollment Queue,212,347,Escalated,Yes,30,No,1,0
1959,2024-09-20 14:00:00,2024-09,Medicaid,Phone,System Access,2021,Enrollment Queue,55,258,Resolved,No,60,Yes,0,0
1960,2024-09-20 15:00:00,2024-09,Commercial,Phone,Enrollment,2011,Enrollment Queue,121,400,Resolved,Yes,30,No,0,0
1961,2024-09-20 16:00:00,2024-09,Commercial,Portal,Benefits Coverage,2011,Claims Queue,96,63,Resolved,Yes,30,No,0,0
1962,2024-09-20 17:00:00,2024-09,Medicaid,Phone,Enrollment,2035,Benefits Queue,121,245,Resolved,Yes,30,No,0,0
1963,2024-09-20 18:00:00,2024-09,Commercial,Phone,Enrollment,2043,Claims Queue,128,288,Abandoned,Yes,30,No,0,1
1964,2024-09-20 19:00:00,2024-09,Medicaid,IVR,Claims Status,2005,Enrollment Queue,45,424,Resolved,Yes,60,Yes,0,0
1965,2024-09-20 20:00:00,2024-09,Medicare,Phone,Benefits Coverage,2021,Enrollment Queue,118,140,Resolved,Yes,30,No,0,0
1966,2024-09-20 21:00:00,2024-09,Commercial,IVR,Provider Inquiry,2046,Enrollment Queue,71,173,Escalated,No,60,No,1,0
1967,2024-09-20 22:00:00,2024-09,Medicaid,Portal,Billing,2010,Claims Queue,41,233,Resolved,Yes,60,Yes,0,0
1968,2024-09-20 23:00:00,2024-09,Medicaid,IVR,Billing,2029,Enrollment Queue,68,346,Resolved,Yes,60,No,0,0
1969,2024-09-21 00:00:00,2024-09,Medicare,Phone,Benefits Coverage,2051,Claims Queue,65,270,Escalated,Yes,90,Yes,1,0
1970,2024-09-21 01:00:00,2024-09,Medicare,IVR,Enrollment,2033,Enrollment Queue,61,595,Resolved,Yes,30,No,0,0
1971,2024-09-21 02:00:00,2024-09,Commercial,Phone,Benefits Coverage,2031,Enrollment Queue,37,492,Resolved,Yes,60,Yes,0,0
1972,2024-09-21 03:00:00,2024-09,Medicaid,Portal,Prior Authorization,2010,Claims Queue,61,396,Resolved,Yes,60,No,0,0
1973,2024-09-21 04:00:00,2024-09,Medicaid,Phone,Provider Inquiry,2005,Claims Queue,150,286,Resolved,Yes,30,No,0,0
1974,2024-09-21 05:00:00,2024-09,Medicaid,Phone,Benefits Coverage,2030,Claims Queue,138,369,Resolved,Yes,90,No,0,0
1975,2024-09-21 06:00:00,2024-09,Medicaid,Phone,Benefits Coverage,2057,Benefits Queue,184,1474,Resolved,Yes,90,No,0,0
1976,2024-09-21 07:00:00,2024-09,Medicaid,Phone,Billing,2012,Benefits Queue,78,204,Abandoned,Yes,30,No,0,1
1977,2024-09-21 08:00:00,2024-09,Medicare,Phone,Enrollment,2031,Claims Queue,23,111,Resolved,No,30,Yes,0,0
1978,2024-09-21 09:00:00,2024-09,Medicaid,Phone,Provider Inquiry,2057,Benefits Queue,111,296,Resolved,Yes,60,No,0,0
1979,2024-09-21 10:00:00,2024-09,Medicare,Phone,Claims Status,2006,Claims Queue,77,442,Abandoned,Yes,30,No,0,1
1980,2024-09-21 11:00:00,2024-09,Medicare,Portal,Benefits Coverage,2046,Claims Queue,50,277,Resolved,Yes,30,No,0,0
1981,2024-09-21 12:00:00,2024-09,Medicaid,Phone,Enrollment,2055,Claims Queue,47,222,Resolved,Yes,30,No,0,0
1982,2024-09-21 13:00:00,2024-09,Medicare,IVR,Provider Inquiry,2031,Benefits Queue,24,297,Resolved,Yes,30,Yes,0,0
1983,2024-09-21 14:00:00,2024-09,Commercial,Phone,Billing,2056,Benefits Queue,41,522,Resolved,Yes,60,Yes,0,0
1984,2024-09-21 15:00:00,2024-09,Medicaid,IVR,System Access,2049,Claims Queue,160,548,Escalated,Yes,60,No,1,0
1985,2024-09-21 16:00:00,2024-09,Medicare,Portal,Benefits Coverage,2019,Enrollment Queue,37,955,Resolved,Yes,60,Yes,0,0
1986,2024-09-21 17:00:00,2024-09,Medicaid,Phone,Benefits Coverage,2020,Benefits Queue,60,238,Escalated,Yes,90,Yes,1,0
1987,2024-09-21 18:00:00,2024-09,Commercial,Phone,Prior Authorization,2021,Enrollment Queue,44,343,Resolved,Yes,30,No,0,0
1988,2024-09-21 19:00:00,2024-09,Commercial,Phone,Claims Status,2037,Claims Queue,147,342,Resolved,Yes,30,No,0,0
1989,2024-09-21 20:00:00,2024-09,Commercial,Portal,Enrollment,2002,Claims Queue,151,118,Resolved,Yes,90,No,0,0
1990,2024-09-21 21:00:00,2024-09,Medicaid,Phone,Provider Inquiry,2039,Claims Queue,52,460,Escalated,Yes,30,No,1,0
1991,2024-09-21 22:00:00,2024-09,Medicaid,IVR,Benefits Coverage,2024,Benefits Queue,159,154,Resolved,Yes,90,No,0,0
1992,2024-09-21 23:00:00,2024-09,Medicaid,Phone,Prior Authorization,2007,Benefits Queue,129,451,Resolved,Yes,60,No,0,0
1993,2024-09-22 00:00:00,2024-09,Medicaid,Phone,Prior Authorization,2033,Benefits Queue,36,559,Resolved,No,30,No,0,0
1994,2024-09-22 01:00:00,2024-09,Commercial,IVR,Claims Status,2050,Benefits Queue,21,379,Resolved,No,90,Yes,0,0
1995,2024-09-22 02:00:00,2024-09,Medicare,Phone,System Access,2003,Benefits Queue,140,294,Resolved,No,90,No,0,0
1996,2024-09-22 03:00:00,2024-09,Medicaid,Phone,Benefits Coverage,2025,Benefits Queue,39,414,Resolved,Yes,60,Yes,0,0
1997,2024-09-22 04:00:00,2024-09,Medicaid,Phone,Enrollment,2021,Enrollment Queue,53,339,Resolved,Yes,60,Yes,0,0
1998,2024-09-22 05:00:00,2024-09,Commercial,IVR,Benefits Coverage,2014,Claims Queue,29,439,Resolved,Yes,90,Yes,0,0
1999,2024-09-22 06:00:00,2024-09,Medicaid,Phone,System Access,2055,Enrollment Queue,281,517,Resolved,No,60,No,0,0
2000,2024-09-22 07:00:00,2024-09,Medicare,Phone,Enrollment,2030,Claims Queue,117,131,Escalated,Yes,30,No,1,0
2001,2024-09-22 08:00:00,2024-09,Medicare,Phone,Prior Authorization,2045,Enrollment Queue,128,379,Resolved,Yes,60,No,0,0
2002,2024-09-22 09:00:00,2024-09,Medicare,Phone,Enrollment,2054,Enrollment Queue,51,177,Resolved,No,30,No,0,0
2003,2024-09-22 10:00:00,2024-09,Medicare,Phone,Enrollment,2016,Enrollment Queue,69,193,Resolved,Yes,90,Yes,0,0
2004,2024-09-22 11:00:00,2024-09,Medicare,Phone,Provider Inquiry,2052,Claims Queue,197,243,Resolved,No,60,No,0,0
2005,2024-09-22 12:00:00,2024-09,Medicare,Phone,Claims Status,2039,Claims Queue,254,667,Resolved,Yes,30,No,0,0
2006,2024-09-22 13:00:00,2024-09,Medicaid,Phone,Prior Authorization,2048,Enrollment Queue,106,374,Resolved,Yes,30,No,0,0
2007,2024-09-22 14:00:00,2024-09,Commercial,Phone,System Access,2036,Enrollment Queue,23,494,Escalated,No,30,Yes,1,0
2008,2024-09-22 15:00:00,2024-09,Medicaid,Phone,Enrollment,2057,Enrollment Queue,69,276,Abandoned,Yes,90,Yes,0,1
2009,2024-09-22 16:00:00,2024-09,Medicaid,IVR,Prior Authorization,2023,Claims Queue,144,816,Resolved,Yes,60,No,0,0
2010,2024-09-22 17:00:00,2024-09,Medicare,IVR,Prior Authorization,2017,Enrollment Queue,43,212,Escalated,No,30,No,1,0
2011,2024-09-22 18:00:00,2024-09,Commercial,IVR,Provider Inquiry,2004,Enrollment Queue,87,439,Resolved,Yes,90,Yes,0,0
2012,2024-09-22 19:00:00,2024-09,Medicare,Phone,Prior Authorization,2027,Benefits Queue,28,796,Resolved,Yes,60,Yes,0,0
2013,2024-09-22 20:00:00,2024-09,Medicaid,Phone,Enrollment,2027,Enrollment Queue,104,74,Resolved,Yes,30,No,0,0
2014,2024-09-22 21:00:00,2024-09,Commercial,Phone,Provider Inquiry,2048,Enrollment Queue,193,544,Resolved,Yes,90,No,0,0
2015,2024-09-22 22:00:00,2024-09,Commercial,Phone,Benefits Coverage,2054,Claims Queue,260,205,Resolved,No,60,No,0,0
2016,2024-09-22 23:00:00,2024-09,Medicare,IVR,Billing,2019,Enrollment Queue,277,537,Resolved,Yes,60,No,0,0
2017,2024-09-23 00:00:00,2024-09,Medicaid,Portal,Claims Status,2023,Claims Queue,56,927,Resolved,No,30,No,0,0
2018,2024-09-23 01:00:00,2024-09,Medicaid,Phone,Provider Inquiry,2054,Enrollment Queue,87,322,Resolved,Yes,30,No,0,0
2019,2024-09-23 02:00:00,2024-09,Medicare,Phone,Prior Authorization,2030,Benefits Queue,220,234,Escalated,Yes,90,No,1,0
2020,2024-09-23 03:00:00,2024-09,Medicaid,Phone,Prior Authorization,2049,Benefits Queue,104,159,Resolved,Yes,30,No,0,0
2021,2024-09-23 04:00:00,2024-09,Medicaid,Phone,Benefits Coverage,2001,Benefits Queue,125,309,Resolved,Yes,60,No,0,0
2022,2024-09-23 05:00:00,2024-09,Commercial,Phone,Benefits Coverage,2022,Benefits Queue,88,360,Resolved,Yes,90,Yes,0,0
2023,2024-09-23 06:00:00,2024-09,Medicare,Phone,Benefits Coverage,2013,Enrollment Queue,152,526,Resolved,No,60,No,0,0
2024,2024-09-23 07:00:00,2024-09,Medicare,Phone,Prior Authorization,2008,Benefits Queue,45,378,Resolved,Yes,30,No,0,0
2025,2024-09-23 08:00:00,2024-09,Medicaid,Portal,Prior Authorization,2058,Claims Queue,96,170,Resolved,Yes,60,No,0,0
2026,2024-09-23 09:00:00,2024-09,Medicaid,Phone,Enrollment,2013,Claims Queue,17,418,Resolved,Yes,90,Yes,0,0
2027,2024-09-23 10:00:00,2024-09,Medicaid,IVR,Enrollment,2044,Benefits Queue,99,396,Resolved,Yes,90,No,0,0
2028,2024-09-23 11:00:00,2024-09,Medicaid,Phone,System Access,2039,Enrollment Queue,39,274,Escalated,Yes,30,No,1,0
2029,2024-09-23 12:00:00,2024-09,Medicare,Phone,Enrollment,2058,Claims Queue,82,222,Resolved,No,30,No,0,0
2030,2024-09-23 13:00:00,2024-09,Medicare,IVR,Claims Status,2024,Benefits Queue,112,336,Abandoned,Yes,30,No,0,1
2031,2024-09-23 14:00:00,2024-09,Commercial,Portal,Benefits Coverage,2025,Enrollment Queue,255,205,Resolved,Yes,60,No,0,0
2032,2024-09-23 15:00:00,2024-09,Commercial,Phone,Benefits Coverage,2034,Enrollment Queue,16,213,Resolved,Yes,60,Yes,0,0
2033,2024-09-23 16:00:00,2024-09,Medicaid,Portal,Provider Inquiry,2005,Claims Queue,87,862,Resolved,Yes,90,Yes,0,0
2034,2024-09-23 17:00:00,2024-09,Medicaid,Phone,Claims Status,2024,Benefits Queue,47,257,Escalated,Yes,60,Yes,1,0
2035,2024-09-23 18:00:00,2024-09,Medicare,Phone,Claims Status,2051,Enrollment Queue,162,300,Abandoned,No,60,No,0,1
2036,2024-09-23 19:00:00,2024-09,Medicaid,Phone,Claims Status,2009,Claims Queue,103,267,Resolved,Yes,60,No,0,0
2037,2024-09-23 20:00:00,2024-09,Commercial,Phone,Enrollment,2008,Claims Queue,28,434,Resolved,No,60,Yes,0,0
2038,2024-09-23 21:00:00,2024-09,Medicare,Phone,Prior Authorization,2041,Benefits Queue,16,252,Resolved,No,60,Yes,0,0
2039,2024-09-23 22:00:00,2024-09,Medicaid,Phone,System Access,2042,Enrollment Queue,201,287,Resolved,No,30,No,0,0
2040,2024-09-23 23:00:00,2024-09,Medicaid,IVR,Provider Inquiry,2004,Claims Queue,178,149,Resolved,Yes,30,No,0,0
2041,2024-09-24 00:00:00,2024-09,Medicaid,Phone,Prior Authorization,2030,Benefits Queue,150,383,Resolved,Yes,90,No,0,0
2042,2024-09-24 01:00:00,2024-09,Medicare,IVR,Enrollment,2029,Benefits Queue,39,323,Abandoned,Yes,60,Yes,0,1
2043,2024-09-24 02:00:00,2024-09,Medicaid,Portal,Billing,2038,Claims Queue,137,727,Escalated,Yes,90,No,1,0
2044,2024-09-24 03:00:00,2024-09,Commercial,Phone,Enrollment,2043,Benefits Queue,57,322,Abandoned,No,30,No,0,1
2045,2024-09-24 04:00:00,2024-09,Commercial,IVR,Billing,2023,Benefits Queue,92,313,Abandoned,Yes,30,No,0,1
2046,2024-09-24 05:00:00,2024-09,Commercial,Phone,Provider Inquiry,2013,Benefits Queue,57,384,Resolved,No,90,Yes,0,0
2047,2024-09-24 06:00:00,2024-09,Commercial,Phone,System Access,2046,Enrollment Queue,202,171,Escalated,Yes,60,No,1,0
2048,2024-09-24 07:00:00,2024-09,Medicare,IVR,Provider Inquiry,2052,Enrollment Queue,71,466,Escalated,No,90,Yes,1,0
2049,2024-09-24 08:00:00,2024-09,Commercial,Phone,Billing,2003,Claims Queue,116,322,Abandoned,Yes,30,No,0,1
2050,2024-09-24 09:00:00,2024-09,Medicare,IVR,Benefits Coverage,2001,Benefits Queue,101,288,Resolved,Yes,60,No,0,0
2051,2024-09-24 10:00:00,2024-09,Medicare,Portal,Enrollment,2055,Claims Queue,61,326,Abandoned,Yes,30,No,0,1
2052,2024-09-24 11:00:00,2024-09,Medicaid,IVR,System Access,2004,Claims Queue,61,392,Escalated,Yes,30,No,1,0
2053,2024-09-24 12:00:00,2024-09,Medicare,IVR,Enrollment,2058,Benefits Queue,76,214,Resolved,No,60,No,0,0
2054,2024-09-24 13:00:00,2024-09,Medicare,Phone,Prior Authorization,2048,Benefits Queue,80,361,Resolved,No,90,Yes,0,0
2055,2024-09-24 14:00:00,2024-09,Medicare,Phone,Enrollment,2002,Enrollment Queue,137,178,Resolved,Yes,60,No,0,0
2056,2024-09-24 15:00:00,2024-09,Commercial,Phone,Provider Inquiry,2056,Benefits Queue,112,595,Escalated,Yes,30,No,1,0
2057,2024-09-24 16:00:00,2024-09,Medicare,Phone,Prior Authorization,2005,Claims Queue,194,1035,Escalated,Yes,60,No,1,0
2058,2024-09-24 17:00:00,2024-09,Medicaid,IVR,Prior Authorization,2029,Benefits Queue,166,529,Resolved,Yes,60,No,0,0
2059,2024-09-24 18:00:00,2024-09,Medicaid,Phone,Provider Inquiry,2041,Claims Queue,45,499,Resolved,Yes,30,No,0,0
2060,2024-09-24 19:00:00,2024-09,Commercial,Phone,System Access,2032,Claims Queue,114,598,Resolved,Yes,30,No,0,0
2061,2024-09-24 20:00:00,2024-09,Commercial,Phone,Claims Status,2016,Claims Queue,135,103,Resolved,Yes,30,No,0,0
2062,2024-09-24 21:00:00,2024-09,Medicaid,IVR,Prior Authorization,2025,Claims Queue,151,103,Escalated,Yes,60,No,1,0
2063,2024-09-24 22:00:00,2024-09,Medicaid,Phone,Prior Authorization,2053,Claims Queue,137,104,Resolved,Yes,30,No,0,0
2064,2024-09-24 23:00:00,2024-09,Medicaid,Phone,Benefits Coverage,2032,Benefits Queue,165,252,Resolved,Yes,60,No,0,0
2065,2024-09-25 00:00:00,2024-09,Medicaid,Phone,Claims Status,2044,Benefits Queue,158,315,Escalated,No,90,No,1,0
2066,2024-09-25 01:00:00,2024-09,Commercial,Phone,Claims Status,2010,Benefits Queue,153,798,Abandoned,Yes,30,No,0,1
2067,2024-09-25 02:00:00,2024-09,Medicaid,Phone,Enrollment,2029,Benefits Queue,82,323,Resolved,No,90,Yes,0,0
2068,2024-09-25 03:00:00,2024-09,Medicare,Portal,Claims Status,2030,Enrollment Queue,72,680,Resolved,No,30,No,0,0
2069,2024-09-25 04:00:00,2024-09,Commercial,Portal,Provider Inquiry,2025,Claims Queue,82,198,Resolved,Yes,30,No,0,0
2070,2024-09-25 05:00:00,2024-09,Medicaid,Phone,Prior Authorization,2059,Enrollment Queue,106,304,Resolved,Yes,30,No,0,0
2071,2024-09-25 06:00:00,2024-09,Medicare,IVR,Benefits Coverage,2050,Benefits Queue,57,358,Resolved,Yes,90,Yes,0,0
2072,2024-09-25 07:00:00,2024-09,Medicare,Phone,Benefits Coverage,2058,Enrollment Queue,59,278,Resolved,No,60,Yes,0,0
2073,2024-09-25 08:00:00,2024-09,Medicaid,IVR,Provider Inquiry,2026,Claims Queue,16,271,Resolved,Yes,60,Yes,0,0
2074,2024-09-25 09:00:00,2024-09,Medicaid,Phone,Benefits Coverage,2016,Benefits Queue,165,494,Resolved,Yes,90,No,0,0
2075,2024-09-25 10:00:00,2024-09,Medicaid,IVR,Provider Inquiry,2021,Benefits Queue,141,310,Escalated,Yes,90,No,1,0
2076,2024-09-25 11:00:00,2024-09,Medicaid,Portal,Prior Authorization,2059,Enrollment Queue,98,232,Escalated,Yes,30,No,1,0
2077,2024-09-25 12:00:00,2024-09,Medicaid,Phone,Benefits Coverage,2038,Enrollment Queue,183,668,Abandoned,Yes,90,No,0,1
2078,2024-09-25 13:00:00,2024-09,Medicaid,Phone,Benefits Coverage,2030,Enrollment Queue,103,243,Escalated,No,30,No,1,0
2079,2024-09-25 14:00:00,2024-09,Medicaid,Phone,System Access,2004,Claims Queue,54,200,Escalated,Yes,90,Yes,1,0
2080,2024-09-25 15:00:00,2024-09,Commercial,Portal,Enrollment,2016,Enrollment Queue,44,153,Escalated,No,30,No,1,0
2081,2024-09-25 16:00:00,2024-09,Medicare,IVR,Enrollment,2037,Claims Queue,114,98,Abandoned,No,30,No,0,1
2082,2024-09-25 17:00:00,2024-09,Commercial,Phone,Provider Inquiry,2046,Claims Queue,349,122,Resolved,Yes,30,No,0,0
2083,2024-09-25 18:00:00,2024-09,Commercial,Phone,Provider Inquiry,2030,Benefits Queue,53,298,Resolved,No,60,Yes,0,0
2084,2024-09-25 19:00:00,2024-09,Medicaid,Phone,Prior Authorization,2011,Claims Queue,17,355,Abandoned,Yes,90,Yes,0,1
2085,2024-09-25 20:00:00,2024-09,Medicaid,Phone,Billing,2048,Enrollment Queue,33,62,Resolved,Yes,30,No,0,0
2086,2024-09-25 21:00:00,2024-09,Commercial,Phone,System Access,2010,Enrollment Queue,24,274,Resolved,Yes,90,Yes,0,0
2087,2024-09-25 22:00:00,2024-09,Medicare,Phone,Claims Status,2059,Claims Queue,147,356,Escalated,No,60,No,1,0
2088,2024-09-25 23:00:00,2024-09,Medicare,Portal,Benefits Coverage,2052,Enrollment Queue,31,374,Resolved,Yes,60,Yes,0,0
2089,2024-09-26 00:00:00,2024-09,Commercial,Phone,Enrollment,2007,Claims Queue,94,168,Resolved,Yes,90,No,0,0
2090,2024-09-26 01:00:00,2024-09,Medicaid,Phone,Billing,2055,Claims Queue,22,205,Resolved,Yes,30,Yes,0,0
2091,2024-09-26 02:00:00,2024-09,Medicare,Phone,System Access,2047,Enrollment Queue,101,427,Escalated,Yes,90,No,1,0
2092,2024-09-26 03:00:00,2024-09,Medicaid,IVR,Prior Authorization,2017,Benefits Queue,67,821,Escalated,Yes,60,No,1,0
2093,2024-09-26 04:00:00,2024-09,Medicaid,Phone,System Access,2059,Claims Queue,147,681,Resolved,Yes,30,No,0,0
2094,2024-09-26 05:00:00,2024-09,Medicaid,Phone,Benefits Coverage,2052,Claims Queue,159,266,Resolved,Yes,90,No,0,0
2095,2024-09-26 06:00:00,2024-09,Medicaid,Phone,Claims Status,2010,Claims Queue,158,146,Resolved,No,60,No,0,0
2096,2024-09-26 07:00:00,2024-09,Medicaid,Phone,Prior Authorization,2022,Benefits Queue,93,216,Resolved,Yes,60,No,0,0
2097,2024-09-26 08:00:00,2024-09,Medicare,Phone,Provider Inquiry,2013,Benefits Queue,114,272,Resolved,Yes,90,No,0,0
2098,2024-09-26 09:00:00,2024-09,Medicare,Portal,System Access,2044,Claims Queue,155,407,Resolved,Yes,60,No,0,0
2099,2024-09-26 10:00:00,2024-09,Medicare,Phone,System Access,2018,Claims Queue,22,417,Resolved,Yes,30,Yes,0,0
2100,2024-09-26 11:00:00,2024-09,Medicaid,Phone,Provider Inquiry,2024,Benefits Queue,138,342,Resolved,Yes,30,No,0,0
2101,2024-09-26 12:00:00,2024-09,Medicaid,IVR,Enrollment,2059,Enrollment Queue,29,86,Resolved,Yes,90,Yes,0,0
2102,2024-09-26 13:00:00,2024-09,Medicare,Portal,Claims Status,2018,Benefits Queue,130,177,Resolved,Yes,30,No,0,0
2103,2024-09-26 14:00:00,2024-09,Medicaid,Phone,Billing,2059,Claims Queue,61,128,Resolved,Yes,30,No,0,0
2104,2024-09-26 15:00:00,2024-09,Medicare,Phone,Benefits Coverage,2053,Claims Queue,70,352,Resolved,Yes,60,No,0,0
2105,2024-09-26 16:00:00,2024-09,Medicaid,Phone,Provider Inquiry,2045,Claims Queue,220,493,Abandoned,Yes,60,No,0,1
2106,2024-09-26 17:00:00,2024-09,Medicaid,Phone,Claims Status,2026,Claims Queue,28,258,Resolved,No,60,Yes,0,0
2107,2024-09-26 18:00:00,2024-09,Medicare,Phone,Claims Status,2005,Enrollment Queue,152,419,Resolved,Yes,60,No,0,0
2108,2024-09-26 19:00:00,2024-09,Medicaid,Phone,Provider Inquiry,2014,Claims Queue,54,40,Resolved,Yes,60,Yes,0,0
2109,2024-09-26 20:00:00,2024-09,Medicare,Phone,System Access,2046,Enrollment Queue,108,165,Resolved,Yes,90,No,0,0
2110,2024-09-26 21:00:00,2024-09,Medicaid,Phone,Benefits Coverage,2038,Enrollment Queue,104,540,Resolved,Yes,30,No,0,0
2111,2024-09-26 22:00:00,2024-09,Medicaid,Phone,System Access,2006,Benefits Queue,67,597,Abandoned,No,90,Yes,0,1
2112,2024-09-26 23:00:00,2024-09,Medicare,IVR,Enrollment,2020,Claims Queue,75,97,Resolved,Yes,60,No,0,0
2113,2024-09-27 00:00:00,2024-09,Medicare,Phone,System Access,2008,Benefits Queue,21,254,Escalated,No,60,Yes,1,0
2114,2024-09-27 01:00:00,2024-09,Medicaid,Phone,Claims Status,2043,Claims Queue,90,446,Escalated,Yes,90,Yes,1,0
2115,2024-09-27 02:00:00,2024-09,Medicare,Phone,Claims Status,2002,Claims Queue,93,466,Resolved,Yes,60,No,0,0
2116,2024-09-27 03:00:00,2024-09,Medicare,Portal,Billing,2050,Claims Queue,51,642,Resolved,No,30,No,0,0
2117,2024-09-27 04:00:00,2024-09,Medicare,Phone,Prior Authorization,2049,Enrollment Queue,164,490,Resolved,Yes,90,No,0,0
2118,2024-09-27 05:00:00,2024-09,Medicaid,Phone,Billing,2039,Claims Queue,15,284,Escalated,No,30,Yes,1,0
2119,2024-09-27 06:00:00,2024-09,Medicare,IVR,Billing,2012,Claims Queue,118,180,Resolved,Yes,60,No,0,0
2120,2024-09-27 07:00:00,2024-09,Commercial,Phone,Claims Status,2025,Enrollment Queue,87,286,Escalated,Yes,30,No,1,0
2121,2024-09-27 08:00:00,2024-09,Medicaid,IVR,Claims Status,2056,Benefits Queue,107,262,Resolved,Yes,60,No,0,0
2122,2024-09-27 09:00:00,2024-09,Medicare,Phone,Benefits Coverage,2040,Claims Queue,105,188,Resolved,No,30,No,0,0
2123,2024-09-27 10:00:00,2024-09,Medicaid,IVR,Claims Status,2031,Enrollment Queue,221,202,Escalated,Yes,60,No,1,0
2124,2024-09-27 11:00:00,2024-09,Medicare,Phone,Claims Status,2014,Enrollment Queue,101,139,Resolved,Yes,60,No,0,0
2125,2024-09-27 12:00:00,2024-09,Medicaid,IVR,Provider Inquiry,2019,Benefits Queue,106,275,Resolved,No,30,No,0,0
2126,2024-09-27 13:00:00,2024-09,Medicare,Phone,Benefits Coverage,2053,Claims Queue,48,721,Resolved,Yes,30,No,0,0
2127,2024-09-27 14:00:00,2024-09,Medicare,IVR,Provider Inquiry,2016,Benefits Queue,61,350,Escalated,No,60,No,1,0
2128,2024-09-27 15:00:00,2024-09,Commercial,Phone,Provider Inquiry,2028,Enrollment Queue,115,237,Resolved,Yes,30,No,0,0
2129,2024-09-27 16:00:00,2024-09,Commercial,IVR,Enrollment,2004,Enrollment Queue,176,331,Escalated,Yes,90,No,1,0
2130,2024-09-27 17:00:00,2024-09,Commercial,Phone,Prior Authorization,2022,Enrollment Queue,136,230,Resolved,Yes,30,No,0,0
2131,2024-09-27 18:00:00,2024-09,Commercial,Phone,Enrollment,2017,Claims Queue,278,402,Escalated,Yes,30,No,1,0
2132,2024-09-27 19:00:00,2024-09,Medicaid,Phone,Prior Authorization,2047,Benefits Queue,87,235,Resolved,Yes,30,No,0,0
2133,2024-09-27 20:00:00,2024-09,Medicare,Phone,Claims Status,2006,Benefits Queue,92,140,Escalated,Yes,60,No,1,0
2134,2024-09-27 21:00:00,2024-09,Commercial,Phone,Billing,2003,Enrollment Queue,93,187,Escalated,Yes,30,No,1,0
2135,2024-09-27 22:00:00,2024-09,Medicaid,Phone,Billing,2006,Enrollment Queue,90,95,Resolved,No,60,No,0,0
2136,2024-09-27 23:00:00,2024-09,Medicare,Phone,Billing,2050,Claims Queue,16,237,Resolved,Yes,60,Yes,0,0
2137,2024-09-28 00:00:00,2024-09,Medicare,Phone,Prior Authorization,2010,Claims Queue,131,672,Escalated,No,60,No,1,0
2138,2024-09-28 01:00:00,2024-09,Medicaid,Phone,Prior Authorization,2022,Benefits Queue,106,430,Resolved,Yes,90,No,0,0
2139,2024-09-28 02:00:00,2024-09,Medicare,Portal,Prior Authorization,2019,Claims Queue,272,528,Resolved,Yes,60,No,0,0
2140,2024-09-28 03:00:00,2024-09,Medicare,IVR,Prior Authorization,2032,Benefits Queue,40,205,Resolved,Yes,60,Yes,0,0
2141,2024-09-28 04:00:00,2024-09,Medicare,Phone,System Access,2015,Claims Queue,103,229,Escalated,Yes,30,No,1,0
2142,2024-09-28 05:00:00,2024-09,Medicaid,Portal,Prior Authorization,2052,Claims Queue,40,337,Resolved,Yes,30,No,0,0
2143,2024-09-28 06:00:00,2024-09,Commercial,Portal,Billing,2011,Benefits Queue,43,169,Resolved,Yes,30,No,0,0
2144,2024-09-28 07:00:00,2024-09,Medicaid,Phone,Claims Status,2021,Benefits Queue,29,257,Resolved,Yes,90,Yes,0,0
2145,2024-09-28 08:00:00,2024-09,Commercial,Phone,Billing,2006,Benefits Queue,43,451,Escalated,Yes,60,Yes,1,0
2146,2024-09-28 09:00:00,2024-09,Medicaid,IVR,System Access,2021,Benefits Queue,61,683,Escalated,No,30,No,1,0
2147,2024-09-28 10:00:00,2024-09,Medicare,Phone,Billing,2047,Benefits Queue,89,260,Escalated,Yes,30,No,1,0
2148,2024-09-28 11:00:00,2024-09,Medicaid,Phone,Benefits Coverage,2037,Claims Queue,108,115,Resolved,No,60,No,0,0
2149,2024-09-28 12:00:00,2024-09,Medicare,Phone,Provider Inquiry,2020,Enrollment Queue,41,595,Resolved,Yes,60,Yes,0,0
2150,2024-09-28 13:00:00,2024-09,Medicare,Phone,Billing,2040,Enrollment Queue,101,584,Escalated,Yes,90,No,1,0
2151,2024-09-28 14:00:00,2024-09,Medicaid,Portal,Enrollment,2036,Enrollment Queue,129,798,Resolved,No,60,No,0,0
2152,2024-09-28 15:00:00,2024-09,Medicare,Portal,Enrollment,2058,Enrollment Queue,93,463,Resolved,Yes,90,No,0,0
2153,2024-09-28 16:00:00,2024-09,Medicare,Phone,Prior Authorization,2010,Benefits Queue,47,600,Escalated,Yes,30,No,1,0
2154,2024-09-28 17:00:00,2024-09,Medicaid,Phone,Billing,2029,Benefits Queue,136,352,Resolved,Yes,60,No,0,0
2155,2024-09-28 18:00:00,2024-09,Medicaid,Portal,Benefits Coverage,2007,Enrollment Queue,64,132,Resolved,Yes,60,No,0,0
2156,2024-09-28 19:00:00,2024-09,Medicaid,Phone,Enrollment,2039,Enrollment Queue,52,387,Resolved,Yes,60,Yes,0,0
2157,2024-09-28 20:00:00,2024-09,Medicaid,Phone,System Access,2043,Benefits Queue,165,352,Abandoned,Yes,60,No,0,1
2158,2024-09-28 21:00:00,2024-09,Commercial,Phone,Enrollment,2037,Claims Queue,290,288,Abandoned,Yes,30,No,0,1
2159,2024-09-28 22:00:00,2024-09,Medicaid,IVR,System Access,2010,Benefits Queue,285,673,Abandoned,Yes,60,No,0,1
2160,2024-09-28 23:00:00,2024-09,Commercial,Phone,Prior Authorization,2024,Benefits Queue,318,704,Resolved,Yes,90,No,0,0
2161,2024-09-29 00:00:00,2024-09,Medicare,Phone,Enrollment,2028,Benefits Queue,118,363,Abandoned,Yes,90,No,0,1
2162,2024-09-29 01:00:00,2024-09,Medicare,Phone,System Access,2007,Claims Queue,92,789,Resolved,Yes,60,No,0,0
2163,2024-09-29 02:00:00,2024-09,Medicare,IVR,System Access,2022,Benefits Queue,84,265,Resolved,No,60,No,0,0
2164,2024-09-29 03:00:00,2024-09,Medicaid,Phone,Billing,2051,Claims Queue,109,281,Resolved,Yes,60,No,0,0
2165,2024-09-29 04:00:00,2024-09,Commercial,Portal,Billing,2054,Claims Queue,87,370,Resolved,Yes,30,No,0,0
2166,2024-09-29 05:00:00,2024-09,Medicaid,Phone,Benefits Coverage,2056,Claims Queue,181,280,Resolved,Yes,90,No,0,0
2167,2024-09-29 06:00:00,2024-09,Commercial,Phone,Prior Authorization,2034,Enrollment Queue,94,111,Escalated,Yes,30,No,1,0
2168,2024-09-29 07:00:00,2024-09,Medicaid,Phone,Benefits Coverage,2029,Enrollment Queue,266,242,Abandoned,Yes,60,No,0,1
2169,2024-09-29 08:00:00,2024-09,Medicaid,IVR,Billing,2006,Claims Queue,25,589,Resolved,Yes,30,Yes,0,0
2170,2024-09-29 09:00:00,2024-09,Medicaid,Phone,Prior Authorization,2018,Enrollment Queue,227,243,Escalated,Yes,30,No,1,0
2171,2024-09-29 10:00:00,2024-09,Medicare,Phone,Prior Authorization,2004,Benefits Queue,16,361,Abandoned,Yes,60,Yes,0,1
2172,2024-09-29 11:00:00,2024-09,Medicaid,Phone,Enrollment,2014,Claims Queue,70,633,Resolved,Yes,30,No,0,0
2173,2024-09-29 12:00:00,2024-09,Medicaid,Phone,Enrollment,2042,Enrollment Queue,122,616,Escalated,No,60,No,1,0
2174,2024-09-29 13:00:00,2024-09,Medicare,Phone,Billing,2027,Benefits Queue,42,558,Resolved,Yes,60,Yes,0,0
2175,2024-09-29 14:00:00,2024-09,Medicare,Portal,Claims Status,2002,Enrollment Queue,281,473,Resolved,Yes,60,No,0,0
2176,2024-09-29 15:00:00,2024-09,Medicaid,IVR,Benefits Coverage,2045,Benefits Queue,130,214,Resolved,No,60,No,0,0
2177,2024-09-29 16:00:00,2024-09,Commercial,Phone,Enrollment,2031,Benefits Queue,26,106,Resolved,Yes,90,Yes,0,0
2178,2024-09-29 17:00:00,2024-09,Medicare,Phone,Enrollment,2033,Claims Queue,73,448,Resolved,Yes,30,No,0,0
2179,2024-09-29 18:00:00,2024-09,Medicaid,Phone,Prior Authorization,2012,Claims Queue,190,475,Resolved,No,30,No,0,0
2180,2024-09-29 19:00:00,2024-09,Medicare,IVR,Enrollment,2048,Enrollment Queue,236,198,Resolved,Yes,60,No,0,0
2181,2024-09-29 20:00:00,2024-09,Medicaid,Phone,Benefits Coverage,2016,Benefits Queue,38,483,Escalated,Yes,60,Yes,1,0
2182,2024-09-29 21:00:00,2024-09,Medicare,Phone,System Access,2035,Claims Queue,54,717,Resolved,No,90,Yes,0,0
2183,2024-09-29 22:00:00,2024-09,Medicaid,Phone,Enrollment,2011,Enrollment Queue,80,216,Resolved,Yes,30,No,0,0
2184,2024-09-29 23:00:00,2024-09,Commercial,Phone,Benefits Coverage,2013,Enrollment Queue,89,118,Resolved,No,60,No,0,0
2185,2024-09-30 00:00:00,2024-09,Medicaid,Portal,Benefits Coverage,2036,Claims Queue,75,180,Resolved,No,90,Yes,0,0
2186,2024-09-30 01:00:00,2024-09,Medicaid,Phone,Prior Authorization,2041,Claims Queue,168,201,Escalated,No,60,No,1,0
2187,2024-09-30 02:00:00,2024-09,Medicaid,Phone,System Access,2023,Enrollment Queue,41,202,Resolved,Yes,30,No,0,0
2188,2024-09-30 03:00:00,2024-09,Medicare,Portal,Provider Inquiry,2004,Claims Queue,51,609,Resolved,Yes,60,Yes,0,0
2189,2024-09-30 04:00:00,2024-09,Medicaid,Phone,Benefits Coverage,2015,Claims Queue,88,724,Resolved,Yes,60,No,0,0
2190,2024-09-30 05:00:00,2024-09,Medicare,IVR,System Access,2005,Benefits Queue,123,476,Abandoned,Yes,60,No,0,1
2191,2024-09-30 06:00:00,2024-09,Medicaid,Phone,Enrollment,2058,Claims Queue,80,281,Resolved,Yes,30,No,0,0
2192,2024-09-30 07:00:00,2024-09,Medicare,Phone,Provider Inquiry,2006,Claims Queue,63,211,Resolved,Yes,60,No,0,0
2193,2024-09-30 08:00:00,2024-09,Medicaid,Phone,Provider Inquiry,2014,Benefits Queue,105,295,Resolved,Yes,60,No,0,0
2194,2024-09-30 09:00:00,2024-09,Medicaid,Phone,Provider Inquiry,2041,Claims Queue,176,469,Escalated,Yes,90,No,1,0
2195,2024-09-30 10:00:00,2024-09,Medicaid,IVR,System Access,2031,Enrollment Queue,31,637,Resolved,Yes,90,Yes,0,0
2196,2024-09-30 11:00:00,2024-09,Medicaid,Phone,System Access,2005,Benefits Queue,68,156,Resolved,Yes,30,No,0,0
2197,2024-09-30 12:00:00,2024-09,Medicare,Portal,Provider Inquiry,2055,Benefits Queue,56,252,Resolved,No,30,No,0,0
2198,2024-09-30 13:00:00,2024-09,Commercial,Phone,Prior Authorization,2015,Claims Queue,273,349,Resolved,No,60,No,0,0
2199,2024-09-30 14:00:00,2024-09,Commercial,Phone,Enrollment,2058,Benefits Queue,130,76,Resolved,Yes,60,No,0,0
2200,2024-09-30 15:00:00,2024-09,Commercial,Phone,Enrollment,2003,Enrollment Queue,40,949,Resolved,No,60,Yes,0,0
2201,2024-09-30 16:00:00,2024-09,Medicaid,Phone,Benefits Coverage,2058,Claims Queue,42,607,Resolved,Yes,30,No,0,0
2202,2024-09-30 17:00:00,2024-09,Medicare,Phone,Enrollment,2030,Enrollment Queue,73,123,Resolved,No,90,Yes,0,0
2203,2024-09-30 18:00:00,2024-09,Medicaid,Phone,Benefits Coverage,2006,Benefits Queue,113,129,Abandoned,Yes,30,No,0,1
2204,2024-09-30 19:00:00,2024-09,Commercial,IVR,Enrollment,2008,Benefits Queue,196,177,Escalated,Yes,30,No,1,0
2205,2024-09-30 20:00:00,2024-09,Commercial,Phone,Enrollment,2045,Enrollment Queue,48,379,Resolved,Yes,30,No,0,0
2206,2024-09-30 21:00:00,2024-09,Medicare,Phone,Enrollment,2043,Enrollment Queue,119,144,Resolved,No,60,No,0,0
2207,2024-09-30 22:00:00,2024-09,Commercial,Phone,Billing,2008,Enrollment Queue,83,333,Abandoned,Yes,30,No,0,1
2208,2024-09-30 23:00:00,2024-09,Medicare,Phone,Claims Status,2035,Claims Queue,71,167,Escalated,No,60,No,1,0
2209,2024-10-01 00:00:00,2024-10,Medicare,IVR,Benefits Coverage,2045,Benefits Queue,31,336,Resolved,No,60,Yes,0,0
2210,2024-10-01 01:00:00,2024-10,Medicaid,Phone,Enrollment,2056,Claims Queue,158,317,Resolved,No,60,No,0,0
2211,2024-10-01 02:00:00,2024-10,Commercial,IVR,Claims Status,2001,Benefits Queue,42,64,Resolved,Yes,90,Yes,0,0
2212,2024-10-01 03:00:00,2024-10,Medicare,Phone,Prior Authorization,2049,Claims Queue,118,331,Resolved,Yes,30,No,0,0
2213,2024-10-01 04:00:00,2024-10,Medicare,Phone,Provider Inquiry,2044,Enrollment Queue,161,126,Resolved,Yes,30,No,0,0
2214,2024-10-01 05:00:00,2024-10,Medicaid,IVR,Billing,2029,Enrollment Queue,196,312,Resolved,Yes,30,No,0,0
2215,2024-10-01 06:00:00,2024-10,Medicare,Phone,System Access,2022,Enrollment Queue,190,100,Escalated,Yes,60,No,1,0
2216,2024-10-01 07:00:00,2024-10,Medicaid,IVR,Enrollment,2015,Enrollment Queue,96,539,Resolved,Yes,30,No,0,0
2217,2024-10-01 08:00:00,2024-10,Medicare,Phone,Provider Inquiry,2038,Claims Queue,44,143,Escalated,No,30,No,1,0
2218,2024-10-01 09:00:00,2024-10,Medicaid,IVR,Billing,2018,Claims Queue,138,298,Resolved,Yes,30,No,0,0
2219,2024-10-01 10:00:00,2024-10,Medicaid,Phone,System Access,2003,Benefits Queue,46,506,Escalated,No,30,No,1,0
2220,2024-10-01 11:00:00,2024-10,Medicaid,Phone,Claims Status,2048,Claims Queue,150,349,Resolved,Yes,30,No,0,0
2221,2024-10-01 12:00:00,2024-10,Medicare,Phone,Benefits Coverage,2035,Enrollment Queue,121,165,Resolved,Yes,60,No,0,0
2222,2024-10-01 13:00:00,2024-10,Commercial,IVR,Benefits Coverage,2020,Benefits Queue,138,330,Resolved,No,30,No,0,0
2223,2024-10-01 14:00:00,2024-10,Medicaid,Phone,Claims Status,2036,Claims Queue,80,293,Resolved,No,60,No,0,0
2224,2024-10-01 15:00:00,2024-10,Medicaid,IVR,Benefits Coverage,2034,Enrollment Queue,80,633,Resolved,Yes,60,No,0,0
2225,2024-10-01 16:00:00,2024-10,Medicare,IVR,System Access,2031,Enrollment Queue,132,331,Abandoned,Yes,90,No,0,1
2226,2024-10-01 17:00:00,2024-10,Medicaid,Phone,System Access,2026,Benefits Queue,20,191,Resolved,Yes,90,Yes,0,0
2227,2024-10-01 18:00:00,2024-10,Medicaid,Phone,Claims Status,2018,Enrollment Queue,80,620,Escalated,Yes,60,No,1,0
2228,2024-10-01 19:00:00,2024-10,Medicaid,Portal,Enrollment,2056,Enrollment Queue,98,820,Resolved,Yes,90,No,0,0
2229,2024-10-01 20:00:00,2024-10,Medicaid,Phone,Claims Status,2043,Benefits Queue,153,310,Resolved,No,60,No,0,0
2230,2024-10-01 21:00:00,2024-10,Commercial,Phone,Benefits Coverage,2044,Enrollment Queue,125,402,Abandoned,Yes,30,No,0,1
2231,2024-10-01 22:00:00,2024-10,Medicaid,IVR,System Access,2020,Benefits Queue,76,584,Resolved,No,60,No,0,0
2232,2024-10-01 23:00:00,2024-10,Medicare,IVR,Claims Status,2008,Benefits Queue,127,148,Resolved,Yes,60,No,0,0
2233,2024-10-02 00:00:00,2024-10,Medicaid,IVR,Enrollment,2006,Claims Queue,80,602,Resolved,No,30,No,0,0
2234,2024-10-02 01:00:00,2024-10,Commercial,Phone,Billing,2049,Enrollment Queue,95,283,Resolved,Yes,60,No,0,0
2235,2024-10-02 02:00:00,2024-10,Medicaid,Phone,Provider Inquiry,2003,Benefits Queue,28,525,Escalated,Yes,90,Yes,1,0
2236,2024-10-02 03:00:00,2024-10,Medicare,Phone,Claims Status,2026,Enrollment Queue,113,182,Resolved,Yes,30,No,0,0
2237,2024-10-02 04:00:00,2024-10,Medicaid,IVR,Benefits Coverage,2054,Enrollment Queue,92,828,Resolved,No,60,No,0,0
2238,2024-10-02 05:00:00,2024-10,Medicaid,Phone,Benefits Coverage,2058,Claims Queue,109,140,Abandoned,Yes,30,No,0,1
2239,2024-10-02 06:00:00,2024-10,Medicaid,Portal,Provider Inquiry,2011,Claims Queue,4,145,Escalated,Yes,60,Yes,1,0
2240,2024-10-02 07:00:00,2024-10,Medicaid,Phone,Benefits Coverage,2003,Benefits Queue,62,203,Resolved,Yes,30,No,0,0
2241,2024-10-02 08:00:00,2024-10,Medicaid,Phone,Billing,2013,Claims Queue,47,563,Resolved,Yes,60,Yes,0,0
2242,2024-10-02 09:00:00,2024-10,Medicare,Phone,Billing,2046,Enrollment Queue,44,260,Abandoned,Yes,60,Yes,0,1
2243,2024-10-02 10:00:00,2024-10,Medicare,Portal,Enrollment,2005,Enrollment Queue,47,231,Escalated,Yes,30,No,1,0
2244,2024-10-02 11:00:00,2024-10,Medicaid,IVR,Billing,2031,Claims Queue,37,232,Resolved,Yes,60,Yes,0,0
2245,2024-10-02 12:00:00,2024-10,Medicare,Phone,Claims Status,2011,Benefits Queue,75,357,Resolved,Yes,30,No,0,0
2246,2024-10-02 13:00:00,2024-10,Medicaid,Phone,Prior Authorization,2041,Benefits Queue,40,227,Resolved,Yes,60,Yes,0,0
2247,2024-10-02 14:00:00,2024-10,Medicare,Phone,Claims Status,2026,Enrollment Queue,66,229,Resolved,No,30,No,0,0
2248,2024-10-02 15:00:00,2024-10,Commercial,IVR,Provider Inquiry,2043,Enrollment Queue,226,1065,Resolved,Yes,30,No,0,0
2249,2024-10-02 16:00:00,2024-10,Medicare,Phone,Claims Status,2007,Enrollment Queue,85,326,Resolved,No,60,No,0,0
2250,2024-10-02 17:00:00,2024-10,Medicaid,IVR,Provider Inquiry,2044,Claims Queue,36,233,Escalated,Yes,60,Yes,1,0
2251,2024-10-02 18:00:00,2024-10,Medicaid,Phone,Claims Status,2056,Claims Queue,49,444,Resolved,Yes,30,No,0,0
2252,2024-10-02 19:00:00,2024-10,Medicaid,IVR,Provider Inquiry,2004,Benefits Queue,75,300,Resolved,No,30,No,0,0
2253,2024-10-02 20:00:00,2024-10,Medicaid,IVR,Enrollment,2004,Enrollment Queue,52,198,Resolved,Yes,30,No,0,0
2254,2024-10-02 21:00:00,2024-10,Medicare,IVR,System Access,2058,Enrollment Queue,161,881,Resolved,Yes,30,No,0,0
2255,2024-10-02 22:00:00,2024-10,Commercial,Phone,Claims Status,2017,Claims Queue,27,483,Resolved,No,60,Yes,0,0
2256,2024-10-02 23:00:00,2024-10,Medicaid,IVR,Provider Inquiry,2018,Enrollment Queue,14,237,Resolved,No,30,Yes,0,0
2257,2024-10-03 00:00:00,2024-10,Medicare,Phone,Provider Inquiry,2032,Enrollment Queue,69,593,Resolved,Yes,60,No,0,0
2258,2024-10-03 01:00:00,2024-10,Medicaid,Phone,Benefits Coverage,2042,Enrollment Queue,84,433,Resolved,Yes,60,No,0,0
2259,2024-10-03 02:00:00,2024-10,Commercial,Portal,Claims Status,2037,Claims Queue,42,403,Resolved,No,90,Yes,0,0
2260,2024-10-03 03:00:00,2024-10,Medicaid,Phone,Provider Inquiry,2057,Claims Queue,225,165,Resolved,Yes,60,No,0,0
2261,2024-10-03 04:00:00,2024-10,Medicaid,Phone,Claims Status,2003,Enrollment Queue,28,542,Escalated,No,60,Yes,1,0
2262,2024-10-03 05:00:00,2024-10,Medicaid,Phone,System Access,2055,Claims Queue,101,80,Resolved,Yes,30,No,0,0
2263,2024-10-03 06:00:00,2024-10,Medicaid,Phone,Prior Authorization,2029,Claims Queue,71,653,Abandoned,Yes,30,No,0,1
2264,2024-10-03 07:00:00,2024-10,Medicaid,Phone,Provider Inquiry,2027,Claims Queue,30,470,Resolved,Yes,60,Yes,0,0
2265,2024-10-03 08:00:00,2024-10,Commercial,IVR,Enrollment,2004,Benefits Queue,68,247,Resolved,Yes,60,No,0,0
2266,2024-10-03 09:00:00,2024-10,Medicare,Phone,Billing,2003,Claims Queue,90,356,Resolved,Yes,60,No,0,0
2267,2024-10-03 10:00:00,2024-10,Medicaid,IVR,Billing,2043,Benefits Queue,172,154,Resolved,No,30,No,0,0
2268,2024-10-03 11:00:00,2024-10,Medicare,Phone,Provider Inquiry,2041,Benefits Queue,18,247,Resolved,No,30,Yes,0,0
2269,2024-10-03 12:00:00,2024-10,Medicare,IVR,System Access,2011,Benefits Queue,200,295,Resolved,No,30,No,0,0
2270,2024-10-03 13:00:00,2024-10,Medicaid,IVR,Benefits Coverage,2037,Claims Queue,67,488,Resolved,Yes,30,No,0,0
2271,2024-10-03 14:00:00,2024-10,Commercial,Phone,Prior Authorization,2048,Benefits Queue,103,265,Resolved,Yes,60,No,0,0
2272,2024-10-03 15:00:00,2024-10,Medicaid,Phone,Billing,2031,Claims Queue,94,369,Escalated,Yes,30,No,1,0
2273,2024-10-03 16:00:00,2024-10,Medicare,Phone,Provider Inquiry,2009,Claims Queue,98,199,Resolved,Yes,60,No,0,0
2274,2024-10-03 17:00:00,2024-10,Medicaid,IVR,System Access,2025,Enrollment Queue,118,322,Resolved,Yes,30,No,0,0
2275,2024-10-03 18:00:00,2024-10,Medicare,Phone,Provider Inquiry,2051,Benefits Queue,202,486,Escalated,Yes,60,No,1,0
2276,2024-10-03 19:00:00,2024-10,Commercial,Phone,System Access,2001,Enrollment Queue,64,246,Abandoned,Yes,90,Yes,0,1
2277,2024-10-03 20:00:00,2024-10,Medicare,Phone,Claims Status,2053,Benefits Queue,44,266,Escalated,Yes,30,No,1,0
2278,2024-10-03 21:00:00,2024-10,Medicaid,Phone,Prior Authorization,2050,Claims Queue,42,614,Escalated,No,30,No,1,0
2279,2024-10-03 22:00:00,2024-10,Medicare,Phone,Enrollment,2032,Benefits Queue,33,390,Resolved,Yes,60,Yes,0,0
2280,2024-10-03 23:00:00,2024-10,Medicare,Phone,Claims Status,2041,Benefits Queue,132,97,Escalated,Yes,60,No,1,0
2281,2024-10-04 00:00:00,2024-10,Medicaid,IVR,Claims Status,2006,Enrollment Queue,99,419,Resolved,Yes,30,No,0,0
2282,2024-10-04 01:00:00,2024-10,Medicare,Phone,Billing,2047,Enrollment Queue,177,499,Escalated,Yes,30,No,1,0
2283,2024-10-04 02:00:00,2024-10,Medicaid,IVR,Benefits Coverage,2012,Benefits Queue,311,400,Resolved,Yes,90,No,0,0
2284,2024-10-04 03:00:00,2024-10,Commercial,Phone,Claims Status,2023,Enrollment Queue,130,387,Resolved,Yes,60,No,0,0
2285,2024-10-04 04:00:00,2024-10,Medicaid,IVR,Billing,2022,Enrollment Queue,144,245,Resolved,No,30,No,0,0
2286,2024-10-04 05:00:00,2024-10,Medicaid,Phone,Prior Authorization,2056,Enrollment Queue,47,266,Resolved,Yes,60,Yes,0,0
2287,2024-10-04 06:00:00,2024-10,Commercial,IVR,Claims Status,2008,Benefits Queue,83,223,Resolved,Yes,60,No,0,0
2288,2024-10-04 07:00:00,2024-10,Medicaid,Phone,Claims Status,2046,Benefits Queue,86,672,Escalated,Yes,60,No,1,0
2289,2024-10-04 08:00:00,2024-10,Medicare,Phone,Claims Status,2002,Enrollment Queue,112,249,Resolved,No,60,No,0,0
2290,2024-10-04 09:00:00,2024-10,Commercial,Phone,Prior Authorization,2014,Benefits Queue,38,153,Escalated,Yes,90,Yes,1,0
2291,2024-10-04 10:00:00,2024-10,Medicare,Phone,System Access,2028,Claims Queue,38,325,Escalated,No,30,No,1,0
2292,2024-10-04 11:00:00,2024-10,Commercial,Phone,Billing,2007,Enrollment Queue,136,549,Resolved,No,60,No,0,0
2293,2024-10-04 12:00:00,2024-10,Medicaid,IVR,Claims Status,2034,Claims Queue,32,184,Resolved,Yes,90,Yes,0,0
2294,2024-10-04 13:00:00,2024-10,Medicaid,Phone,Prior Authorization,2046,Claims Queue,113,728,Resolved,Yes,30,No,0,0
2295,2024-10-04 14:00:00,2024-10,Medicare,Phone,System Access,2017,Benefits Queue,44,108,Resolved,Yes,90,Yes,0,0
2296,2024-10-04 15:00:00,2024-10,Medicaid,Phone,Prior Authorization,2001,Claims Queue,104,139,Escalated,No,60,No,1,0
2297,2024-10-04 16:00:00,2024-10,Commercial,Phone,Billing,2049,Benefits Queue,99,517,Resolved,Yes,60,No,0,0
2298,2024-10-04 17:00:00,2024-10,Medicare,Phone,Claims Status,2028,Benefits Queue,24,454,Escalated,Yes,60,Yes,1,0
2299,2024-10-04 18:00:00,2024-10,Medicare,Phone,Claims Status,2031,Benefits Queue,81,231,Resolved,Yes,60,No,0,0
2300,2024-10-04 19:00:00,2024-10,Medicare,Portal,Billing,2035,Enrollment Queue,60,96,Resolved,Yes,60,Yes,0,0
2301,2024-10-04 20:00:00,2024-10,Medicare,Phone,Provider Inquiry,2039,Enrollment Queue,151,65,Resolved,No,30,No,0,0
2302,2024-10-04 21:00:00,2024-10,Medicaid,Phone,Prior Authorization,2058,Claims Queue,73,486,Resolved,Yes,30,No,0,0
2303,2024-10-04 22:00:00,2024-10,Medicaid,IVR,Benefits Coverage,2031,Claims Queue,58,478,Resolved,Yes,30,No,0,0
2304,2024-10-04 23:00:00,2024-10,Medicaid,Phone,Billing,2002,Enrollment Queue,48,242,Resolved,No,30,No,0,0
2305,2024-10-05 00:00:00,2024-10,Medicaid,Portal,Prior Authorization,2032,Claims Queue,75,934,Resolved,Yes,30,No,0,0
2306,2024-10-05 01:00:00,2024-10,Medicare,Phone,Prior Authorization,2020,Benefits Queue,87,207,Abandoned,Yes,30,No,0,1
2307,2024-10-05 02:00:00,2024-10,Medicaid,Phone,Prior Authorization,2006,Enrollment Queue,45,441,Resolved,Yes,60,Yes,0,0
2308,2024-10-05 03:00:00,2024-10,Commercial,Phone,System Access,2027,Benefits Queue,69,231,Resolved,Yes,60,No,0,0
2309,2024-10-05 04:00:00,2024-10,Medicaid,Phone,Billing,2005,Enrollment Queue,40,320,Resolved,No,30,No,0,0
2310,2024-10-05 05:00:00,2024-10,Medicaid,Portal,System Access,2047,Benefits Queue,83,306,Resolved,No,30,No,0,0
2311,2024-10-05 06:00:00,2024-10,Commercial,Phone,Claims Status,2014,Benefits Queue,85,337,Abandoned,Yes,30,No,0,1
2312,2024-10-05 07:00:00,2024-10,Medicare,Portal,Benefits Coverage,2004,Enrollment Queue,217,226,Escalated,Yes,30,No,1,0
2313,2024-10-05 08:00:00,2024-10,Medicaid,Phone,Claims Status,2042,Enrollment Queue,122,547,Resolved,Yes,60,No,0,0
2314,2024-10-05 09:00:00,2024-10,Medicare,IVR,Enrollment,2005,Claims Queue,9,235,Resolved,Yes,30,Yes,0,0
2315,2024-10-05 10:00:00,2024-10,Medicaid,Portal,Claims Status,2007,Claims Queue,124,872,Resolved,Yes,60,No,0,0
2316,2024-10-05 11:00:00,2024-10,Medicaid,Portal,Benefits Coverage,2051,Claims Queue,214,576,Resolved,Yes,30,No,0,0
2317,2024-10-05 12:00:00,2024-10,Commercial,Portal,Claims Status,2028,Claims Queue,52,185,Resolved,Yes,30,No,0,0
2318,2024-10-05 13:00:00,2024-10,Commercial,Phone,Benefits Coverage,2009,Claims Queue,117,299,Resolved,No,90,No,0,0
2319,2024-10-05 14:00:00,2024-10,Medicare,Phone,System Access,2044,Benefits Queue,43,172,Resolved,No,60,Yes,0,0
2320,2024-10-05 15:00:00,2024-10,Medicaid,Phone,Enrollment,2034,Benefits Queue,74,417,Resolved,Yes,30,No,0,0
2321,2024-10-05 16:00:00,2024-10,Medicare,Phone,Claims Status,2050,Enrollment Queue,51,215,Resolved,No,60,Yes,0,0
2322,2024-10-05 17:00:00,2024-10,Medicaid,IVR,Enrollment,2011,Enrollment Queue,34,339,Escalated,Yes,90,Yes,1,0
2323,2024-10-05 18:00:00,2024-10,Medicaid,Phone,Provider Inquiry,2017,Claims Queue,22,281,Resolved,Yes,30,Yes,0,0
2324,2024-10-05 19:00:00,2024-10,Commercial,Phone,Benefits Coverage,2027,Benefits Queue,86,584,Resolved,No,30,No,0,0
2325,2024-10-05 20:00:00,2024-10,Medicaid,IVR,Enrollment,2032,Enrollment Queue,69,138,Abandoned,Yes,30,No,0,1
2326,2024-10-05 21:00:00,2024-10,Medicaid,IVR,Claims Status,2042,Claims Queue,21,314,Escalated,No,90,Yes,1,0
2327,2024-10-05 22:00:00,2024-10,Medicare,Phone,Claims Status,2001,Benefits Queue,61,575,Resolved,Yes,90,Yes,0,0
2328,2024-10-05 23:00:00,2024-10,Medicare,Portal,Prior Authorization,2027,Enrollment Queue,75,164,Resolved,Yes,60,No,0,0
2329,2024-10-06 00:00:00,2024-10,Medicare,Phone,Prior Authorization,2059,Enrollment Queue,44,672,Resolved,Yes,60,Yes,0,0
2330,2024-10-06 01:00:00,2024-10,Medicaid,IVR,Enrollment,2012,Claims Queue,163,201,Abandoned,Yes,30,No,0,1
2331,2024-10-06 02:00:00,2024-10,Medicaid,Phone,Benefits Coverage,2008,Claims Queue,92,492,Resolved,Yes,60,No,0,0
2332,2024-10-06 03:00:00,2024-10,Medicaid,Phone,Prior Authorization,2026,Benefits Queue,23,506,Resolved,Yes,30,Yes,0,0
2333,2024-10-06 04:00:00,2024-10,Medicaid,Phone,Prior Authorization,2029,Claims Queue,79,95,Resolved,Yes,30,No,0,0
2334,2024-10-06 05:00:00,2024-10,Medicaid,Phone,System Access,2012,Enrollment Queue,35,50,Escalated,Yes,60,Yes,1,0
2335,2024-10-06 06:00:00,2024-10,Commercial,Phone,Billing,2035,Claims Queue,77,481,Resolved,Yes,60,No,0,0
2336,2024-10-06 07:00:00,2024-10,Medicare,IVR,Enrollment,2024,Claims Queue,40,361,Resolved,No,60,Yes,0,0
2337,2024-10-06 08:00:00,2024-10,Medicare,Phone,Billing,2051,Enrollment Queue,108,320,Abandoned,Yes,30,No,0,1
2338,2024-10-06 09:00:00,2024-10,Medicaid,Portal,Prior Authorization,2019,Benefits Queue,202,212,Resolved,Yes,90,No,0,0
2339,2024-10-06 10:00:00,2024-10,Medicare,Phone,Enrollment,2001,Benefits Queue,98,428,Resolved,Yes,30,No,0,0
2340,2024-10-06 11:00:00,2024-10,Medicaid,Phone,Billing,2041,Claims Queue,70,272,Resolved,Yes,30,No,0,0
2341,2024-10-06 12:00:00,2024-10,Medicaid,Phone,Claims Status,2050,Benefits Queue,16,272,Resolved,No,60,Yes,0,0
2342,2024-10-06 13:00:00,2024-10,Medicare,Portal,Provider Inquiry,2053,Enrollment Queue,173,590,Resolved,Yes,90,No,0,0
2343,2024-10-06 14:00:00,2024-10,Medicare,IVR,System Access,2003,Claims Queue,33,260,Resolved,Yes,30,No,0,0
2344,2024-10-06 15:00:00,2024-10,Commercial,Phone,Provider Inquiry,2033,Claims Queue,209,153,Escalated,Yes,60,No,1,0
2345,2024-10-06 16:00:00,2024-10,Commercial,IVR,Prior Authorization,2055,Benefits Queue,87,417,Resolved,Yes,30,No,0,0
2346,2024-10-06 17:00:00,2024-10,Medicaid,Phone,Benefits Coverage,2015,Enrollment Queue,101,463,Resolved,Yes,30,No,0,0
2347,2024-10-06 18:00:00,2024-10,Medicaid,Phone,Prior Authorization,2006,Benefits Queue,124,997,Abandoned,Yes,90,No,0,1
2348,2024-10-06 19:00:00,2024-10,Medicaid,Phone,Prior Authorization,2001,Benefits Queue,188,309,Resolved,No,60,No,0,0
2349,2024-10-06 20:00:00,2024-10,Medicaid,Phone,Prior Authorization,2029,Enrollment Queue,37,932,Escalated,Yes,60,Yes,1,0
2350,2024-10-06 21:00:00,2024-10,Medicare,Phone,System Access,2029,Enrollment Queue,164,300,Escalated,Yes,90,No,1,0
2351,2024-10-06 22:00:00,2024-10,Medicaid,Phone,Benefits Coverage,2010,Claims Queue,233,152,Abandoned,Yes,60,No,0,1
2352,2024-10-06 23:00:00,2024-10,Medicaid,Phone,System Access,2058,Enrollment Queue,32,202,Resolved,Yes,30,No,0,0
2353,2024-10-07 00:00:00,2024-10,Medicare,Phone,Provider Inquiry,2021,Enrollment Queue,94,314,Resolved,No,30,No,0,0
2354,2024-10-07 01:00:00,2024-10,Commercial,IVR,Enrollment,2033,Benefits Queue,43,489,Resolved,Yes,30,No,0,0
2355,2024-10-07 02:00:00,2024-10,Commercial,IVR,Prior Authorization,2036,Claims Queue,98,527,Resolved,Yes,90,No,0,0
2356,2024-10-07 03:00:00,2024-10,Medicaid,Phone,Prior Authorization,2021,Claims Queue,71,273,Abandoned,Yes,30,No,0,1
2357,2024-10-07 04:00:00,2024-10,Medicaid,Phone,Provider Inquiry,2035,Benefits Queue,152,286,Resolved,Yes,90,No,0,0
2358,2024-10-07 05:00:00,2024-10,Medicaid,Phone,Billing,2021,Enrollment Queue,71,588,Escalated,Yes,30,No,1,0
2359,2024-10-07 06:00:00,2024-10,Medicaid,Phone,Enrollment,2054,Enrollment Queue,153,319,Resolved,Yes,30,No,0,0
2360,2024-10-07 07:00:00,2024-10,Commercial,Phone,Enrollment,2037,Claims Queue,36,476,Resolved,No,90,Yes,0,0
2361,2024-10-07 08:00:00,2024-10,Medicaid,Phone,Benefits Coverage,2034,Claims Queue,46,434,Resolved,Yes,30,No,0,0
2362,2024-10-07 09:00:00,2024-10,Medicare,Phone,Claims Status,2015,Enrollment Queue,128,904,Escalated,Yes,60,No,1,0
2363,2024-10-07 10:00:00,2024-10,Medicare,Phone,Benefits Coverage,2029,Benefits Queue,136,162,Resolved,No,60,No,0,0
2364,2024-10-07 11:00:00,2024-10,Medicare,Phone,Enrollment,2040,Claims Queue,61,123,Escalated,Yes,60,No,1,0
2365,2024-10-07 12:00:00,2024-10,Commercial,IVR,Prior Authorization,2002,Claims Queue,57,602,Resolved,Yes,30,No,0,0
2366,2024-10-07 13:00:00,2024-10,Medicaid,Phone,Claims Status,2055,Benefits Queue,22,337,Abandoned,Yes,30,Yes,0,1
2367,2024-10-07 14:00:00,2024-10,Medicaid,Phone,Benefits Coverage,2052,Claims Queue,90,294,Resolved,No,60,No,0,0
2368,2024-10-07 15:00:00,2024-10,Medicare,Portal,Billing,2040,Enrollment Queue,132,115,Abandoned,Yes,90,No,0,1
2369,2024-10-07 16:00:00,2024-10,Medicaid,Phone,Provider Inquiry,2018,Claims Queue,108,285,Resolved,Yes,30,No,0,0
2370,2024-10-07 17:00:00,2024-10,Medicaid,IVR,Enrollment,2003,Benefits Queue,108,788,Resolved,No,30,No,0,0
2371,2024-10-07 18:00:00,2024-10,Medicaid,Phone,Billing,2003,Claims Queue,40,379,Resolved,No,60,Yes,0,0
2372,2024-10-07 19:00:00,2024-10,Medicaid,Phone,Provider Inquiry,2031,Enrollment Queue,46,331,Escalated,Yes,60,Yes,1,0
2373,2024-10-07 20:00:00,2024-10,Medicaid,Phone,Billing,2039,Benefits Queue,104,469,Resolved,No,60,No,0,0
2374,2024-10-07 21:00:00,2024-10,Medicaid,IVR,Benefits Coverage,2052,Claims Queue,17,244,Escalated,Yes,30,Yes,1,0
2375,2024-10-07 22:00:00,2024-10,Commercial,Phone,Claims Status,2037,Enrollment Queue,70,74,Resolved,Yes,60,No,0,0
2376,2024-10-07 23:00:00,2024-10,Medicaid,IVR,System Access,2029,Claims Queue,96,240,Resolved,Yes,60,No,0,0
2377,2024-10-08 00:00:00,2024-10,Medicaid,Phone,Prior Authorization,2024,Claims Queue,23,276,Resolved,No,90,Yes,0,0
2378,2024-10-08 01:00:00,2024-10,Medicare,Phone,System Access,2018,Claims Queue,91,700,Abandoned,Yes,60,No,0,1
2379,2024-10-08 02:00:00,2024-10,Commercial,IVR,Provider Inquiry,2036,Enrollment Queue,359,223,Escalated,No,30,No,1,0
2380,2024-10-08 03:00:00,2024-10,Medicare,IVR,Enrollment,2047,Enrollment Queue,115,191,Resolved,Yes,30,No,0,0
2381,2024-10-08 04:00:00,2024-10,Commercial,Phone,Prior Authorization,2026,Benefits Queue,127,272,Resolved,No,60,No,0,0
2382,2024-10-08 05:00:00,2024-10,Medicaid,Phone,Benefits Coverage,2034,Enrollment Queue,102,101,Resolved,Yes,90,No,0,0
2383,2024-10-08 06:00:00,2024-10,Medicaid,Phone,System Access,2004,Benefits Queue,33,342,Abandoned,Yes,60,Yes,0,1
2384,2024-10-08 07:00:00,2024-10,Commercial,Phone,Prior Authorization,2055,Claims Queue,122,463,Resolved,No,60,No,0,0
2385,2024-10-08 08:00:00,2024-10,Commercial,Portal,Enrollment,2043,Enrollment Queue,129,849,Resolved,Yes,30,No,0,0
2386,2024-10-08 09:00:00,2024-10,Medicaid,Phone,Claims Status,2034,Claims Queue,45,138,Resolved,Yes,60,Yes,0,0
2387,2024-10-08 10:00:00,2024-10,Medicare,Phone,Provider Inquiry,2015,Benefits Queue,71,549,Resolved,Yes,30,No,0,0
2388,2024-10-08 11:00:00,2024-10,Medicaid,Phone,Billing,2012,Claims Queue,59,685,Resolved,Yes,30,No,0,0
2389,2024-10-08 12:00:00,2024-10,Medicaid,Phone,Claims Status,2038,Benefits Queue,74,306,Resolved,Yes,30,No,0,0
2390,2024-10-08 13:00:00,2024-10,Medicare,IVR,Prior Authorization,2026,Benefits Queue,77,282,Resolved,Yes,30,No,0,0
2391,2024-10-08 14:00:00,2024-10,Medicare,Phone,Enrollment,2022,Claims Queue,22,397,Resolved,Yes,30,Yes,0,0
2392,2024-10-08 15:00:00,2024-10,Medicaid,Phone,Benefits Coverage,2045,Benefits Queue,106,769,Abandoned,Yes,30,No,0,1
2393,2024-10-08 16:00:00,2024-10,Medicaid,Phone,Prior Authorization,2037,Enrollment Queue,58,211,Escalated,No,30,No,1,0
2394,2024-10-08 17:00:00,2024-10,Commercial,IVR,Benefits Coverage,2058,Enrollment Queue,103,268,Resolved,Yes,60,No,0,0
2395,2024-10-08 18:00:00,2024-10,Medicare,Phone,Enrollment,2024,Claims Queue,12,144,Resolved,Yes,90,Yes,0,0
2396,2024-10-08 19:00:00,2024-10,Medicare,Phone,Benefits Coverage,2026,Benefits Queue,59,396,Resolved,Yes,60,Yes,0,0
2397,2024-10-08 20:00:00,2024-10,Medicaid,IVR,Claims Status,2007,Enrollment Queue,34,504,Resolved,Yes,30,No,0,0
2398,2024-10-08 21:00:00,2024-10,Medicare,Phone,Enrollment,2044,Enrollment Queue,96,432,Resolved,Yes,30,No,0,0
2399,2024-10-08 22:00:00,2024-10,Medicaid,Phone,Prior Authorization,2005,Benefits Queue,61,625,Resolved,Yes,60,No,0,0
2400,2024-10-08 23:00:00,2024-10,Medicaid,IVR,Prior Authorization,2031,Enrollment Queue,34,277,Resolved,Yes,30,No,0,0
2401,2024-10-09 00:00:00,2024-10,Medicaid,Phone,Prior Authorization,2042,Claims Queue,169,358,Escalated,Yes,60,No,1,0
2402,2024-10-09 01:00:00,2024-10,Medicare,Phone,Prior Authorization,2034,Benefits Queue,181,186,Resolved,No,90,No,0,0
2403,2024-10-09 02:00:00,2024-10,Medicare,IVR,System Access,2008,Benefits Queue,26,302,Escalated,Yes,30,Yes,1,0
2404,2024-10-09 03:00:00,2024-10,Medicare,Phone,Enrollment,2053,Benefits Queue,196,509,Resolved,Yes,60,No,0,0
2405,2024-10-09 04:00:00,2024-10,Medicaid,Phone,Enrollment,2051,Benefits Queue,51,610,Resolved,Yes,60,Yes,0,0
2406,2024-10-09 05:00:00,2024-10,Medicaid,Phone,Prior Authorization,2020,Claims Queue,35,71,Resolved,Yes,90,Yes,0,0
2407,2024-10-09 06:00:00,2024-10,Commercial,Phone,System Access,2023,Benefits Queue,65,172,Resolved,Yes,30,No,0,0
2408,2024-10-09 07:00:00,2024-10,Commercial,Phone,Claims Status,2033,Benefits Queue,50,632,Resolved,Yes,30,No,0,0
2409,2024-10-09 08:00:00,2024-10,Commercial,Phone,Benefits Coverage,2012,Benefits Queue,39,626,Resolved,Yes,30,No,0,0
2410,2024-10-09 09:00:00,2024-10,Medicaid,Portal,Enrollment,2021,Enrollment Queue,58,224,Resolved,Yes,30,No,0,0
2411,2024-10-09 10:00:00,2024-10,Medicare,Phone,Enrollment,2010,Benefits Queue,163,454,Resolved,No,60,No,0,0
2412,2024-10-09 11:00:00,2024-10,Medicare,Phone,Prior Authorization,2037,Enrollment Queue,41,493,Resolved,Yes,90,Yes,0,0
2413,2024-10-09 12:00:00,2024-10,Medicaid,Phone,Claims Status,2031,Benefits Queue,135,330,Resolved,Yes,30,No,0,0
2414,2024-10-09 13:00:00,2024-10,Medicare,Phone,Claims Status,2056,Benefits Queue,84,486,Resolved,No,30,No,0,0
2415,2024-10-09 14:00:00,2024-10,Commercial,Phone,Enrollment,2020,Claims Queue,51,232,Resolved,Yes,30,No,0,0
2416,2024-10-09 15:00:00,2024-10,Medicare,IVR,System Access,2019,Benefits Queue,89,304,Resolved,Yes,30,No,0,0
2417,2024-10-09 16:00:00,2024-10,Medicare,IVR,Provider Inquiry,2058,Claims Queue,59,258,Resolved,Yes,60,Yes,0,0
2418,2024-10-09 17:00:00,2024-10,Medicaid,Phone,Provider Inquiry,2014,Enrollment Queue,129,241,Resolved,Yes,30,No,0,0
2419,2024-10-09 18:00:00,2024-10,Medicaid,Phone,Billing,2010,Enrollment Queue,98,416,Resolved,Yes,90,No,0,0
2420,2024-10-09 19:00:00,2024-10,Medicare,IVR,System Access,2037,Benefits Queue,130,571,Resolved,No,90,No,0,0
2421,2024-10-09 20:00:00,2024-10,Medicare,IVR,Billing,2025,Benefits Queue,25,105,Resolved,Yes,90,Yes,0,0
2422,2024-10-09 21:00:00,2024-10,Medicaid,Phone,Benefits Coverage,2028,Enrollment Queue,85,108,Escalated,Yes,30,No,1,0
2423,2024-10-09 22:00:00,2024-10,Medicaid,Phone,Benefits Coverage,2027,Claims Queue,39,207,Escalated,Yes,60,Yes,1,0
2424,2024-10-09 23:00:00,2024-10,Medicaid,Phone,Enrollment,2008,Benefits Queue,118,175,Resolved,Yes,30,No,0,0
2425,2024-10-10 00:00:00,2024-10,Medicare,IVR,Enrollment,2043,Enrollment Queue,155,131,Escalated,Yes,30,No,1,0
2426,2024-10-10 01:00:00,2024-10,Medicaid,Phone,Prior Authorization,2034,Claims Queue,57,497,Resolved,Yes,60,Yes,0,0
2427,2024-10-10 02:00:00,2024-10,Medicare,Phone,Claims Status,2006,Claims Queue,70,149,Escalated,Yes,30,No,1,0
2428,2024-10-10 03:00:00,2024-10,Medicaid,Phone,Benefits Coverage,2012,Claims Queue,74,283,Abandoned,Yes,30,No,0,1
2429,2024-10-10 04:00:00,2024-10,Medicare,Portal,Claims Status,2040,Enrollment Queue,209,437,Resolved,No,60,No,0,0
2430,2024-10-10 05:00:00,2024-10,Medicaid,Phone,Benefits Coverage,2010,Enrollment Queue,27,561,Resolved,Yes,60,Yes,0,0
2431,2024-10-10 06:00:00,2024-10,Commercial,Phone,Enrollment,2042,Benefits Queue,211,283,Resolved,Yes,60,No,0,0
2432,2024-10-10 07:00:00,2024-10,Medicaid,Phone,Benefits Coverage,2016,Benefits Queue,125,104,Resolved,Yes,30,No,0,0
2433,2024-10-10 08:00:00,2024-10,Medicaid,Phone,Prior Authorization,2006,Benefits Queue,206,271,Escalated,Yes,30,No,1,0
2434,2024-10-10 09:00:00,2024-10,Commercial,Phone,Claims Status,2037,Claims Queue,117,198,Escalated,Yes,60,No,1,0
2435,2024-10-10 10:00:00,2024-10,Medicaid,Phone,Enrollment,2004,Benefits Queue,99,288,Resolved,No,60,No,0,0
2436,2024-10-10 11:00:00,2024-10,Medicaid,IVR,Benefits Coverage,2015,Enrollment Queue,108,176,Abandoned,Yes,90,No,0,1
2437,2024-10-10 12:00:00,2024-10,Medicaid,IVR,Benefits Coverage,2030,Benefits Queue,283,464,Resolved,Yes,60,No,0,0
2438,2024-10-10 13:00:00,2024-10,Medicaid,IVR,Prior Authorization,2007,Enrollment Queue,117,281,Resolved,Yes,30,No,0,0
2439,2024-10-10 14:00:00,2024-10,Medicaid,Phone,Provider Inquiry,2034,Claims Queue,179,256,Resolved,No,30,No,0,0
2440,2024-10-10 15:00:00,2024-10,Medicaid,Phone,Prior Authorization,2026,Enrollment Queue,40,599,Resolved,Yes,90,Yes,0,0
2441,2024-10-10 16:00:00,2024-10,Medicare,Phone,Prior Authorization,2025,Claims Queue,35,769,Resolved,Yes,60,Yes,0,0
2442,2024-10-10 17:00:00,2024-10,Medicaid,Phone,Prior Authorization,2008,Benefits Queue,85,395,Escalated,No,30,No,1,0
2443,2024-10-10 18:00:00,2024-10,Medicaid,Phone,Claims Status,2007,Claims Queue,88,201,Resolved,Yes,90,Yes,0,0
2444,2024-10-10 19:00:00,2024-10,Medicaid,Phone,Enrollment,2027,Benefits Queue,21,101,Abandoned,Yes,30,Yes,0,1
2445,2024-10-10 20:00:00,2024-10,Medicare,Phone,Enrollment,2049,Claims Queue,50,271,Abandoned,Yes,60,Yes,0,1
2446,2024-10-10 21:00:00,2024-10,Medicare,Phone,Billing,2007,Claims Queue,92,871,Resolved,Yes,30,No,0,0
2447,2024-10-10 22:00:00,2024-10,Commercial,Phone,System Access,2050,Benefits Queue,132,293,Resolved,Yes,60,No,0,0
2448,2024-10-10 23:00:00,2024-10,Medicare,Phone,Prior Authorization,2037,Benefits Queue,116,609,Abandoned,Yes,90,No,0,1
2449,2024-10-11 00:00:00,2024-10,Medicaid,IVR,Prior Authorization,2015,Claims Queue,51,410,Resolved,No,30,No,0,0
2450,2024-10-11 01:00:00,2024-10,Medicaid,IVR,Provider Inquiry,2059,Claims Queue,32,329,Resolved,Yes,60,Yes,0,0
2451,2024-10-11 02:00:00,2024-10,Medicare,Phone,Claims Status,2052,Claims Queue,152,444,Resolved,Yes,60,No,0,0
2452,2024-10-11 03:00:00,2024-10,Medicare,Phone,Provider Inquiry,2004,Enrollment Queue,63,230,Resolved,Yes,60,No,0,0
2453,2024-10-11 04:00:00,2024-10,Medicaid,Phone,Billing,2027,Enrollment Queue,13,789,Resolved,Yes,90,Yes,0,0
2454,2024-10-11 05:00:00,2024-10,Medicaid,IVR,Prior Authorization,2049,Enrollment Queue,176,246,Abandoned,Yes,90,No,0,1
2455,2024-10-11 06:00:00,2024-10,Medicare,Phone,Billing,2015,Enrollment Queue,69,137,Abandoned,Yes,30,No,0,1
2456,2024-10-11 07:00:00,2024-10,Medicaid,IVR,Provider Inquiry,2055,Enrollment Queue,121,432,Escalated,Yes,60,No,1,0
2457,2024-10-11 08:00:00,2024-10,Medicaid,Phone,Benefits Coverage,2033,Claims Queue,208,160,Escalated,Yes,30,No,1,0
2458,2024-10-11 09:00:00,2024-10,Medicaid,Phone,System Access,2006,Claims Queue,91,213,Resolved,Yes,60,No,0,0
2459,2024-10-11 10:00:00,2024-10,Medicaid,IVR,System Access,2058,Benefits Queue,140,433,Resolved,Yes,60,No,0,0
2460,2024-10-11 11:00:00,2024-10,Medicare,Phone,Enrollment,2036,Claims Queue,97,264,Resolved,No,30,No,0,0
2461,2024-10-11 12:00:00,2024-10,Medicaid,Phone,Prior Authorization,2029,Benefits Queue,56,352,Escalated,Yes,60,Yes,1,0
2462,2024-10-11 13:00:00,2024-10,Commercial,Phone,Prior Authorization,2050,Benefits Queue,120,98,Resolved,Yes,60,No,0,0
2463,2024-10-11 14:00:00,2024-10,Commercial,Phone,Enrollment,2058,Enrollment Queue,83,226,Resolved,Yes,30,No,0,0
2464,2024-10-11 15:00:00,2024-10,Medicaid,IVR,System Access,2050,Benefits Queue,76,272,Resolved,Yes,90,Yes,0,0
2465,2024-10-11 16:00:00,2024-10,Commercial,Portal,Provider Inquiry,2004,Benefits Queue,125,396,Resolved,Yes,60,No,0,0
2466,2024-10-11 17:00:00,2024-10,Medicaid,Phone,Billing,2004,Claims Queue,177,155,Resolved,No,60,No,0,0
2467,2024-10-11 18:00:00,2024-10,Medicaid,IVR,Billing,2039,Claims Queue,76,53,Resolved,Yes,90,Yes,0,0
2468,2024-10-11 19:00:00,2024-10,Medicaid,Phone,System Access,2022,Claims Queue,143,437,Resolved,No,90,No,0,0
2469,2024-10-11 20:00:00,2024-10,Medicaid,Phone,System Access,2001,Enrollment Queue,59,177,Abandoned,No,30,No,0,1
2470,2024-10-11 21:00:00,2024-10,Medicaid,Phone,System Access,2027,Claims Queue,133,240,Resolved,Yes,30,No,0,0
2471,2024-10-11 22:00:00,2024-10,Medicare,Phone,System Access,2019,Enrollment Queue,104,410,Resolved,Yes,90,No,0,0
2472,2024-10-11 23:00:00,2024-10,Commercial,Phone,Billing,2032,Claims Queue,96,307,Resolved,Yes,30,No,0,0
2473,2024-10-12 00:00:00,2024-10,Medicaid,Portal,Enrollment,2002,Claims Queue,18,269,Resolved,No,30,Yes,0,0
2474,2024-10-12 01:00:00,2024-10,Medicaid,Phone,Prior Authorization,2024,Enrollment Queue,41,339,Abandoned,Yes,60,Yes,0,1
2475,2024-10-12 02:00:00,2024-10,Commercial,Phone,Prior Authorization,2050,Claims Queue,117,859,Resolved,Yes,60,No,0,0
2476,2024-10-12 03:00:00,2024-10,Medicaid,Phone,Enrollment,2058,Benefits Queue,45,142,Resolved,No,30,No,0,0
2477,2024-10-12 04:00:00,2024-10,Medicare,IVR,System Access,2011,Benefits Queue,113,297,Resolved,No,60,No,0,0
2478,2024-10-12 05:00:00,2024-10,Medicare,IVR,Claims Status,2003,Enrollment Queue,44,171,Abandoned,Yes,30,No,0,1
2479,2024-10-12 06:00:00,2024-10,Medicare,Phone,Provider Inquiry,2012,Enrollment Queue,85,601,Resolved,Yes,30,No,0,0
2480,2024-10-12 07:00:00,2024-10,Medicaid,IVR,Provider Inquiry,2005,Enrollment Queue,67,227,Resolved,Yes,60,No,0,0
2481,2024-10-12 08:00:00,2024-10,Medicaid,Phone,System Access,2033,Benefits Queue,71,161,Abandoned,No,30,No,0,1
2482,2024-10-12 09:00:00,2024-10,Medicaid,IVR,Billing,2028,Benefits Queue,143,186,Resolved,Yes,90,No,0,0
2483,2024-10-12 10:00:00,2024-10,Medicare,Phone,Billing,2021,Claims Queue,73,284,Resolved,No,60,No,0,0
2484,2024-10-12 11:00:00,2024-10,Medicare,Phone,Prior Authorization,2006,Benefits Queue,89,234,Resolved,Yes,60,No,0,0
2485,2024-10-12 12:00:00,2024-10,Commercial,Portal,Provider Inquiry,2019,Enrollment Queue,37,324,Resolved,Yes,60,Yes,0,0
2486,2024-10-12 13:00:00,2024-10,Medicaid,Phone,System Access,2054,Benefits Queue,79,309,Resolved,No,30,No,0,0
2487,2024-10-12 14:00:00,2024-10,Medicaid,Phone,Enrollment,2051,Enrollment Queue,154,177,Resolved,Yes,30,No,0,0
2488,2024-10-12 15:00:00,2024-10,Commercial,Phone,System Access,2034,Benefits Queue,230,173,Resolved,Yes,60,No,0,0
2489,2024-10-12 16:00:00,2024-10,Medicaid,Phone,Billing,2042,Claims Queue,95,456,Resolved,Yes,90,No,0,0
2490,2024-10-12 17:00:00,2024-10,Medicaid,Phone,Billing,2054,Enrollment Queue,296,158,Escalated,Yes,60,No,1,0
2491,2024-10-12 18:00:00,2024-10,Medicaid,Phone,Prior Authorization,2015,Claims Queue,22,332,Resolved,Yes,60,Yes,0,0
2492,2024-10-12 19:00:00,2024-10,Medicaid,Phone,Claims Status,2035,Claims Queue,198,323,Resolved,No,30,No,0,0
2493,2024-10-12 20:00:00,2024-10,Medicare,Phone,Claims Status,2045,Enrollment Queue,109,255,Abandoned,Yes,30,No,0,1
2494,2024-10-12 21:00:00,2024-10,Commercial,IVR,Prior Authorization,2052,Enrollment Queue,40,163,Escalated,Yes,90,Yes,1,0
2495,2024-10-12 22:00:00,2024-10,Medicare,Portal,System Access,2004,Benefits Queue,70,377,Resolved,No,30,No,0,0
2496,2024-10-12 23:00:00,2024-10,Medicaid,Phone,Claims Status,2044,Benefits Queue,38,498,Resolved,Yes,30,No,0,0
2497,2024-10-13 00:00:00,2024-10,Commercial,Phone,Provider Inquiry,2010,Benefits Queue,204,419,Resolved,Yes,60,No,0,0
2498,2024-10-13 01:00:00,2024-10,Medicaid,Phone,Benefits Coverage,2021,Benefits Queue,104,541,Resolved,No,30,No,0,0
2499,2024-10-13 02:00:00,2024-10,Medicaid,Phone,Benefits Coverage,2047,Claims Queue,55,335,Resolved,No,60,Yes,0,0
2500,2024-10-13 03:00:00,2024-10,Medicaid,Phone,Prior Authorization,2021,Enrollment Queue,184,265,Escalated,Yes,30,No,1,0
2501,2024-10-13 04:00:00,2024-10,Commercial,Phone,Claims Status,2034,Enrollment Queue,23,29,Resolved,Yes,60,Yes,0,0
2502,2024-10-13 05:00:00,2024-10,Medicaid,Phone,Billing,2037,Claims Queue,211,375,Resolved,Yes,60,No,0,0
2503,2024-10-13 06:00:00,2024-10,Commercial,Phone,Prior Authorization,2017,Claims Queue,34,109,Escalated,Yes,30,No,1,0
2504,2024-10-13 07:00:00,2024-10,Medicare,Phone,Provider Inquiry,2036,Claims Queue,198,818,Resolved,Yes,90,No,0,0
2505,2024-10-13 08:00:00,2024-10,Medicare,IVR,Prior Authorization,2003,Enrollment Queue,163,305,Resolved,Yes,90,No,0,0
2506,2024-10-13 09:00:00,2024-10,Medicare,IVR,Enrollment,2016,Claims Queue,69,417,Resolved,No,30,No,0,0
2507,2024-10-13 10:00:00,2024-10,Medicaid,Phone,Billing,2046,Benefits Queue,21,591,Abandoned,Yes,30,Yes,0,1
2508,2024-10-13 11:00:00,2024-10,Medicaid,IVR,Provider Inquiry,2023,Benefits Queue,123,265,Resolved,Yes,60,No,0,0
2509,2024-10-13 12:00:00,2024-10,Commercial,Portal,System Access,2045,Enrollment Queue,245,361,Resolved,Yes,30,No,0,0
2510,2024-10-13 13:00:00,2024-10,Medicare,IVR,Billing,2024,Claims Queue,35,303,Resolved,Yes,30,No,0,0
2511,2024-10-13 14:00:00,2024-10,Medicaid,Phone,Prior Authorization,2038,Enrollment Queue,41,438,Resolved,Yes,60,Yes,0,0
2512,2024-10-13 15:00:00,2024-10,Medicare,Phone,Prior Authorization,2027,Claims Queue,105,310,Resolved,No,30,No,0,0
2513,2024-10-13 16:00:00,2024-10,Medicare,Phone,Claims Status,2003,Enrollment Queue,51,479,Resolved,Yes,90,Yes,0,0
2514,2024-10-13 17:00:00,2024-10,Medicare,Phone,Billing,2051,Enrollment Queue,158,682,Resolved,Yes,30,No,0,0
2515,2024-10-13 18:00:00,2024-10,Medicare,Phone,Prior Authorization,2024,Claims Queue,12,286,Escalated,Yes,90,Yes,1,0
2516,2024-10-13 19:00:00,2024-10,Medicare,Phone,Prior Authorization,2023,Benefits Queue,148,394,Resolved,Yes,90,No,0,0
2517,2024-10-13 20:00:00,2024-10,Medicaid,Phone,Enrollment,2003,Benefits Queue,159,892,Resolved,Yes,60,No,0,0
2518,2024-10-13 21:00:00,2024-10,Medicare,Phone,Claims Status,2019,Claims Queue,64,214,Resolved,Yes,30,No,0,0
2519,2024-10-13 22:00:00,2024-10,Commercial,IVR,Claims Status,2041,Enrollment Queue,50,377,Resolved,No,30,No,0,0
2520,2024-10-13 23:00:00,2024-10,Commercial,Phone,Enrollment,2022,Claims Queue,183,331,Resolved,No,60,No,0,0
2521,2024-10-14 00:00:00,2024-10,Medicaid,Phone,Prior Authorization,2028,Benefits Queue,11,647,Abandoned,Yes,90,Yes,0,1
2522,2024-10-14 01:00:00,2024-10,Medicaid,Phone,Prior Authorization,2007,Enrollment Queue,45,393,Resolved,Yes,90,Yes,0,0
2523,2024-10-14 02:00:00,2024-10,Medicaid,IVR,Benefits Coverage,2033,Enrollment Queue,34,448,Escalated,Yes,30,No,1,0
2524,2024-10-14 03:00:00,2024-10,Medicaid,Phone,Claims Status,2025,Benefits Queue,47,84,Resolved,No,30,No,0,0
2525,2024-10-14 04:00:00,2024-10,Medicaid,Phone,Billing,2059,Benefits Queue,118,309,Resolved,No,30,No,0,0
2526,2024-10-14 05:00:00,2024-10,Medicaid,IVR,System Access,2011,Claims Queue,40,247,Resolved,Yes,60,Yes,0,0
2527,2024-10-14 06:00:00,2024-10,Medicare,IVR,Provider Inquiry,2006,Benefits Queue,66,140,Resolved,Yes,30,No,0,0
2528,2024-10-14 07:00:00,2024-10,Medicaid,Phone,Provider Inquiry,2032,Claims Queue,137,304,Resolved,Yes,90,No,0,0
2529,2024-10-14 08:00:00,2024-10,Medicare,Phone,Enrollment,2005,Enrollment Queue,47,89,Resolved,Yes,90,Yes,0,0
2530,2024-10-14 09:00:00,2024-10,Medicaid,Phone,System Access,2023,Claims Queue,56,103,Resolved,No,30,No,0,0
2531,2024-10-14 10:00:00,2024-10,Commercial,Phone,Prior Authorization,2048,Benefits Queue,196,264,Resolved,Yes,60,No,0,0
2532,2024-10-14 11:00:00,2024-10,Medicaid,Phone,Provider Inquiry,2047,Benefits Queue,95,137,Escalated,Yes,60,No,1,0
2533,2024-10-14 12:00:00,2024-10,Commercial,Phone,Claims Status,2059,Benefits Queue,15,210,Resolved,No,60,Yes,0,0
2534,2024-10-14 13:00:00,2024-10,Medicare,Phone,Benefits Coverage,2003,Claims Queue,74,427,Escalated,Yes,30,No,1,0
2535,2024-10-14 14:00:00,2024-10,Commercial,IVR,Claims Status,2006,Benefits Queue,136,390,Escalated,No,60,No,1,0
2536,2024-10-14 15:00:00,2024-10,Medicaid,IVR,Enrollment,2030,Benefits Queue,28,315,Abandoned,Yes,30,Yes,0,1
2537,2024-10-14 16:00:00,2024-10,Medicaid,Phone,Enrollment,2049,Enrollment Queue,246,325,Resolved,Yes,60,No,0,0
2538,2024-10-14 17:00:00,2024-10,Medicare,Phone,Benefits Coverage,2014,Claims Queue,59,123,Resolved,No,30,No,0,0
2539,2024-10-14 18:00:00,2024-10,Medicaid,IVR,Provider Inquiry,2059,Claims Queue,159,581,Abandoned,Yes,60,No,0,1
2540,2024-10-14 19:00:00,2024-10,Medicaid,Phone,Benefits Coverage,2028,Benefits Queue,23,493,Resolved,Yes,30,Yes,0,0
2541,2024-10-14 20:00:00,2024-10,Medicare,Phone,Claims Status,2030,Claims Queue,122,148,Abandoned,Yes,60,No,0,1
2542,2024-10-14 21:00:00,2024-10,Medicaid,Phone,Benefits Coverage,2016,Benefits Queue,52,217,Resolved,Yes,60,Yes,0,0
2543,2024-10-14 22:00:00,2024-10,Commercial,Phone,Enrollment,2031,Benefits Queue,40,277,Abandoned,No,30,No,0,1
2544,2024-10-14 23:00:00,2024-10,Medicare,Phone,Billing,2043,Claims Queue,237,317,Escalated,No,60,No,1,0
2545,2024-10-15 00:00:00,2024-10,Medicare,Phone,Billing,2043,Benefits Queue,98,221,Abandoned,No,30,No,0,1
2546,2024-10-15 01:00:00,2024-10,Medicare,Phone,Billing,2004,Claims Queue,76,203,Escalated,Yes,60,No,1,0
2547,2024-10-15 02:00:00,2024-10,Commercial,Phone,Benefits Coverage,2004,Claims Queue,137,939,Resolved,Yes,60,No,0,0
2548,2024-10-15 03:00:00,2024-10,Medicaid,Phone,Benefits Coverage,2044,Enrollment Queue,174,234,Resolved,Yes,90,No,0,0
2549,2024-10-15 04:00:00,2024-10,Medicaid,Phone,Enrollment,2023,Claims Queue,168,710,Resolved,Yes,90,No,0,0
2550,2024-10-15 05:00:00,2024-10,Medicaid,Portal,Billing,2038,Benefits Queue,143,598,Resolved,Yes,90,No,0,0
2551,2024-10-15 06:00:00,2024-10,Commercial,Phone,Provider Inquiry,2003,Benefits Queue,46,410,Resolved,Yes,30,No,0,0
2552,2024-10-15 07:00:00,2024-10,Medicaid,Phone,Prior Authorization,2056,Claims Queue,38,599,Resolved,Yes,30,No,0,0
2553,2024-10-15 08:00:00,2024-10,Medicare,Phone,Enrollment,2055,Benefits Queue,29,462,Resolved,No,90,Yes,0,0
2554,2024-10-15 09:00:00,2024-10,Medicaid,Phone,Benefits Coverage,2024,Enrollment Queue,57,260,Resolved,Yes,60,Yes,0,0
2555,2024-10-15 10:00:00,2024-10,Commercial,Phone,System Access,2035,Enrollment Queue,85,110,Resolved,Yes,30,No,0,0
2556,2024-10-15 11:00:00,2024-10,Medicaid,Phone,Claims Status,2054,Claims Queue,28,424,Resolved,No,30,Yes,0,0
2557,2024-10-15 12:00:00,2024-10,Medicare,Phone,Prior Authorization,2057,Enrollment Queue,113,415,Escalated,Yes,30,No,1,0
2558,2024-10-15 13:00:00,2024-10,Medicaid,IVR,Claims Status,2032,Benefits Queue,196,260,Escalated,Yes,30,No,1,0
2559,2024-10-15 14:00:00,2024-10,Commercial,Phone,Enrollment,2010,Claims Queue,130,391,Resolved,No,30,No,0,0
2560,2024-10-15 15:00:00,2024-10,Medicaid,Phone,Provider Inquiry,2027,Benefits Queue,111,334,Abandoned,Yes,60,No,0,1
2561,2024-10-15 16:00:00,2024-10,Medicare,Phone,Enrollment,2015,Claims Queue,57,704,Resolved,Yes,60,Yes,0,0
2562,2024-10-15 17:00:00,2024-10,Medicare,Phone,Prior Authorization,2011,Benefits Queue,83,426,Resolved,No,60,No,0,0
2563,2024-10-15 18:00:00,2024-10,Medicaid,Phone,Prior Authorization,2026,Benefits Queue,41,138,Escalated,Yes,90,Yes,1,0
2564,2024-10-15 19:00:00,2024-10,Medicare,Phone,System Access,2021,Claims Queue,116,216,Abandoned,No,90,No,0,1
2565,2024-10-15 20:00:00,2024-10,Medicaid,Portal,Billing,2027,Claims Queue,146,367,Resolved,Yes,30,No,0,0
2566,2024-10-15 21:00:00,2024-10,Medicare,Phone,Provider Inquiry,2043,Benefits Queue,29,858,Resolved,No,60,Yes,0,0
2567,2024-10-15 22:00:00,2024-10,Medicare,IVR,Provider Inquiry,2059,Benefits Queue,45,146,Resolved,Yes,30,No,0,0
2568,2024-10-15 23:00:00,2024-10,Medicaid,Phone,Claims Status,2002,Enrollment Queue,106,200,Resolved,Yes,60,No,0,0
2569,2024-10-16 00:00:00,2024-10,Medicaid,Phone,Prior Authorization,2008,Benefits Queue,103,208,Escalated,Yes,60,No,1,0
2570,2024-10-16 01:00:00,2024-10,Medicaid,Phone,Claims Status,2004,Benefits Queue,173,168,Resolved,Yes,30,No,0,0
2571,2024-10-16 02:00:00,2024-10,Medicaid,Portal,Prior Authorization,2056,Claims Queue,104,283,Resolved,Yes,30,No,0,0
2572,2024-10-16 03:00:00,2024-10,Medicaid,Phone,Prior Authorization,2013,Enrollment Queue,59,397,Escalated,Yes,60,Yes,1,0
2573,2024-10-16 04:00:00,2024-10,Medicare,Phone,Prior Authorization,2024,Enrollment Queue,199,140,Resolved,Yes,60,No,0,0
2574,2024-10-16 05:00:00,2024-10,Medicare,Phone,Provider Inquiry,2036,Benefits Queue,59,487,Escalated,Yes,60,Yes,1,0
2575,2024-10-16 06:00:00,2024-10,Commercial,Phone,Billing,2032,Enrollment Queue,63,543,Resolved,Yes,60,No,0,0
2576,2024-10-16 07:00:00,2024-10,Medicare,IVR,Claims Status,2043,Claims Queue,25,468,Resolved,Yes,60,Yes,0,0
2577,2024-10-16 08:00:00,2024-10,Commercial,Phone,Enrollment,2009,Benefits Queue,98,536,Resolved,Yes,60,No,0,0
2578,2024-10-16 09:00:00,2024-10,Medicaid,IVR,Enrollment,2054,Enrollment Queue,107,231,Resolved,No,60,No,0,0
2579,2024-10-16 10:00:00,2024-10,Medicare,Phone,Provider Inquiry,2001,Claims Queue,5,546,Resolved,Yes,90,Yes,0,0
2580,2024-10-16 11:00:00,2024-10,Medicaid,Phone,Enrollment,2042,Enrollment Queue,128,415,Resolved,Yes,30,No,0,0
2581,2024-10-16 12:00:00,2024-10,Medicaid,Phone,Prior Authorization,2012,Enrollment Queue,251,209,Resolved,No,30,No,0,0
2582,2024-10-16 13:00:00,2024-10,Medicaid,IVR,Provider Inquiry,2023,Claims Queue,80,220,Escalated,Yes,30,No,1,0
2583,2024-10-16 14:00:00,2024-10,Medicare,Phone,Prior Authorization,2049,Benefits Queue,106,391,Resolved,Yes,90,No,0,0
2584,2024-10-16 15:00:00,2024-10,Medicaid,Phone,Enrollment,2043,Claims Queue,167,327,Resolved,Yes,60,No,0,0
2585,2024-10-16 16:00:00,2024-10,Medicaid,Phone,System Access,2050,Claims Queue,168,202,Resolved,Yes,60,No,0,0
2586,2024-10-16 17:00:00,2024-10,Medicaid,Phone,Provider Inquiry,2019,Benefits Queue,76,1072,Resolved,Yes,30,No,0,0
2587,2024-10-16 18:00:00,2024-10,Commercial,Phone,Provider Inquiry,2016,Benefits Queue,50,388,Resolved,Yes,60,Yes,0,0
2588,2024-10-16 19:00:00,2024-10,Medicaid,Phone,Billing,2059,Benefits Queue,93,244,Abandoned,Yes,30,No,0,1
2589,2024-10-16 20:00:00,2024-10,Commercial,Phone,Benefits Coverage,2042,Claims Queue,67,223,Escalated,Yes,60,No,1,0
2590,2024-10-16 21:00:00,2024-10,Commercial,IVR,Benefits Coverage,2048,Benefits Queue,76,85,Resolved,Yes,90,Yes,0,0
2591,2024-10-16 22:00:00,2024-10,Medicare,Portal,Provider Inquiry,2053,Claims Queue,62,204,Resolved,Yes,60,No,0,0
2592,2024-10-16 23:00:00,2024-10,Commercial,Phone,Prior Authorization,2001,Benefits Queue,110,235,Resolved,Yes,30,No,0,0
2593,2024-10-17 00:00:00,2024-10,Commercial,Portal,Claims Status,2045,Benefits Queue,80,104,Resolved,No,30,No,0,0
2594,2024-10-17 01:00:00,2024-10,Commercial,Phone,Benefits Coverage,2015,Claims Queue,55,349,Resolved,Yes,60,Yes,0,0
2595,2024-10-17 02:00:00,2024-10,Medicare,Phone,Claims Status,2048,Claims Queue,62,626,Resolved,No,30,No,0,0
2596,2024-10-17 03:00:00,2024-10,Medicaid,Portal,Enrollment,2048,Benefits Queue,193,257,Abandoned,No,30,No,0,1
2597,2024-10-17 04:00:00,2024-10,Medicaid,Phone,Provider Inquiry,2034,Benefits Queue,71,71,Escalated,Yes,60,No,1,0
2598,2024-10-17 05:00:00,2024-10,Medicaid,IVR,Provider Inquiry,2005,Enrollment Queue,174,635,Abandoned,Yes,30,No,0,1
2599,2024-10-17 06:00:00,2024-10,Medicaid,Phone,Claims Status,2022,Claims Queue,164,271,Resolved,No,60,No,0,0
2600,2024-10-17 07:00:00,2024-10,Medicare,IVR,Enrollment,2014,Enrollment Queue,139,75,Resolved,Yes,30,No,0,0
2601,2024-10-17 08:00:00,2024-10,Medicaid,IVR,Benefits Coverage,2034,Enrollment Queue,99,610,Escalated,Yes,30,No,1,0
2602,2024-10-17 09:00:00,2024-10,Medicare,Phone,Provider Inquiry,2033,Claims Queue,156,186,Escalated,Yes,30,No,1,0
2603,2024-10-17 10:00:00,2024-10,Medicaid,Phone,System Access,2048,Claims Queue,120,278,Escalated,Yes,60,No,1,0
2604,2024-10-17 11:00:00,2024-10,Medicare,Phone,Benefits Coverage,2037,Claims Queue,197,363,Resolved,No,60,No,0,0
2605,2024-10-17 12:00:00,2024-10,Medicaid,Phone,Claims Status,2043,Claims Queue,200,357,Resolved,Yes,30,No,0,0
2606,2024-10-17 13:00:00,2024-10,Medicaid,Phone,Billing,2028,Claims Queue,148,342,Resolved,No,30,No,0,0
2607,2024-10-17 14:00:00,2024-10,Medicare,Portal,Provider Inquiry,2018,Benefits Queue,114,80,Resolved,No,90,No,0,0
2608,2024-10-17 15:00:00,2024-10,Medicaid,Phone,Billing,2011,Enrollment Queue,132,469,Resolved,Yes,90,No,0,0
2609,2024-10-17 16:00:00,2024-10,Medicare,Phone,Billing,2005,Benefits Queue,73,901,Resolved,Yes,30,No,0,0
2610,2024-10-17 17:00:00,2024-10,Medicaid,Portal,Benefits Coverage,2052,Benefits Queue,58,412,Resolved,Yes,60,Yes,0,0
2611,2024-10-17 18:00:00,2024-10,Medicare,Phone,Billing,2002,Enrollment Queue,70,238,Resolved,Yes,60,No,0,0
2612,2024-10-17 19:00:00,2024-10,Medicaid,Phone,Enrollment,2042,Claims Queue,247,295,Resolved,Yes,30,No,0,0
2613,2024-10-17 20:00:00,2024-10,Medicaid,Phone,System Access,2027,Claims Queue,87,516,Abandoned,Yes,30,No,0,1
2614,2024-10-17 21:00:00,2024-10,Medicare,Phone,Billing,2006,Claims Queue,87,311,Resolved,Yes,60,No,0,0
2615,2024-10-17 22:00:00,2024-10,Medicare,IVR,Provider Inquiry,2027,Enrollment Queue,68,604,Resolved,No,30,No,0,0
2616,2024-10-17 23:00:00,2024-10,Medicare,Phone,Claims Status,2008,Claims Queue,58,145,Resolved,Yes,60,Yes,0,0
2617,2024-10-18 00:00:00,2024-10,Medicaid,IVR,Billing,2037,Claims Queue,124,305,Escalated,Yes,90,No,1,0
2618,2024-10-18 01:00:00,2024-10,Medicare,IVR,Claims Status,2032,Enrollment Queue,230,311,Resolved,Yes,90,No,0,0
2619,2024-10-18 02:00:00,2024-10,Medicaid,Phone,System Access,2041,Claims Queue,38,403,Abandoned,Yes,90,Yes,0,1
2620,2024-10-18 03:00:00,2024-10,Commercial,Phone,System Access,2022,Enrollment Queue,63,750,Resolved,Yes,90,Yes,0,0
2621,2024-10-18 04:00:00,2024-10,Commercial,Phone,Prior Authorization,2030,Benefits Queue,44,144,Abandoned,Yes,60,Yes,0,1
2622,2024-10-18 05:00:00,2024-10,Commercial,Phone,Claims Status,2024,Enrollment Queue,210,241,Resolved,No,90,No,0,0
2623,2024-10-18 06:00:00,2024-10,Medicaid,Phone,Enrollment,2032,Claims Queue,95,806,Resolved,No,90,No,0,0
2624,2024-10-18 07:00:00,2024-10,Medicare,Phone,Billing,2018,Enrollment Queue,67,564,Resolved,Yes,30,No,0,0
2625,2024-10-18 08:00:00,2024-10,Commercial,Phone,Benefits Coverage,2014,Enrollment Queue,211,72,Resolved,Yes,60,No,0,0
2626,2024-10-18 09:00:00,2024-10,Medicare,Phone,Provider Inquiry,2046,Claims Queue,69,393,Abandoned,No,90,Yes,0,1
2627,2024-10-18 10:00:00,2024-10,Medicare,Phone,Benefits Coverage,2049,Claims Queue,146,65,Resolved,No,30,No,0,0
2628,2024-10-18 11:00:00,2024-10,Medicaid,Phone,Benefits Coverage,2020,Enrollment Queue,127,249,Resolved,Yes,30,No,0,0
2629,2024-10-18 12:00:00,2024-10,Medicaid,IVR,Enrollment,2022,Claims Queue,170,97,Resolved,No,30,No,0,0
2630,2024-10-18 13:00:00,2024-10,Medicare,Phone,Billing,2035,Benefits Queue,92,294,Escalated,No,60,No,1,0
2631,2024-10-18 14:00:00,2024-10,Medicare,Portal,Claims Status,2009,Claims Queue,24,251,Abandoned,Yes,60,Yes,0,1
2632,2024-10-18 15:00:00,2024-10,Medicare,IVR,Provider Inquiry,2047,Benefits Queue,299,381,Resolved,Yes,90,No,0,0
2633,2024-10-18 16:00:00,2024-10,Medicaid,IVR,Benefits Coverage,2024,Benefits Queue,134,647,Escalated,Yes,60,No,1,0
2634,2024-10-18 17:00:00,2024-10,Medicaid,Phone,System Access,2014,Enrollment Queue,58,257,Escalated,Yes,90,Yes,1,0
2635,2024-10-18 18:00:00,2024-10,Commercial,Phone,Provider Inquiry,2008,Benefits Queue,78,246,Abandoned,No,30,No,0,1
2636,2024-10-18 19:00:00,2024-10,Medicaid,Phone,Prior Authorization,2009,Enrollment Queue,69,396,Resolved,Yes,30,No,0,0
2637,2024-10-18 20:00:00,2024-10,Commercial,Phone,Billing,2059,Enrollment Queue,21,459,Resolved,Yes,30,Yes,0,0
2638,2024-10-18 21:00:00,2024-10,Medicaid,Phone,System Access,2055,Enrollment Queue,170,173,Abandoned,Yes,60,No,0,1
2639,2024-10-18 22:00:00,2024-10,Medicare,Phone,System Access,2047,Enrollment Queue,74,276,Resolved,Yes,90,Yes,0,0
2640,2024-10-18 23:00:00,2024-10,Medicare,Phone,Provider Inquiry,2037,Benefits Queue,59,339,Resolved,No,90,Yes,0,0
2641,2024-10-19 00:00:00,2024-10,Medicare,Phone,Billing,2027,Enrollment Queue,37,684,Resolved,No,30,No,0,0
2642,2024-10-19 01:00:00,2024-10,Commercial,Phone,Claims Status,2054,Enrollment Queue,164,609,Resolved,Yes,90,No,0,0
2643,2024-10-19 02:00:00,2024-10,Medicare,IVR,Claims Status,2054,Enrollment Queue,91,49,Abandoned,Yes,30,No,0,1
2644,2024-10-19 03:00:00,2024-10,Commercial,IVR,Enrollment,2046,Benefits Queue,221,268,Resolved,Yes,60,No,0,0
2645,2024-10-19 04:00:00,2024-10,Medicaid,Portal,Billing,2001,Benefits Queue,2,469,Resolved,Yes,30,Yes,0,0
2646,2024-10-19 05:00:00,2024-10,Medicaid,Phone,Benefits Coverage,2051,Benefits Queue,94,210,Resolved,Yes,90,No,0,0
2647,2024-10-19 06:00:00,2024-10,Medicaid,Phone,System Access,2017,Claims Queue,140,199,Escalated,Yes,60,No,1,0
2648,2024-10-19 07:00:00,2024-10,Medicaid,Phone,Benefits Coverage,2040,Benefits Queue,254,478,Resolved,No,30,No,0,0
2649,2024-10-19 08:00:00,2024-10,Medicare,Phone,Claims Status,2029,Benefits Queue,33,282,Resolved,Yes,60,Yes,0,0
2650,2024-10-19 09:00:00,2024-10,Medicare,Portal,System Access,2013,Enrollment Queue,33,109,Resolved,Yes,90,Yes,0,0
2651,2024-10-19 10:00:00,2024-10,Medicare,Phone,Billing,2037,Claims Queue,251,507,Resolved,Yes,60,No,0,0
2652,2024-10-19 11:00:00,2024-10,Medicare,Portal,Claims Status,2036,Claims Queue,103,728,Resolved,Yes,90,No,0,0
2653,2024-10-19 12:00:00,2024-10,Medicare,Phone,Benefits Coverage,2056,Benefits Queue,101,887,Resolved,Yes,90,No,0,0
2654,2024-10-19 13:00:00,2024-10,Medicaid,IVR,Provider Inquiry,2003,Benefits Queue,75,123,Resolved,Yes,30,No,0,0
2655,2024-10-19 14:00:00,2024-10,Commercial,Phone,Benefits Coverage,2014,Claims Queue,62,169,Resolved,Yes,60,No,0,0
2656,2024-10-19 15:00:00,2024-10,Medicare,Phone,Claims Status,2029,Claims Queue,40,415,Resolved,Yes,30,No,0,0
2657,2024-10-19 16:00:00,2024-10,Medicare,Phone,Provider Inquiry,2008,Benefits Queue,30,209,Resolved,No,90,Yes,0,0
2658,2024-10-19 17:00:00,2024-10,Commercial,IVR,Provider Inquiry,2054,Enrollment Queue,187,300,Abandoned,No,60,No,0,1
2659,2024-10-19 18:00:00,2024-10,Medicaid,Phone,System Access,2014,Enrollment Queue,47,1020,Resolved,Yes,60,Yes,0,0
2660,2024-10-19 19:00:00,2024-10,Medicaid,IVR,Prior Authorization,2015,Claims Queue,159,409,Resolved,Yes,30,No,0,0
2661,2024-10-19 20:00:00,2024-10,Medicare,Phone,Benefits Coverage,2056,Benefits Queue,68,119,Resolved,Yes,60,No,0,0
2662,2024-10-19 21:00:00,2024-10,Medicaid,IVR,Prior Authorization,2020,Benefits Queue,98,356,Resolved,Yes,30,No,0,0
2663,2024-10-19 22:00:00,2024-10,Medicare,Phone,Benefits Coverage,2017,Claims Queue,191,140,Escalated,Yes,60,No,1,0
2664,2024-10-19 23:00:00,2024-10,Medicare,Phone,System Access,2029,Benefits Queue,121,286,Resolved,Yes,90,No,0,0
2665,2024-10-20 00:00:00,2024-10,Medicare,Phone,Provider Inquiry,2021,Enrollment Queue,81,641,Abandoned,Yes,30,No,0,1
2666,2024-10-20 01:00:00,2024-10,Medicaid,Phone,Enrollment,2010,Benefits Queue,58,219,Escalated,No,60,Yes,1,0
2667,2024-10-20 02:00:00,2024-10,Medicare,Phone,System Access,2027,Enrollment Queue,134,161,Resolved,Yes,30,No,0,0
2668,2024-10-20 03:00:00,2024-10,Medicaid,IVR,Enrollment,2047,Claims Queue,12,557,Resolved,Yes,30,Yes,0,0
2669,2024-10-20 04:00:00,2024-10,Medicaid,Phone,System Access,2028,Enrollment Queue,87,609,Resolved,Yes,60,No,0,0
2670,2024-10-20 05:00:00,2024-10,Medicaid,Phone,Benefits Coverage,2018,Enrollment Queue,71,459,Abandoned,Yes,60,No,0,1
2671,2024-10-20 06:00:00,2024-10,Commercial,IVR,System Access,2022,Claims Queue,43,132,Escalated,No,60,Yes,1,0
2672,2024-10-20 07:00:00,2024-10,Medicaid,Phone,Billing,2020,Benefits Queue,61,274,Resolved,Yes,30,No,0,0
2673,2024-10-20 08:00:00,2024-10,Commercial,Phone,System Access,2044,Claims Queue,56,560,Escalated,No,30,No,1,0
2674,2024-10-20 09:00:00,2024-10,Medicare,Phone,Provider Inquiry,2011,Enrollment Queue,102,291,Escalated,Yes,90,No,1,0
2675,2024-10-20 10:00:00,2024-10,Medicare,IVR,Enrollment,2004,Benefits Queue,67,290,Resolved,Yes,30,No,0,0
2676,2024-10-20 11:00:00,2024-10,Medicaid,Phone,Provider Inquiry,2008,Benefits Queue,58,428,Escalated,Yes,30,No,1,0
2677,2024-10-20 12:00:00,2024-10,Commercial,Phone,Prior Authorization,2003,Benefits Queue,51,425,Resolved,Yes,30,No,0,0
2678,2024-10-20 13:00:00,2024-10,Medicare,Phone,Enrollment,2047,Claims Queue,140,696,Resolved,Yes,30,No,0,0
2679,2024-10-20 14:00:00,2024-10,Medicaid,Phone,Claims Status,2016,Claims Queue,75,839,Resolved,Yes,60,No,0,0
2680,2024-10-20 15:00:00,2024-10,Commercial,Phone,System Access,2011,Enrollment Queue,202,139,Resolved,Yes,60,No,0,0
2681,2024-10-20 16:00:00,2024-10,Medicare,Phone,Provider Inquiry,2058,Claims Queue,53,209,Resolved,Yes,60,Yes,0,0
2682,2024-10-20 17:00:00,2024-10,Commercial,Phone,Claims Status,2016,Claims Queue,101,621,Resolved,Yes,90,No,0,0
2683,2024-10-20 18:00:00,2024-10,Medicare,Phone,Benefits Coverage,2015,Benefits Queue,29,92,Resolved,Yes,60,Yes,0,0
2684,2024-10-20 19:00:00,2024-10,Commercial,IVR,Claims Status,2049,Enrollment Queue,26,205,Resolved,No,60,Yes,0,0
2685,2024-10-20 20:00:00,2024-10,Commercial,Phone,Enrollment,2017,Claims Queue,61,419,Resolved,Yes,60,No,0,0
2686,2024-10-20 21:00:00,2024-10,Medicare,Phone,Provider Inquiry,2008,Claims Queue,87,674,Escalated,Yes,30,No,1,0
2687,2024-10-20 22:00:00,2024-10,Medicare,Portal,Benefits Coverage,2019,Benefits Queue,105,402,Escalated,Yes,60,No,1,0
2688,2024-10-20 23:00:00,2024-10,Medicaid,Phone,Prior Authorization,2037,Enrollment Queue,96,402,Abandoned,Yes,90,No,0,1
2689,2024-10-21 00:00:00,2024-10,Medicare,IVR,Claims Status,2023,Benefits Queue,245,152,Resolved,No,60,No,0,0
2690,2024-10-21 01:00:00,2024-10,Medicare,IVR,Claims Status,2051,Benefits Queue,106,330,Escalated,Yes,30,No,1,0
2691,2024-10-21 02:00:00,2024-10,Commercial,Phone,Prior Authorization,2015,Enrollment Queue,48,182,Abandoned,No,60,Yes,0,1
2692,2024-10-21 03:00:00,2024-10,Medicare,Phone,Provider Inquiry,2007,Claims Queue,126,318,Resolved,Yes,60,No,0,0
2693,2024-10-21 04:00:00,2024-10,Medicare,Portal,Enrollment,2040,Benefits Queue,95,376,Resolved,Yes,30,No,0,0
2694,2024-10-21 05:00:00,2024-10,Medicare,Phone,Benefits Coverage,2032,Enrollment Queue,78,460,Resolved,Yes,60,No,0,0
2695,2024-10-21 06:00:00,2024-10,Medicare,Phone,Claims Status,2050,Claims Queue,67,106,Resolved,Yes,30,No,0,0
2696,2024-10-21 07:00:00,2024-10,Medicare,Phone,Prior Authorization,2015,Enrollment Queue,85,395,Resolved,No,30,No,0,0
2697,2024-10-21 08:00:00,2024-10,Commercial,Phone,Claims Status,2017,Benefits Queue,126,156,Abandoned,Yes,30,No,0,1
2698,2024-10-21 09:00:00,2024-10,Medicare,Portal,Prior Authorization,2004,Claims Queue,57,73,Resolved,No,90,Yes,0,0
2699,2024-10-21 10:00:00,2024-10,Medicaid,Phone,Billing,2003,Enrollment Queue,153,244,Abandoned,Yes,30,No,0,1
2700,2024-10-21 11:00:00,2024-10,Medicaid,IVR,Benefits Coverage,2034,Claims Queue,124,572,Escalated,No,30,No,1,0
2701,2024-10-21 12:00:00,2024-10,Medicaid,Phone,System Access,2012,Benefits Queue,91,127,Resolved,Yes,60,No,0,0
2702,2024-10-21 13:00:00,2024-10,Medicare,Portal,Billing,2048,Benefits Queue,143,361,Escalated,No,90,No,1,0
2703,2024-10-21 14:00:00,2024-10,Medicare,Phone,Benefits Coverage,2046,Benefits Queue,92,419,Escalated,Yes,30,No,1,0
2704,2024-10-21 15:00:00,2024-10,Medicaid,Phone,Benefits Coverage,2056,Benefits Queue,99,509,Resolved,Yes,90,No,0,0
2705,2024-10-21 16:00:00,2024-10,Medicare,Phone,Enrollment,2045,Benefits Queue,67,239,Resolved,No,60,No,0,0
2706,2024-10-21 17:00:00,2024-10,Commercial,Portal,Billing,2012,Claims Queue,51,262,Resolved,No,30,No,0,0
2707,2024-10-21 18:00:00,2024-10,Medicare,Phone,Prior Authorization,2036,Enrollment Queue,52,589,Escalated,Yes,60,Yes,1,0
2708,2024-10-21 19:00:00,2024-10,Medicare,Phone,Claims Status,2001,Enrollment Queue,111,411,Resolved,Yes,90,No,0,0
2709,2024-10-21 20:00:00,2024-10,Medicare,IVR,System Access,2033,Claims Queue,32,264,Resolved,No,30,No,0,0
2710,2024-10-21 21:00:00,2024-10,Commercial,Portal,Claims Status,2027,Claims Queue,85,549,Resolved,Yes,90,Yes,0,0
2711,2024-10-21 22:00:00,2024-10,Medicaid,Phone,Provider Inquiry,2016,Benefits Queue,71,340,Resolved,Yes,90,Yes,0,0
2712,2024-10-21 23:00:00,2024-10,Medicare,Phone,Enrollment,2027,Enrollment Queue,79,437,Resolved,Yes,60,No,0,0
2713,2024-10-22 00:00:00,2024-10,Medicare,Phone,Enrollment,2025,Enrollment Queue,52,598,Escalated,Yes,60,Yes,1,0
2714,2024-10-22 01:00:00,2024-10,Medicaid,Phone,Claims Status,2023,Enrollment Queue,101,159,Resolved,Yes,30,No,0,0
2715,2024-10-22 02:00:00,2024-10,Medicare,Phone,Claims Status,2059,Benefits Queue,156,166,Escalated,No,30,No,1,0
2716,2024-10-22 03:00:00,2024-10,Medicaid,Phone,Claims Status,2031,Claims Queue,81,153,Resolved,Yes,90,Yes,0,0
2717,2024-10-22 04:00:00,2024-10,Medicaid,Phone,Claims Status,2007,Enrollment Queue,137,232,Escalated,Yes,90,No,1,0
2718,2024-10-22 05:00:00,2024-10,Medicaid,Phone,Benefits Coverage,2051,Enrollment Queue,135,47,Resolved,Yes,60,No,0,0
2719,2024-10-22 06:00:00,2024-10,Medicaid,IVR,Provider Inquiry,2036,Enrollment Queue,236,460,Abandoned,Yes,60,No,0,1
2720,2024-10-22 07:00:00,2024-10,Medicare,Phone,Enrollment,2039,Benefits Queue,140,370,Abandoned,Yes,60,No,0,1
2721,2024-10-22 08:00:00,2024-10,Medicaid,Phone,Enrollment,2003,Claims Queue,210,186,Resolved,Yes,60,No,0,0
2722,2024-10-22 09:00:00,2024-10,Commercial,Phone,Claims Status,2055,Benefits Queue,50,546,Resolved,Yes,90,Yes,0,0
2723,2024-10-22 10:00:00,2024-10,Medicaid,Phone,Provider Inquiry,2024,Claims Queue,32,393,Resolved,Yes,60,Yes,0,0
2724,2024-10-22 11:00:00,2024-10,Commercial,IVR,Claims Status,2004,Enrollment Queue,46,131,Abandoned,Yes,60,Yes,0,1
2725,2024-10-22 12:00:00,2024-10,Medicare,Phone,Provider Inquiry,2008,Claims Queue,17,141,Resolved,Yes,60,Yes,0,0
2726,2024-10-22 13:00:00,2024-10,Medicaid,Phone,Prior Authorization,2040,Enrollment Queue,261,442,Escalated,Yes,30,No,1,0
2727,2024-10-22 14:00:00,2024-10,Commercial,Phone,Billing,2012,Enrollment Queue,83,324,Resolved,Yes,30,No,0,0
2728,2024-10-22 15:00:00,2024-10,Medicare,IVR,Claims Status,2009,Benefits Queue,81,489,Resolved,No,60,No,0,0
2729,2024-10-22 16:00:00,2024-10,Medicaid,IVR,Prior Authorization,2047,Claims Queue,85,225,Resolved,Yes,30,No,0,0
2730,2024-10-22 17:00:00,2024-10,Commercial,Phone,Claims Status,2035,Claims Queue,109,226,Abandoned,Yes,60,No,0,1
2731,2024-10-22 18:00:00,2024-10,Medicaid,Phone,Enrollment,2039,Enrollment Queue,18,293,Abandoned,Yes,60,Yes,0,1
2732,2024-10-22 19:00:00,2024-10,Medicare,Phone,Enrollment,2050,Benefits Queue,50,525,Abandoned,No,60,Yes,0,1
2733,2024-10-22 20:00:00,2024-10,Medicare,Phone,Provider Inquiry,2023,Benefits Queue,72,140,Resolved,Yes,30,No,0,0
2734,2024-10-22 21:00:00,2024-10,Medicare,IVR,Provider Inquiry,2032,Benefits Queue,93,699,Resolved,Yes,60,No,0,0
2735,2024-10-22 22:00:00,2024-10,Medicare,Phone,Claims Status,2035,Claims Queue,53,184,Abandoned,Yes,30,No,0,1
2736,2024-10-22 23:00:00,2024-10,Commercial,Portal,Enrollment,2003,Enrollment Queue,197,807,Resolved,Yes,30,No,0,0
2737,2024-10-23 00:00:00,2024-10,Medicare,Phone,Provider Inquiry,2018,Claims Queue,79,410,Abandoned,Yes,60,No,0,1
2738,2024-10-23 01:00:00,2024-10,Medicaid,Portal,Billing,2018,Enrollment Queue,106,92,Escalated,Yes,60,No,1,0
2739,2024-10-23 02:00:00,2024-10,Medicare,Phone,Billing,2032,Enrollment Queue,37,316,Resolved,Yes,30,No,0,0
2740,2024-10-23 03:00:00,2024-10,Medicare,Phone,System Access,2023,Benefits Queue,82,147,Escalated,Yes,30,No,1,0
2741,2024-10-23 04:00:00,2024-10,Medicaid,IVR,Enrollment,2014,Enrollment Queue,52,503,Resolved,Yes,60,Yes,0,0
2742,2024-10-23 05:00:00,2024-10,Medicaid,IVR,Prior Authorization,2040,Benefits Queue,72,502,Resolved,Yes,30,No,0,0
2743,2024-10-23 06:00:00,2024-10,Medicare,Phone,Benefits Coverage,2029,Enrollment Queue,70,522,Resolved,Yes,60,No,0,0
2744,2024-10-23 07:00:00,2024-10,Medicaid,Portal,Claims Status,2051,Claims Queue,52,165,Resolved,Yes,90,Yes,0,0
2745,2024-10-23 08:00:00,2024-10,Medicaid,Phone,System Access,2047,Benefits Queue,337,356,Resolved,Yes,60,No,0,0
2746,2024-10-23 09:00:00,2024-10,Medicare,Phone,Benefits Coverage,2017,Enrollment Queue,62,154,Resolved,Yes,60,No,0,0
2747,2024-10-23 10:00:00,2024-10,Medicare,IVR,Claims Status,2041,Enrollment Queue,60,220,Abandoned,Yes,90,Yes,0,1
2748,2024-10-23 11:00:00,2024-10,Medicare,Phone,Provider Inquiry,2007,Enrollment Queue,81,200,Escalated,No,90,Yes,1,0
2749,2024-10-23 12:00:00,2024-10,Commercial,Phone,Provider Inquiry,2005,Benefits Queue,76,202,Resolved,Yes,90,Yes,0,0
2750,2024-10-23 13:00:00,2024-10,Medicaid,Phone,Billing,2037,Benefits Queue,25,286,Resolved,Yes,30,Yes,0,0
2751,2024-10-23 14:00:00,2024-10,Medicaid,IVR,Claims Status,2059,Benefits Queue,39,289,Resolved,Yes,30,No,0,0
2752,2024-10-23 15:00:00,2024-10,Medicaid,Phone,Claims Status,2030,Claims Queue,160,207,Resolved,Yes,90,No,0,0
2753,2024-10-23 16:00:00,2024-10,Commercial,Phone,Prior Authorization,2006,Claims Queue,48,158,Resolved,Yes,90,Yes,0,0
2754,2024-10-23 17:00:00,2024-10,Commercial,Phone,Enrollment,2014,Enrollment Queue,83,218,Resolved,Yes,60,No,0,0
2755,2024-10-23 18:00:00,2024-10,Medicaid,Phone,Benefits Coverage,2034,Benefits Queue,12,614,Resolved,Yes,30,Yes,0,0
2756,2024-10-23 19:00:00,2024-10,Commercial,Phone,Provider Inquiry,2044,Claims Queue,177,572,Abandoned,Yes,60,No,0,1
2757,2024-10-23 20:00:00,2024-10,Medicare,Portal,Billing,2058,Benefits Queue,37,482,Escalated,No,30,No,1,0
2758,2024-10-23 21:00:00,2024-10,Commercial,Phone,Claims Status,2031,Benefits Queue,114,207,Resolved,No,30,No,0,0
2759,2024-10-23 22:00:00,2024-10,Medicare,Phone,Billing,2023,Benefits Queue,113,250,Resolved,Yes,90,No,0,0
2760,2024-10-23 23:00:00,2024-10,Commercial,Phone,Billing,2024,Benefits Queue,106,571,Resolved,Yes,90,No,0,0
2761,2024-10-24 00:00:00,2024-10,Medicare,Phone,Enrollment,2007,Enrollment Queue,117,388,Resolved,Yes,60,No,0,0
2762,2024-10-24 01:00:00,2024-10,Medicaid,IVR,Benefits Coverage,2014,Enrollment Queue,43,599,Abandoned,Yes,60,Yes,0,1
2763,2024-10-24 02:00:00,2024-10,Commercial,Phone,System Access,2029,Benefits Queue,106,611,Escalated,Yes,60,No,1,0
2764,2024-10-24 03:00:00,2024-10,Medicaid,Phone,Claims Status,2042,Claims Queue,160,552,Resolved,Yes,30,No,0,0
2765,2024-10-24 04:00:00,2024-10,Medicare,Phone,Provider Inquiry,2018,Benefits Queue,192,174,Resolved,No,90,No,0,0
2766,2024-10-24 05:00:00,2024-10,Medicare,IVR,Provider Inquiry,2029,Benefits Queue,100,300,Resolved,Yes,60,No,0,0
2767,2024-10-24 06:00:00,2024-10,Medicaid,Phone,Prior Authorization,2043,Claims Queue,209,591,Resolved,Yes,30,No,0,0
2768,2024-10-24 07:00:00,2024-10,Medicare,Phone,Billing,2015,Enrollment Queue,65,345,Resolved,Yes,60,No,0,0
2769,2024-10-24 08:00:00,2024-10,Commercial,Phone,Claims Status,2015,Claims Queue,113,320,Resolved,Yes,90,No,0,0
2770,2024-10-24 09:00:00,2024-10,Medicaid,Phone,Prior Authorization,2046,Enrollment Queue,109,653,Escalated,Yes,30,No,1,0
2771,2024-10-24 10:00:00,2024-10,Medicaid,Portal,Billing,2029,Claims Queue,52,246,Resolved,Yes,30,No,0,0
2772,2024-10-24 11:00:00,2024-10,Commercial,Portal,Prior Authorization,2003,Enrollment Queue,50,655,Escalated,No,90,Yes,1,0
2773,2024-10-24 12:00:00,2024-10,Medicaid,Portal,Enrollment,2002,Benefits Queue,121,199,Resolved,Yes,60,No,0,0
2774,2024-10-24 13:00:00,2024-10,Medicaid,Phone,System Access,2048,Benefits Queue,73,293,Resolved,Yes,90,Yes,0,0
2775,2024-10-24 14:00:00,2024-10,Medicare,IVR,Claims Status,2005,Benefits Queue,82,390,Resolved,No,90,Yes,0,0
2776,2024-10-24 15:00:00,2024-10,Medicare,IVR,Provider Inquiry,2003,Enrollment Queue,115,168,Escalated,No,60,No,1,0
2777,2024-10-24 16:00:00,2024-10,Commercial,IVR,Prior Authorization,2050,Benefits Queue,50,497,Resolved,Yes,30,No,0,0
2778,2024-10-24 17:00:00,2024-10,Medicaid,Phone,System Access,2044,Claims Queue,40,675,Resolved,No,30,No,0,0
2779,2024-10-24 18:00:00,2024-10,Medicaid,IVR,System Access,2024,Benefits Queue,221,237,Abandoned,Yes,60,No,0,1
2780,2024-10-24 19:00:00,2024-10,Commercial,Portal,Billing,2005,Enrollment Queue,68,59,Resolved,No,30,No,0,0
2781,2024-10-24 20:00:00,2024-10,Medicare,Phone,Prior Authorization,2053,Claims Queue,35,395,Abandoned,No,90,Yes,0,1
2782,2024-10-24 21:00:00,2024-10,Commercial,Phone,Benefits Coverage,2034,Enrollment Queue,101,342,Resolved,Yes,30,No,0,0
2783,2024-10-24 22:00:00,2024-10,Medicaid,Phone,Billing,2019,Enrollment Queue,117,418,Resolved,Yes,30,No,0,0
2784,2024-10-24 23:00:00,2024-10,Medicaid,IVR,Claims Status,2053,Enrollment Queue,14,155,Resolved,No,60,Yes,0,0
2785,2024-10-25 00:00:00,2024-10,Commercial,Phone,Claims Status,2002,Claims Queue,74,366,Resolved,Yes,60,No,0,0
2786,2024-10-25 01:00:00,2024-10,Medicaid,Phone,Claims Status,2040,Enrollment Queue,70,265,Resolved,No,30,No,0,0
2787,2024-10-25 02:00:00,2024-10,Medicaid,Phone,Claims Status,2042,Benefits Queue,78,360,Resolved,Yes,30,No,0,0
2788,2024-10-25 03:00:00,2024-10,Medicaid,Phone,Billing,2056,Claims Queue,40,403,Resolved,Yes,60,Yes,0,0
2789,2024-10-25 04:00:00,2024-10,Medicaid,Phone,System Access,2041,Benefits Queue,25,176,Resolved,Yes,30,Yes,0,0
2790,2024-10-25 05:00:00,2024-10,Medicaid,Phone,Benefits Coverage,2049,Enrollment Queue,26,198,Resolved,Yes,30,Yes,0,0
2791,2024-10-25 06:00:00,2024-10,Medicaid,Portal,Billing,2046,Claims Queue,64,673,Escalated,Yes,90,Yes,1,0
2792,2024-10-25 07:00:00,2024-10,Medicaid,Phone,Benefits Coverage,2036,Benefits Queue,9,218,Resolved,No,90,Yes,0,0
2793,2024-10-25 08:00:00,2024-10,Medicare,Phone,Billing,2045,Claims Queue,88,594,Resolved,Yes,30,No,0,0
2794,2024-10-25 09:00:00,2024-10,Medicare,Phone,Claims Status,2016,Benefits Queue,102,301,Abandoned,Yes,60,No,0,1
2795,2024-10-25 10:00:00,2024-10,Medicare,Phone,System Access,2026,Claims Queue,94,93,Resolved,Yes,30,No,0,0
2796,2024-10-25 11:00:00,2024-10,Medicaid,Phone,Enrollment,2022,Enrollment Queue,92,767,Resolved,Yes,60,No,0,0
2797,2024-10-25 12:00:00,2024-10,Medicare,Phone,Prior Authorization,2015,Benefits Queue,126,480,Resolved,No,60,No,0,0
2798,2024-10-25 13:00:00,2024-10,Medicare,IVR,Provider Inquiry,2005,Enrollment Queue,74,465,Resolved,Yes,60,No,0,0
2799,2024-10-25 14:00:00,2024-10,Medicaid,Phone,Prior Authorization,2013,Enrollment Queue,155,461,Resolved,Yes,30,No,0,0
2800,2024-10-25 15:00:00,2024-10,Medicare,IVR,Enrollment,2019,Benefits Queue,96,331,Resolved,Yes,30,No,0,0
2801,2024-10-25 16:00:00,2024-10,Commercial,Phone,Benefits Coverage,2009,Claims Queue,62,633,Resolved,Yes,30,No,0,0
2802,2024-10-25 17:00:00,2024-10,Commercial,IVR,System Access,2030,Enrollment Queue,21,324,Resolved,No,30,Yes,0,0
2803,2024-10-25 18:00:00,2024-10,Medicare,Phone,System Access,2048,Benefits Queue,57,510,Escalated,Yes,30,No,1,0
2804,2024-10-25 19:00:00,2024-10,Medicaid,Phone,System Access,2024,Enrollment Queue,36,709,Abandoned,Yes,60,Yes,0,1
2805,2024-10-25 20:00:00,2024-10,Medicaid,Phone,Prior Authorization,2032,Benefits Queue,35,185,Escalated,Yes,90,Yes,1,0
2806,2024-10-25 21:00:00,2024-10,Medicaid,Phone,Benefits Coverage,2020,Benefits Queue,125,327,Resolved,Yes,60,No,0,0
2807,2024-10-25 22:00:00,2024-10,Medicaid,Phone,Billing,2017,Enrollment Queue,151,271,Escalated,No,60,No,1,0
2808,2024-10-25 23:00:00,2024-10,Medicare,Phone,System Access,2001,Benefits Queue,42,312,Resolved,Yes,60,Yes,0,0
2809,2024-10-26 00:00:00,2024-10,Medicare,Phone,Benefits Coverage,2024,Enrollment Queue,147,299,Escalated,Yes,90,No,1,0
2810,2024-10-26 01:00:00,2024-10,Medicaid,Phone,Prior Authorization,2029,Claims Queue,57,455,Escalated,Yes,30,No,1,0
2811,2024-10-26 02:00:00,2024-10,Medicare,Portal,Prior Authorization,2038,Enrollment Queue,53,280,Escalated,Yes,90,Yes,1,0
2812,2024-10-26 03:00:00,2024-10,Medicaid,Phone,Provider Inquiry,2055,Benefits Queue,83,503,Escalated,Yes,60,No,1,0
2813,2024-10-26 04:00:00,2024-10,Commercial,Phone,Prior Authorization,2044,Enrollment Queue,123,301,Resolved,Yes,90,No,0,0
2814,2024-10-26 05:00:00,2024-10,Commercial,Phone,Enrollment,2006,Enrollment Queue,104,377,Resolved,Yes,60,No,0,0
2815,2024-10-26 06:00:00,2024-10,Commercial,Phone,Prior Authorization,2009,Enrollment Queue,180,310,Resolved,Yes,60,No,0,0
2816,2024-10-26 07:00:00,2024-10,Medicare,Phone,Provider Inquiry,2050,Enrollment Queue,131,337,Resolved,No,60,No,0,0
2817,2024-10-26 08:00:00,2024-10,Commercial,Phone,Prior Authorization,2058,Benefits Queue,75,378,Escalated,Yes,60,No,1,0
2818,2024-10-26 09:00:00,2024-10,Medicare,Phone,Provider Inquiry,2028,Benefits Queue,70,692,Resolved,Yes,60,No,0,0
2819,2024-10-26 10:00:00,2024-10,Medicaid,Phone,Billing,2037,Benefits Queue,185,249,Resolved,Yes,30,No,0,0
2820,2024-10-26 11:00:00,2024-10,Medicaid,IVR,System Access,2022,Enrollment Queue,34,491,Resolved,Yes,60,Yes,0,0
2821,2024-10-26 12:00:00,2024-10,Medicare,Phone,Claims Status,2016,Benefits Queue,229,327,Resolved,Yes,90,No,0,0
2822,2024-10-26 13:00:00,2024-10,Medicare,Phone,Claims Status,2004,Claims Queue,94,194,Abandoned,Yes,30,No,0,1
2823,2024-10-26 14:00:00,2024-10,Medicare,Portal,Provider Inquiry,2047,Enrollment Queue,45,129,Abandoned,No,60,Yes,0,1
2824,2024-10-26 15:00:00,2024-10,Medicare,Phone,System Access,2014,Benefits Queue,27,335,Resolved,Yes,30,Yes,0,0
2825,2024-10-26 16:00:00,2024-10,Medicare,Phone,Claims Status,2055,Benefits Queue,102,90,Resolved,No,60,No,0,0
2826,2024-10-26 17:00:00,2024-10,Medicare,Phone,Enrollment,2007,Benefits Queue,148,342,Resolved,Yes,60,No,0,0
2827,2024-10-26 18:00:00,2024-10,Medicare,IVR,Billing,2005,Enrollment Queue,193,542,Resolved,No,30,No,0,0
2828,2024-10-26 19:00:00,2024-10,Medicaid,IVR,Enrollment,2003,Benefits Queue,145,550,Abandoned,Yes,30,No,0,1
2829,2024-10-26 20:00:00,2024-10,Medicare,Phone,System Access,2058,Enrollment Queue,174,446,Resolved,No,30,No,0,0
2830,2024-10-26 21:00:00,2024-10,Medicaid,Portal,Billing,2027,Benefits Queue,115,48,Resolved,Yes,30,No,0,0
2831,2024-10-26 22:00:00,2024-10,Medicare,Phone,Enrollment,2043,Benefits Queue,171,213,Resolved,No,60,No,0,0
2832,2024-10-26 23:00:00,2024-10,Medicaid,Phone,Enrollment,2030,Claims Queue,90,111,Resolved,Yes,60,No,0,0
2833,2024-10-27 00:00:00,2024-10,Medicaid,Phone,Prior Authorization,2002,Enrollment Queue,14,559,Resolved,No,30,Yes,0,0
2834,2024-10-27 01:00:00,2024-10,Medicare,Phone,Billing,2047,Benefits Queue,80,433,Resolved,Yes,30,No,0,0
2835,2024-10-27 02:00:00,2024-10,Medicare,Phone,Provider Inquiry,2037,Claims Queue,59,143,Resolved,No,90,Yes,0,0
2836,2024-10-27 03:00:00,2024-10,Commercial,Portal,Claims Status,2004,Enrollment Queue,58,228,Resolved,Yes,60,Yes,0,0
2837,2024-10-27 04:00:00,2024-10,Medicaid,Phone,Prior Authorization,2001,Enrollment Queue,84,229,Resolved,Yes,30,No,0,0
2838,2024-10-27 05:00:00,2024-10,Medicaid,IVR,Prior Authorization,2027,Claims Queue,27,100,Resolved,Yes,90,Yes,0,0
2839,2024-10-27 06:00:00,2024-10,Medicaid,Phone,System Access,2047,Claims Queue,68,371,Resolved,Yes,60,No,0,0
2840,2024-10-27 07:00:00,2024-10,Commercial,Portal,Enrollment,2052,Enrollment Queue,116,477,Resolved,Yes,60,No,0,0
2841,2024-10-27 08:00:00,2024-10,Medicare,Phone,System Access,2037,Enrollment Queue,46,95,Resolved,Yes,60,Yes,0,0
2842,2024-10-27 09:00:00,2024-10,Medicare,Phone,Enrollment,2044,Enrollment Queue,66,374,Resolved,No,30,No,0,0
2843,2024-10-27 10:00:00,2024-10,Medicaid,Portal,Provider Inquiry,2049,Enrollment Queue,90,305,Abandoned,Yes,30,No,0,1
2844,2024-10-27 11:00:00,2024-10,Medicare,Phone,Prior Authorization,2035,Benefits Queue,113,215,Resolved,Yes,60,No,0,0
2845,2024-10-27 12:00:00,2024-10,Medicaid,Phone,Claims Status,2039,Enrollment Queue,122,428,Resolved,Yes,60,No,0,0
2846,2024-10-27 13:00:00,2024-10,Commercial,IVR,Enrollment,2049,Benefits Queue,79,695,Resolved,Yes,90,Yes,0,0
2847,2024-10-27 14:00:00,2024-10,Medicare,Phone,Claims Status,2055,Claims Queue,115,304,Resolved,Yes,60,No,0,0
2848,2024-10-27 15:00:00,2024-10,Commercial,Portal,Prior Authorization,2021,Benefits Queue,45,384,Escalated,Yes,90,Yes,1,0
2849,2024-10-27 16:00:00,2024-10,Medicare,Phone,Prior Authorization,2056,Enrollment Queue,124,487,Resolved,Yes,30,No,0,0
2850,2024-10-27 17:00:00,2024-10,Medicare,Phone,Billing,2043,Claims Queue,176,147,Resolved,Yes,90,No,0,0
2851,2024-10-27 18:00:00,2024-10,Medicaid,Phone,Claims Status,2014,Benefits Queue,5,121,Escalated,Yes,30,Yes,1,0
2852,2024-10-27 19:00:00,2024-10,Medicare,Phone,Claims Status,2019,Benefits Queue,62,218,Resolved,Yes,60,No,0,0
2853,2024-10-27 20:00:00,2024-10,Medicare,Phone,Prior Authorization,2010,Benefits Queue,142,244,Escalated,Yes,60,No,1,0
2854,2024-10-27 21:00:00,2024-10,Medicare,Phone,Benefits Coverage,2028,Benefits Queue,150,311,Resolved,No,90,No,0,0
2855,2024-10-27 22:00:00,2024-10,Medicare,Phone,System Access,2042,Claims Queue,89,445,Resolved,No,90,Yes,0,0
2856,2024-10-27 23:00:00,2024-10,Commercial,Phone,Benefits Coverage,2008,Benefits Queue,44,125,Abandoned,Yes,90,Yes,0,1
2857,2024-10-28 00:00:00,2024-10,Medicare,Phone,Billing,2036,Benefits Queue,64,170,Resolved,Yes,30,No,0,0
2858,2024-10-28 01:00:00,2024-10,Medicare,Phone,Billing,2032,Enrollment Queue,115,168,Resolved,Yes,30,No,0,0
2859,2024-10-28 02:00:00,2024-10,Medicare,Portal,Provider Inquiry,2019,Enrollment Queue,152,455,Abandoned,Yes,90,No,0,1
2860,2024-10-28 03:00:00,2024-10,Medicare,IVR,Enrollment,2055,Enrollment Queue,118,154,Resolved,Yes,90,No,0,0
2861,2024-10-28 04:00:00,2024-10,Medicare,Phone,Claims Status,2050,Benefits Queue,62,210,Resolved,Yes,60,No,0,0
2862,2024-10-28 05:00:00,2024-10,Commercial,Phone,Claims Status,2035,Benefits Queue,51,231,Resolved,Yes,30,No,0,0
2863,2024-10-28 06:00:00,2024-10,Medicare,Phone,Prior Authorization,2029,Enrollment Queue,38,313,Resolved,Yes,60,Yes,0,0
2864,2024-10-28 07:00:00,2024-10,Medicaid,IVR,System Access,2022,Enrollment Queue,101,387,Resolved,Yes,60,No,0,0
2865,2024-10-28 08:00:00,2024-10,Medicaid,Phone,Billing,2059,Claims Queue,66,486,Resolved,No,60,No,0,0
2866,2024-10-28 09:00:00,2024-10,Medicare,Phone,Billing,2012,Benefits Queue,104,247,Resolved,Yes,30,No,0,0
2867,2024-10-28 10:00:00,2024-10,Medicare,IVR,Billing,2057,Enrollment Queue,72,310,Resolved,Yes,30,No,0,0
2868,2024-10-28 11:00:00,2024-10,Commercial,Phone,Prior Authorization,2044,Enrollment Queue,133,283,Abandoned,Yes,60,No,0,1
2869,2024-10-28 12:00:00,2024-10,Commercial,Phone,Prior Authorization,2017,Enrollment Queue,159,201,Escalated,No,60,No,1,0
2870,2024-10-28 13:00:00,2024-10,Commercial,Phone,Benefits Coverage,2013,Claims Queue,116,185,Resolved,No,60,No,0,0
2871,2024-10-28 14:00:00,2024-10,Medicare,Phone,Benefits Coverage,2008,Enrollment Queue,44,511,Escalated,Yes,30,No,1,0
2872,2024-10-28 15:00:00,2024-10,Medicare,Phone,Billing,2050,Claims Queue,60,456,Resolved,Yes,30,No,0,0
2873,2024-10-28 16:00:00,2024-10,Commercial,Phone,Claims Status,2032,Benefits Queue,41,525,Resolved,Yes,60,Yes,0,0
2874,2024-10-28 17:00:00,2024-10,Medicaid,IVR,System Access,2059,Benefits Queue,50,523,Escalated,Yes,30,No,1,0
2875,2024-10-28 18:00:00,2024-10,Medicaid,Portal,Provider Inquiry,2011,Claims Queue,67,246,Escalated,No,30,No,1,0
2876,2024-10-28 19:00:00,2024-10,Medicaid,IVR,Claims Status,2029,Enrollment Queue,46,323,Resolved,No,60,Yes,0,0
2877,2024-10-28 20:00:00,2024-10,Medicare,Phone,Prior Authorization,2042,Claims Queue,68,399,Resolved,No,60,No,0,0
2878,2024-10-28 21:00:00,2024-10,Commercial,Phone,Prior Authorization,2029,Enrollment Queue,201,247,Resolved,Yes,90,No,0,0
2879,2024-10-28 22:00:00,2024-10,Medicaid,IVR,Provider Inquiry,2053,Benefits Queue,46,194,Resolved,No,60,Yes,0,0
2880,2024-10-28 23:00:00,2024-10,Medicaid,IVR,Claims Status,2046,Enrollment Queue,60,496,Resolved,Yes,30,No,0,0
2881,2024-10-29 00:00:00,2024-10,Medicaid,Phone,Benefits Coverage,2035,Claims Queue,87,224,Resolved,No,60,No,0,0
2882,2024-10-29 01:00:00,2024-10,Medicare,Phone,Provider Inquiry,2015,Claims Queue,56,63,Resolved,Yes,30,No,0,0
2883,2024-10-29 02:00:00,2024-10,Medicaid,Phone,Billing,2011,Claims Queue,68,462,Resolved,Yes,90,Yes,0,0
2884,2024-10-29 03:00:00,2024-10,Medicaid,IVR,Benefits Coverage,2014,Claims Queue,133,558,Resolved,No,30,No,0,0
2885,2024-10-29 04:00:00,2024-10,Medicaid,Phone,Prior Authorization,2004,Claims Queue,52,240,Resolved,No,60,Yes,0,0
2886,2024-10-29 05:00:00,2024-10,Medicaid,Phone,Enrollment,2051,Claims Queue,133,515,Resolved,Yes,90,No,0,0
2887,2024-10-29 06:00:00,2024-10,Medicaid,IVR,Prior Authorization,2029,Enrollment Queue,80,188,Resolved,Yes,90,Yes,0,0
2888,2024-10-29 07:00:00,2024-10,Medicare,Phone,Benefits Coverage,2023,Enrollment Queue,90,221,Resolved,Yes,30,No,0,0
2889,2024-10-29 08:00:00,2024-10,Medicare,Phone,Provider Inquiry,2007,Claims Queue,71,98,Resolved,Yes,90,Yes,0,0
2890,2024-10-29 09:00:00,2024-10,Medicaid,Phone,Claims Status,2047,Enrollment Queue,167,481,Resolved,Yes,30,No,0,0
2891,2024-10-29 10:00:00,2024-10,Medicare,Phone,Claims Status,2003,Claims Queue,213,485,Escalated,Yes,60,No,1,0
2892,2024-10-29 11:00:00,2024-10,Medicaid,Phone,System Access,2041,Enrollment Queue,59,444,Escalated,Yes,30,No,1,0
2893,2024-10-29 12:00:00,2024-10,Commercial,IVR,Claims Status,2026,Benefits Queue,84,299,Resolved,Yes,60,No,0,0
2894,2024-10-29 13:00:00,2024-10,Medicaid,Phone,Billing,2007,Benefits Queue,191,76,Escalated,Yes,90,No,1,0
2895,2024-10-29 14:00:00,2024-10,Medicare,Phone,Enrollment,2005,Claims Queue,163,486,Resolved,Yes,60,No,0,0
2896,2024-10-29 15:00:00,2024-10,Commercial,Phone,System Access,2013,Benefits Queue,169,504,Escalated,Yes,30,No,1,0
2897,2024-10-29 16:00:00,2024-10,Medicaid,Phone,Billing,2029,Enrollment Queue,75,55,Resolved,Yes,90,Yes,0,0
2898,2024-10-29 17:00:00,2024-10,Medicaid,Portal,Enrollment,2035,Claims Queue,136,182,Resolved,Yes,60,No,0,0
2899,2024-10-29 18:00:00,2024-10,Medicare,Portal,System Access,2044,Claims Queue,114,236,Resolved,No,60,No,0,0
2900,2024-10-29 19:00:00,2024-10,Medicare,Phone,Provider Inquiry,2003,Claims Queue,94,425,Resolved,Yes,30,No,0,0
2901,2024-10-29 20:00:00,2024-10,Medicaid,Phone,Claims Status,2013,Enrollment Queue,119,124,Resolved,Yes,90,No,0,0
2902,2024-10-29 21:00:00,2024-10,Medicare,Phone,System Access,2035,Enrollment Queue,187,125,Escalated,No,60,No,1,0
2903,2024-10-29 22:00:00,2024-10,Commercial,IVR,Prior Authorization,2001,Benefits Queue,87,395,Escalated,Yes,60,No,1,0
2904,2024-10-29 23:00:00,2024-10,Medicare,Portal,Provider Inquiry,2051,Enrollment Queue,63,278,Resolved,Yes,30,No,0,0
2905,2024-10-30 00:00:00,2024-10,Medicaid,Phone,Prior Authorization,2058,Benefits Queue,56,354,Resolved,Yes,30,No,0,0
2906,2024-10-30 01:00:00,2024-10,Medicare,Phone,Enrollment,2019,Claims Queue,155,511,Resolved,Yes,30,No,0,0
2907,2024-10-30 02:00:00,2024-10,Commercial,Portal,Benefits Coverage,2025,Enrollment Queue,81,543,Escalated,Yes,90,Yes,1,0
2908,2024-10-30 03:00:00,2024-10,Medicaid,Phone,Claims Status,2039,Benefits Queue,80,304,Resolved,Yes,60,No,0,0
2909,2024-10-30 04:00:00,2024-10,Medicare,Portal,Benefits Coverage,2051,Enrollment Queue,160,450,Abandoned,Yes,30,No,0,1
2910,2024-10-30 05:00:00,2024-10,Medicare,IVR,Enrollment,2058,Benefits Queue,31,165,Resolved,No,30,No,0,0
2911,2024-10-30 06:00:00,2024-10,Medicare,Phone,Prior Authorization,2003,Benefits Queue,135,392,Resolved,No,30,No,0,0
2912,2024-10-30 07:00:00,2024-10,Medicaid,Phone,Prior Authorization,2059,Benefits Queue,170,212,Resolved,Yes,90,No,0,0
2913,2024-10-30 08:00:00,2024-10,Medicaid,IVR,Enrollment,2008,Claims Queue,80,460,Resolved,No,60,No,0,0
2914,2024-10-30 09:00:00,2024-10,Medicaid,Phone,Provider Inquiry,2047,Enrollment Queue,94,457,Escalated,Yes,30,No,1,0
2915,2024-10-30 10:00:00,2024-10,Commercial,Portal,Prior Authorization,2039,Claims Queue,76,442,Resolved,No,60,No,0,0
2916,2024-10-30 11:00:00,2024-10,Medicaid,Phone,Prior Authorization,2013,Benefits Queue,48,71,Resolved,Yes,90,Yes,0,0
2917,2024-10-30 12:00:00,2024-10,Medicaid,Phone,Enrollment,2056,Benefits Queue,48,572,Resolved,Yes,60,Yes,0,0
2918,2024-10-30 13:00:00,2024-10,Medicare,Phone,Claims Status,2057,Enrollment Queue,150,552,Resolved,Yes,90,No,0,0
2919,2024-10-30 14:00:00,2024-10,Medicaid,Phone,System Access,2011,Claims Queue,13,431,Resolved,Yes,60,Yes,0,0
2920,2024-10-30 15:00:00,2024-10,Medicaid,IVR,Enrollment,2012,Enrollment Queue,124,127,Resolved,Yes,60,No,0,0
2921,2024-10-30 16:00:00,2024-10,Medicare,IVR,Prior Authorization,2022,Benefits Queue,31,344,Resolved,No,30,No,0,0
2922,2024-10-30 17:00:00,2024-10,Medicaid,IVR,Claims Status,2007,Claims Queue,49,116,Resolved,Yes,30,No,0,0
2923,2024-10-30 18:00:00,2024-10,Medicare,Phone,Enrollment,2048,Enrollment Queue,49,84,Resolved,Yes,60,Yes,0,0
2924,2024-10-30 19:00:00,2024-10,Medicare,Portal,Enrollment,2042,Claims Queue,33,440,Resolved,Yes,60,Yes,0,0
2925,2024-10-30 20:00:00,2024-10,Medicaid,Phone,System Access,2053,Benefits Queue,71,267,Resolved,Yes,60,No,0,0
2926,2024-10-30 21:00:00,2024-10,Medicaid,IVR,Benefits Coverage,2033,Enrollment Queue,100,603,Resolved,No,60,No,0,0
2927,2024-10-30 22:00:00,2024-10,Medicare,Phone,System Access,2058,Enrollment Queue,62,698,Resolved,Yes,90,Yes,0,0
2928,2024-10-30 23:00:00,2024-10,Medicaid,Phone,Billing,2019,Benefits Queue,37,709,Resolved,No,90,Yes,0,0
2929,2024-10-31 00:00:00,2024-10,Medicaid,Phone,Enrollment,2033,Enrollment Queue,68,514,Escalated,No,30,No,1,0
2930,2024-10-31 01:00:00,2024-10,Medicaid,Phone,Provider Inquiry,2038,Enrollment Queue,80,291,Resolved,No,30,No,0,0
2931,2024-10-31 02:00:00,2024-10,Medicaid,Phone,Billing,2028,Enrollment Queue,347,179,Resolved,Yes,30,No,0,0
2932,2024-10-31 03:00:00,2024-10,Commercial,Phone,Provider Inquiry,2028,Claims Queue,80,286,Resolved,Yes,30,No,0,0
2933,2024-10-31 04:00:00,2024-10,Medicaid,Phone,System Access,2004,Claims Queue,79,227,Resolved,No,30,No,0,0
2934,2024-10-31 05:00:00,2024-10,Commercial,Phone,Claims Status,2051,Benefits Queue,46,267,Resolved,Yes,60,Yes,0,0
2935,2024-10-31 06:00:00,2024-10,Medicaid,IVR,Provider Inquiry,2049,Claims Queue,70,242,Resolved,Yes,30,No,0,0
2936,2024-10-31 07:00:00,2024-10,Medicare,Phone,Benefits Coverage,2055,Benefits Queue,15,576,Resolved,Yes,30,Yes,0,0
2937,2024-10-31 08:00:00,2024-10,Medicare,Phone,Enrollment,2034,Benefits Queue,89,198,Resolved,No,60,No,0,0
2938,2024-10-31 09:00:00,2024-10,Medicare,Phone,Enrollment,2001,Claims Queue,64,363,Escalated,No,60,No,1,0
2939,2024-10-31 10:00:00,2024-10,Medicaid,Phone,Claims Status,2010,Claims Queue,76,314,Resolved,No,60,No,0,0
2940,2024-10-31 11:00:00,2024-10,Medicaid,Portal,Billing,2048,Benefits Queue,52,192,Resolved,No,90,Yes,0,0
2941,2024-10-31 12:00:00,2024-10,Medicare,Phone,Benefits Coverage,2056,Enrollment Queue,141,390,Resolved,Yes,60,No,0,0
2942,2024-10-31 13:00:00,2024-10,Commercial,Phone,Enrollment,2002,Claims Queue,188,843,Resolved,Yes,60,No,0,0
2943,2024-10-31 14:00:00,2024-10,Medicaid,Phone,Enrollment,2017,Enrollment Queue,107,84,Escalated,Yes,60,No,1,0
2944,2024-10-31 15:00:00,2024-10,Medicaid,IVR,Billing,2032,Enrollment Queue,177,269,Resolved,Yes,60,No,0,0
2945,2024-10-31 16:00:00,2024-10,Medicaid,Phone,Prior Authorization,2017,Benefits Queue,38,55,Resolved,Yes,30,No,0,0
2946,2024-10-31 17:00:00,2024-10,Commercial,Phone,Prior Authorization,2054,Enrollment Queue,77,1166,Resolved,Yes,60,No,0,0
2947,2024-10-31 18:00:00,2024-10,Medicaid,Phone,Claims Status,2040,Claims Queue,64,584,Resolved,Yes,90,Yes,0,0
2948,2024-10-31 19:00:00,2024-10,Medicaid,Portal,Provider Inquiry,2011,Benefits Queue,80,430,Resolved,No,30,No,0,0
2949,2024-10-31 20:00:00,2024-10,Commercial,Phone,System Access,2013,Claims Queue,44,471,Resolved,Yes,90,Yes,0,0
2950,2024-10-31 21:00:00,2024-10,Medicaid,Phone,System Access,2033,Enrollment Queue,133,505,Escalated,Yes,30,No,1,0
2951,2024-10-31 22:00:00,2024-10,Commercial,Phone,Provider Inquiry,2001,Benefits Queue,65,150,Resolved,Yes,30,No,0,0
2952,2024-10-31 23:00:00,2024-10,Medicare,IVR,Enrollment,2007,Benefits Queue,260,412,Resolved,No,60,No,0,0
2953,2024-11-01 00:00:00,2024-11,Commercial,Phone,Billing,2048,Claims Queue,93,210,Escalated,No,60,No,1,0
2954,2024-11-01 01:00:00,2024-11,Medicaid,IVR,Billing,2036,Enrollment Queue,58,503,Resolved,Yes,30,No,0,0
2955,2024-11-01 02:00:00,2024-11,Commercial,Phone,Billing,2029,Claims Queue,78,334,Resolved,No,60,No,0,0
2956,2024-11-01 03:00:00,2024-11,Medicaid,Phone,Enrollment,2015,Enrollment Queue,37,268,Resolved,Yes,30,No,0,0
2957,2024-11-01 04:00:00,2024-11,Medicare,Phone,System Access,2058,Claims Queue,37,70,Escalated,Yes,60,Yes,1,0
2958,2024-11-01 05:00:00,2024-11,Medicaid,Phone,Enrollment,2010,Benefits Queue,53,303,Resolved,No,90,Yes,0,0
2959,2024-11-01 06:00:00,2024-11,Medicare,IVR,Billing,2052,Claims Queue,313,356,Resolved,Yes,90,No,0,0
2960,2024-11-01 07:00:00,2024-11,Medicare,Phone,Prior Authorization,2014,Benefits Queue,114,330,Resolved,Yes,60,No,0,0
2961,2024-11-01 08:00:00,2024-11,Medicare,Phone,Enrollment,2014,Benefits Queue,102,192,Resolved,Yes,30,No,0,0
2962,2024-11-01 09:00:00,2024-11,Medicare,Phone,Claims Status,2017,Benefits Queue,117,192,Resolved,Yes,30,No,0,0
2963,2024-11-01 10:00:00,2024-11,Medicaid,Phone,Claims Status,2022,Benefits Queue,69,178,Resolved,Yes,60,No,0,0
2964,2024-11-01 11:00:00,2024-11,Medicare,Phone,System Access,2010,Benefits Queue,234,208,Resolved,Yes,60,No,0,0
2965,2024-11-01 12:00:00,2024-11,Medicare,Portal,Enrollment,2003,Enrollment Queue,134,358,Resolved,Yes,60,No,0,0
2966,2024-11-01 13:00:00,2024-11,Medicaid,Portal,Claims Status,2012,Claims Queue,55,491,Resolved,Yes,30,No,0,0
2967,2024-11-01 14:00:00,2024-11,Medicaid,Phone,System Access,2035,Claims Queue,265,222,Resolved,Yes,30,No,0,0
2968,2024-11-01 15:00:00,2024-11,Medicare,Portal,Billing,2015,Enrollment Queue,35,334,Resolved,Yes,60,Yes,0,0
2969,2024-11-01 16:00:00,2024-11,Medicaid,Phone,System Access,2044,Benefits Queue,51,76,Resolved,Yes,60,Yes,0,0
2970,2024-11-01 17:00:00,2024-11,Medicaid,Phone,Benefits Coverage,2004,Claims Queue,116,558,Escalated,Yes,30,No,1,0
2971,2024-11-01 18:00:00,2024-11,Medicare,IVR,Prior Authorization,2050,Enrollment Queue,5,99,Resolved,No,60,Yes,0,0
2972,2024-11-01 19:00:00,2024-11,Medicare,Phone,Benefits Coverage,2006,Claims Queue,167,152,Resolved,Yes,60,No,0,0
2973,2024-11-01 20:00:00,2024-11,Medicaid,Portal,Claims Status,2029,Enrollment Queue,227,894,Escalated,No,60,No,1,0
2974,2024-11-01 21:00:00,2024-11,Medicaid,Phone,Benefits Coverage,2001,Benefits Queue,73,150,Resolved,No,60,No,0,0
2975,2024-11-01 22:00:00,2024-11,Medicaid,IVR,Claims Status,2013,Enrollment Queue,109,373,Resolved,Yes,30,No,0,0
2976,2024-11-01 23:00:00,2024-11,Medicaid,IVR,Prior Authorization,2049,Claims Queue,121,349,Resolved,No,30,No,0,0
2977,2024-11-02 00:00:00,2024-11,Medicare,Phone,System Access,2051,Claims Queue,93,387,Resolved,No,30,No,0,0
2978,2024-11-02 01:00:00,2024-11,Medicaid,Phone,Benefits Coverage,2046,Claims Queue,104,539,Escalated,Yes,30,No,1,0
2979,2024-11-02 02:00:00,2024-11,Commercial,Phone,Billing,2024,Enrollment Queue,110,400,Resolved,No,30,No,0,0
2980,2024-11-02 03:00:00,2024-11,Medicare,Phone,System Access,2051,Benefits Queue,68,34,Escalated,Yes,60,No,1,0
2981,2024-11-02 04:00:00,2024-11,Medicare,Phone,Billing,2025,Enrollment Queue,131,172,Resolved,No,90,No,0,0
2982,2024-11-02 05:00:00,2024-11,Medicare,Phone,Benefits Coverage,2035,Enrollment Queue,110,456,Escalated,Yes,30,No,1,0
2983,2024-11-02 06:00:00,2024-11,Medicaid,Phone,System Access,2008,Claims Queue,229,146,Resolved,Yes,60,No,0,0
2984,2024-11-02 07:00:00,2024-11,Commercial,Phone,System Access,2003,Enrollment Queue,50,289,Resolved,Yes,60,Yes,0,0
2985,2024-11-02 08:00:00,2024-11,Medicaid,Phone,Claims Status,2005,Claims Queue,183,662,Resolved,No,30,No,0,0
2986,2024-11-02 09:00:00,2024-11,Medicaid,Phone,System Access,2040,Enrollment Queue,57,459,Resolved,Yes,60,Yes,0,0
2987,2024-11-02 10:00:00,2024-11,Commercial,Phone,System Access,2001,Benefits Queue,177,161,Resolved,Yes,60,No,0,0
2988,2024-11-02 11:00:00,2024-11,Medicare,Portal,Benefits Coverage,2015,Enrollment Queue,14,376,Resolved,Yes,90,Yes,0,0
2989,2024-11-02 12:00:00,2024-11,Commercial,Phone,Prior Authorization,2048,Enrollment Queue,27,344,Escalated,Yes,60,Yes,1,0
2990,2024-11-02 13:00:00,2024-11,Medicaid,Phone,Benefits Coverage,2046,Enrollment Queue,62,212,Abandoned,Yes,90,Yes,0,1
2991,2024-11-02 14:00:00,2024-11,Medicaid,Phone,Benefits Coverage,2037,Enrollment Queue,101,87,Resolved,Yes,60,No,0,0
2992,2024-11-02 15:00:00,2024-11,Medicare,Phone,Enrollment,2009,Enrollment Queue,82,366,Resolved,Yes,90,Yes,0,0
2993,2024-11-02 16:00:00,2024-11,Commercial,Phone,Provider Inquiry,2039,Benefits Queue,141,332,Resolved,Yes,30,No,0,0
2994,2024-11-02 17:00:00,2024-11,Medicaid,Phone,Provider Inquiry,2009,Enrollment Queue,110,412,Abandoned,Yes,90,No,0,1
2995,2024-11-02 18:00:00,2024-11,Medicare,Portal,Benefits Coverage,2017,Enrollment Queue,64,343,Resolved,Yes,30,No,0,0
2996,2024-11-02 19:00:00,2024-11,Medicare,Phone,Provider Inquiry,2050,Benefits Queue,81,413,Resolved,No,30,No,0,0
2997,2024-11-02 20:00:00,2024-11,Medicaid,IVR,Benefits Coverage,2015,Claims Queue,87,615,Resolved,Yes,30,No,0,0
2998,2024-11-02 21:00:00,2024-11,Medicaid,Phone,Provider Inquiry,2048,Enrollment Queue,51,376,Resolved,Yes,30,No,0,0
2999,2024-11-02 22:00:00,2024-11,Commercial,Phone,Provider Inquiry,2059,Claims Queue,80,251,Resolved,Yes,90,Yes,0,0
3000,2024-11-02 23:00:00,2024-11,Medicare,Phone,System Access,2045,Claims Queue,110,287,Resolved,Yes,60,No,0,0
3001,2024-11-03 00:00:00,2024-11,Medicare,Portal,System Access,2003,Claims Queue,63,865,Resolved,Yes,30,No,0,0
3002,2024-11-03 01:00:00,2024-11,Medicare,Phone,Billing,2047,Claims Queue,122,317,Resolved,Yes,30,No,0,0
3003,2024-11-03 02:00:00,2024-11,Commercial,Phone,Prior Authorization,2018,Benefits Queue,218,363,Escalated,Yes,90,No,1,0
3004,2024-11-03 03:00:00,2024-11,Medicaid,Phone,Claims Status,2041,Enrollment Queue,123,405,Resolved,Yes,60,No,0,0
3005,2024-11-03 04:00:00,2024-11,Medicare,IVR,Prior Authorization,2015,Claims Queue,47,201,Resolved,No,60,Yes,0,0
3006,2024-11-03 05:00:00,2024-11,Medicaid,Phone,Billing,2006,Enrollment Queue,133,188,Resolved,Yes,30,No,0,0
3007,2024-11-03 06:00:00,2024-11,Medicaid,Phone,Provider Inquiry,2053,Benefits Queue,67,368,Resolved,No,30,No,0,0
3008,2024-11-03 07:00:00,2024-11,Commercial,Portal,Claims Status,2038,Benefits Queue,12,734,Resolved,No,90,Yes,0,0
3009,2024-11-03 08:00:00,2024-11,Commercial,Phone,Prior Authorization,2056,Claims Queue,45,258,Resolved,No,30,No,0,0
3010,2024-11-03 09:00:00,2024-11,Medicaid,Phone,System Access,2017,Enrollment Queue,134,529,Resolved,Yes,90,No,0,0
3011,2024-11-03 10:00:00,2024-11,Medicare,IVR,Provider Inquiry,2019,Enrollment Queue,189,111,Resolved,Yes,30,No,0,0
3012,2024-11-03 11:00:00,2024-11,Medicare,IVR,System Access,2011,Enrollment Queue,139,425,Resolved,Yes,30,No,0,0
3013,2024-11-03 12:00:00,2024-11,Medicare,Phone,Enrollment,2027,Enrollment Queue,46,348,Abandoned,No,30,No,0,1
3014,2024-11-03 13:00:00,2024-11,Medicaid,Phone,Benefits Coverage,2029,Benefits Queue,134,124,Abandoned,Yes,60,No,0,1
3015,2024-11-03 14:00:00,2024-11,Medicaid,Phone,Benefits Coverage,2028,Enrollment Queue,141,297,Resolved,Yes,30,No,0,0
3016,2024-11-03 15:00:00,2024-11,Medicaid,Phone,Benefits Coverage,2039,Enrollment Queue,69,153,Escalated,Yes,30,No,1,0
3017,2024-11-03 16:00:00,2024-11,Medicare,Phone,Prior Authorization,2024,Claims Queue,38,197,Resolved,Yes,60,Yes,0,0
3018,2024-11-03 17:00:00,2024-11,Medicaid,IVR,System Access,2016,Benefits Queue,59,304,Resolved,No,90,Yes,0,0
3019,2024-11-03 18:00:00,2024-11,Commercial,IVR,Prior Authorization,2003,Claims Queue,94,145,Resolved,Yes,30,No,0,0
3020,2024-11-03 19:00:00,2024-11,Medicaid,Phone,Benefits Coverage,2030,Enrollment Queue,162,244,Escalated,Yes,60,No,1,0
3021,2024-11-03 20:00:00,2024-11,Medicare,Phone,System Access,2023,Enrollment Queue,123,530,Resolved,No,30,No,0,0
3022,2024-11-03 21:00:00,2024-11,Medicare,IVR,Prior Authorization,2051,Enrollment Queue,49,656,Resolved,No,90,Yes,0,0
3023,2024-11-03 22:00:00,2024-11,Medicaid,Phone,Provider Inquiry,2058,Enrollment Queue,3,539,Escalated,Yes,30,Yes,1,0
3024,2024-11-03 23:00:00,2024-11,Commercial,Phone,Enrollment,2048,Benefits Queue,61,565,Resolved,Yes,90,Yes,0,0
3025,2024-11-04 00:00:00,2024-11,Commercial,Phone,Enrollment,2031,Claims Queue,119,133,Resolved,Yes,30,No,0,0
3026,2024-11-04 01:00:00,2024-11,Medicare,Phone,System Access,2020,Claims Queue,22,125,Resolved,Yes,60,Yes,0,0
3027,2024-11-04 02:00:00,2024-11,Medicaid,Phone,Prior Authorization,2025,Claims Queue,104,386,Resolved,No,30,No,0,0
3028,2024-11-04 03:00:00,2024-11,Medicare,Phone,Billing,2031,Benefits Queue,209,308,Resolved,No,60,No,0,0
3029,2024-11-04 04:00:00,2024-11,Medicare,Phone,System Access,2053,Enrollment Queue,99,327,Escalated,Yes,30,No,1,0
3030,2024-11-04 05:00:00,2024-11,Medicaid,Phone,Billing,2050,Enrollment Queue,164,162,Escalated,Yes,90,No,1,0
3031,2024-11-04 06:00:00,2024-11,Medicare,Phone,Claims Status,2053,Benefits Queue,73,500,Resolved,Yes,30,No,0,0
3032,2024-11-04 07:00:00,2024-11,Commercial,IVR,System Access,2036,Benefits Queue,207,264,Resolved,Yes,60,No,0,0
3033,2024-11-04 08:00:00,2024-11,Commercial,Phone,Prior Authorization,2016,Benefits Queue,100,356,Escalated,Yes,90,No,1,0
3034,2024-11-04 09:00:00,2024-11,Medicare,Phone,Billing,2027,Claims Queue,166,52,Escalated,Yes,60,No,1,0
3035,2024-11-04 10:00:00,2024-11,Medicaid,Portal,Benefits Coverage,2047,Claims Queue,68,277,Resolved,No,60,No,0,0
3036,2024-11-04 11:00:00,2024-11,Medicaid,Phone,Billing,2039,Enrollment Queue,76,324,Abandoned,Yes,30,No,0,1
3037,2024-11-04 12:00:00,2024-11,Commercial,Phone,Prior Authorization,2034,Claims Queue,50,236,Resolved,No,30,No,0,0
3038,2024-11-04 13:00:00,2024-11,Medicaid,Phone,System Access,2036,Enrollment Queue,37,190,Escalated,Yes,60,Yes,1,0
3039,2024-11-04 14:00:00,2024-11,Medicare,Phone,Provider Inquiry,2015,Claims Queue,149,242,Resolved,Yes,60,No,0,0
3040,2024-11-04 15:00:00,2024-11,Medicare,Phone,System Access,2010,Claims Queue,98,104,Resolved,Yes,60,No,0,0
3041,2024-11-04 16:00:00,2024-11,Medicaid,Phone,Benefits Coverage,2022,Benefits Queue,124,371,Resolved,Yes,30,No,0,0
3042,2024-11-04 17:00:00,2024-11,Medicare,Phone,Benefits Coverage,2008,Claims Queue,173,459,Resolved,Yes,60,No,0,0
3043,2024-11-04 18:00:00,2024-11,Medicaid,Phone,Claims Status,2005,Claims Queue,180,425,Abandoned,No,60,No,0,1
3044,2024-11-04 19:00:00,2024-11,Medicare,Phone,Provider Inquiry,2045,Benefits Queue,65,754,Escalated,Yes,60,No,1,0
3045,2024-11-04 20:00:00,2024-11,Medicaid,Phone,System Access,2047,Enrollment Queue,158,368,Escalated,No,60,No,1,0
3046,2024-11-04 21:00:00,2024-11,Commercial,IVR,System Access,2042,Enrollment Queue,136,604,Resolved,No,60,No,0,0
3047,2024-11-04 22:00:00,2024-11,Medicaid,Phone,Billing,2023,Benefits Queue,122,272,Resolved,No,90,No,0,0
3048,2024-11-04 23:00:00,2024-11,Medicaid,Phone,Prior Authorization,2037,Claims Queue,98,261,Resolved,Yes,60,No,0,0
3049,2024-11-05 00:00:00,2024-11,Medicaid,Phone,Claims Status,2027,Claims Queue,53,613,Resolved,No,90,Yes,0,0
3050,2024-11-05 01:00:00,2024-11,Medicare,Phone,Provider Inquiry,2022,Benefits Queue,166,131,Resolved,No,60,No,0,0
3051,2024-11-05 02:00:00,2024-11,Medicaid,IVR,System Access,2052,Enrollment Queue,76,420,Escalated,Yes,30,No,1,0
3052,2024-11-05 03:00:00,2024-11,Commercial,Phone,Benefits Coverage,2006,Enrollment Queue,110,141,Resolved,Yes,60,No,0,0
3053,2024-11-05 04:00:00,2024-11,Medicare,Phone,Benefits Coverage,2051,Claims Queue,97,214,Escalated,Yes,90,No,1,0
3054,2024-11-05 05:00:00,2024-11,Medicaid,IVR,Enrollment,2036,Benefits Queue,121,374,Resolved,No,30,No,0,0
3055,2024-11-05 06:00:00,2024-11,Medicare,Phone,Claims Status,2051,Enrollment Queue,108,1164,Resolved,No,30,No,0,0
3056,2024-11-05 07:00:00,2024-11,Commercial,Phone,Benefits Coverage,2042,Claims Queue,254,414,Resolved,Yes,60,No,0,0
3057,2024-11-05 08:00:00,2024-11,Medicare,Phone,Benefits Coverage,2028,Benefits Queue,83,495,Resolved,Yes,30,No,0,0
3058,2024-11-05 09:00:00,2024-11,Medicaid,Phone,Billing,2058,Claims Queue,55,185,Resolved,Yes,90,Yes,0,0
3059,2024-11-05 10:00:00,2024-11,Medicare,Phone,Benefits Coverage,2002,Enrollment Queue,110,113,Resolved,Yes,60,No,0,0
3060,2024-11-05 11:00:00,2024-11,Medicare,Portal,Claims Status,2027,Benefits Queue,105,431,Resolved,No,90,No,0,0
3061,2024-11-05 12:00:00,2024-11,Medicare,Phone,Provider Inquiry,2017,Benefits Queue,238,210,Resolved,Yes,60,No,0,0
3062,2024-11-05 13:00:00,2024-11,Medicaid,Portal,Enrollment,2026,Benefits Queue,51,325,Resolved,Yes,30,No,0,0
3063,2024-11-05 14:00:00,2024-11,Medicaid,IVR,Enrollment,2013,Benefits Queue,101,850,Escalated,Yes,60,No,1,0
3064,2024-11-05 15:00:00,2024-11,Medicaid,Phone,Benefits Coverage,2053,Claims Queue,18,342,Escalated,Yes,30,Yes,1,0
3065,2024-11-05 16:00:00,2024-11,Medicaid,Phone,Benefits Coverage,2029,Benefits Queue,74,176,Resolved,Yes,60,No,0,0
3066,2024-11-05 17:00:00,2024-11,Commercial,Phone,Provider Inquiry,2002,Enrollment Queue,94,175,Resolved,No,30,No,0,0
3067,2024-11-05 18:00:00,2024-11,Medicaid,Phone,System Access,2050,Claims Queue,54,387,Resolved,Yes,60,Yes,0,0
3068,2024-11-05 19:00:00,2024-11,Commercial,Portal,Provider Inquiry,2021,Enrollment Queue,66,47,Resolved,Yes,30,No,0,0
3069,2024-11-05 20:00:00,2024-11,Medicaid,Phone,Billing,2009,Claims Queue,366,343,Escalated,Yes,30,No,1,0
3070,2024-11-05 21:00:00,2024-11,Medicaid,IVR,Prior Authorization,2048,Benefits Queue,77,193,Resolved,Yes,90,Yes,0,0
3071,2024-11-05 22:00:00,2024-11,Medicaid,Phone,Benefits Coverage,2034,Enrollment Queue,27,426,Resolved,No,30,Yes,0,0
3072,2024-11-05 23:00:00,2024-11,Commercial,IVR,Billing,2052,Benefits Queue,18,214,Abandoned,Yes,60,Yes,0,1
3073,2024-11-06 00:00:00,2024-11,Commercial,Phone,Enrollment,2030,Benefits Queue,97,448,Resolved,No,90,No,0,0
3074,2024-11-06 01:00:00,2024-11,Medicaid,Phone,Claims Status,2046,Enrollment Queue,109,328,Resolved,Yes,90,No,0,0
3075,2024-11-06 02:00:00,2024-11,Medicaid,Phone,Prior Authorization,2016,Enrollment Queue,106,264,Resolved,No,30,No,0,0
3076,2024-11-06 03:00:00,2024-11,Medicaid,IVR,Prior Authorization,2018,Enrollment Queue,70,390,Abandoned,Yes,30,No,0,1
3077,2024-11-06 04:00:00,2024-11,Medicaid,Phone,Prior Authorization,2032,Claims Queue,72,391,Resolved,Yes,60,No,0,0
3078,2024-11-06 05:00:00,2024-11,Commercial,Phone,Claims Status,2042,Claims Queue,103,452,Escalated,Yes,60,No,1,0
3079,2024-11-06 06:00:00,2024-11,Medicare,IVR,System Access,2015,Claims Queue,74,345,Resolved,Yes,30,No,0,0
3080,2024-11-06 07:00:00,2024-11,Medicaid,Phone,Billing,2008,Claims Queue,73,324,Resolved,Yes,30,No,0,0
3081,2024-11-06 08:00:00,2024-11,Medicare,Phone,Claims Status,2028,Enrollment Queue,48,229,Resolved,Yes,60,Yes,0,0
3082,2024-11-06 09:00:00,2024-11,Medicare,Portal,Prior Authorization,2001,Enrollment Queue,57,655,Resolved,Yes,30,No,0,0
3083,2024-11-06 10:00:00,2024-11,Commercial,Phone,Enrollment,2032,Enrollment Queue,87,603,Resolved,No,60,No,0,0
3084,2024-11-06 11:00:00,2024-11,Commercial,Phone,Benefits Coverage,2010,Benefits Queue,173,532,Escalated,No,90,No,1,0
3085,2024-11-06 12:00:00,2024-11,Medicaid,Phone,Enrollment,2033,Benefits Queue,20,437,Resolved,No,90,Yes,0,0
3086,2024-11-06 13:00:00,2024-11,Medicare,IVR,Prior Authorization,2047,Enrollment Queue,99,978,Resolved,Yes,60,No,0,0
3087,2024-11-06 14:00:00,2024-11,Commercial,Phone,Enrollment,2015,Benefits Queue,93,254,Abandoned,No,90,No,0,1
3088,2024-11-06 15:00:00,2024-11,Medicare,Portal,Claims Status,2013,Enrollment Queue,109,182,Resolved,No,30,No,0,0
3089,2024-11-06 16:00:00,2024-11,Medicare,Phone,Provider Inquiry,2024,Claims Queue,38,952,Resolved,Yes,60,Yes,0,0
3090,2024-11-06 17:00:00,2024-11,Medicare,IVR,Enrollment,2052,Enrollment Queue,241,348,Resolved,Yes,60,No,0,0
3091,2024-11-06 18:00:00,2024-11,Medicaid,IVR,Provider Inquiry,2049,Enrollment Queue,76,491,Resolved,Yes,90,Yes,0,0
3092,2024-11-06 19:00:00,2024-11,Medicaid,Phone,Billing,2055,Claims Queue,46,302,Resolved,Yes,30,No,0,0
3093,2024-11-06 20:00:00,2024-11,Medicaid,IVR,Billing,2035,Benefits Queue,23,324,Resolved,No,60,Yes,0,0
3094,2024-11-06 21:00:00,2024-11,Medicaid,IVR,Billing,2023,Benefits Queue,140,345,Escalated,Yes,60,No,1,0
3095,2024-11-06 22:00:00,2024-11,Medicaid,Phone,Prior Authorization,2039,Enrollment Queue,39,243,Resolved,No,30,No,0,0
3096,2024-11-06 23:00:00,2024-11,Medicare,Phone,Benefits Coverage,2046,Claims Queue,252,499,Abandoned,Yes,90,No,0,1
3097,2024-11-07 00:00:00,2024-11,Medicare,IVR,Enrollment,2051,Claims Queue,38,262,Resolved,Yes,30,No,0,0
3098,2024-11-07 01:00:00,2024-11,Medicare,IVR,System Access,2003,Enrollment Queue,123,242,Resolved,Yes,30,No,0,0
3099,2024-11-07 02:00:00,2024-11,Medicare,Phone,Benefits Coverage,2002,Benefits Queue,144,538,Escalated,Yes,30,No,1,0
3100,2024-11-07 03:00:00,2024-11,Medicare,IVR,Prior Authorization,2054,Claims Queue,104,275,Resolved,Yes,30,No,0,0
3101,2024-11-07 04:00:00,2024-11,Medicare,Phone,Benefits Coverage,2053,Claims Queue,123,526,Resolved,Yes,30,No,0,0
3102,2024-11-07 05:00:00,2024-11,Medicare,Portal,Prior Authorization,2011,Enrollment Queue,64,131,Resolved,No,90,Yes,0,0
3103,2024-11-07 06:00:00,2024-11,Medicare,IVR,Billing,2008,Benefits Queue,69,142,Resolved,Yes,90,Yes,0,0
3104,2024-11-07 07:00:00,2024-11,Commercial,Portal,Billing,2019,Claims Queue,76,180,Escalated,Yes,90,Yes,1,0
3105,2024-11-07 08:00:00,2024-11,Medicaid,Portal,Prior Authorization,2032,Enrollment Queue,136,443,Resolved,Yes,90,No,0,0
3106,2024-11-07 09:00:00,2024-11,Commercial,Phone,Prior Authorization,2058,Benefits Queue,88,726,Resolved,Yes,60,No,0,0
3107,2024-11-07 10:00:00,2024-11,Medicaid,Phone,Billing,2036,Claims Queue,49,239,Escalated,Yes,30,No,1,0
3108,2024-11-07 11:00:00,2024-11,Medicaid,Phone,Enrollment,2047,Claims Queue,183,467,Resolved,Yes,30,No,0,0
3109,2024-11-07 12:00:00,2024-11,Medicare,Phone,Billing,2051,Enrollment Queue,55,190,Escalated,Yes,30,No,1,0
3110,2024-11-07 13:00:00,2024-11,Medicaid,Phone,Claims Status,2058,Benefits Queue,98,374,Resolved,Yes,60,No,0,0
3111,2024-11-07 14:00:00,2024-11,Commercial,Phone,Benefits Coverage,2037,Benefits Queue,150,376,Resolved,No,60,No,0,0
3112,2024-11-07 15:00:00,2024-11,Medicaid,Portal,Prior Authorization,2019,Benefits Queue,61,352,Resolved,Yes,30,No,0,0
3113,2024-11-07 16:00:00,2024-11,Medicaid,Phone,Benefits Coverage,2036,Enrollment Queue,42,182,Abandoned,Yes,60,Yes,0,1
3114,2024-11-07 17:00:00,2024-11,Commercial,Phone,System Access,2019,Benefits Queue,56,171,Resolved,Yes,60,Yes,0,0
3115,2024-11-07 18:00:00,2024-11,Medicare,Phone,Provider Inquiry,2018,Claims Queue,84,479,Escalated,Yes,30,No,1,0
3116,2024-11-07 19:00:00,2024-11,Medicaid,IVR,Enrollment,2056,Claims Queue,34,488,Resolved,Yes,60,Yes,0,0
3117,2024-11-07 20:00:00,2024-11,Commercial,Phone,Billing,2054,Claims Queue,105,159,Resolved,Yes,90,No,0,0
3118,2024-11-07 21:00:00,2024-11,Medicaid,Phone,Provider Inquiry,2023,Benefits Queue,86,401,Escalated,No,60,No,1,0
3119,2024-11-07 22:00:00,2024-11,Medicare,Phone,System Access,2018,Enrollment Queue,75,173,Resolved,Yes,30,No,0,0
3120,2024-11-07 23:00:00,2024-11,Commercial,Phone,Provider Inquiry,2011,Enrollment Queue,94,373,Resolved,Yes,30,No,0,0
3121,2024-11-08 00:00:00,2024-11,Commercial,Phone,Prior Authorization,2002,Claims Queue,57,267,Resolved,Yes,90,Yes,0,0
3122,2024-11-08 01:00:00,2024-11,Medicare,Phone,Provider Inquiry,2016,Enrollment Queue,36,162,Resolved,No,30,No,0,0
3123,2024-11-08 02:00:00,2024-11,Commercial,Phone,Billing,2051,Benefits Queue,197,290,Escalated,Yes,30,No,1,0
3124,2024-11-08 03:00:00,2024-11,Medicare,Portal,Provider Inquiry,2033,Enrollment Queue,69,161,Resolved,Yes,60,No,0,0
3125,2024-11-08 04:00:00,2024-11,Medicaid,Phone,Claims Status,2019,Benefits Queue,38,191,Abandoned,Yes,90,Yes,0,1
3126,2024-11-08 05:00:00,2024-11,Commercial,Phone,Provider Inquiry,2034,Enrollment Queue,170,220,Resolved,No,30,No,0,0
3127,2024-11-08 06:00:00,2024-11,Medicare,Phone,Billing,2007,Enrollment Queue,96,107,Resolved,Yes,30,No,0,0
3128,2024-11-08 07:00:00,2024-11,Medicaid,IVR,Claims Status,2051,Benefits Queue,103,480,Resolved,No,60,No,0,0
3129,2024-11-08 08:00:00,2024-11,Medicaid,IVR,Billing,2044,Benefits Queue,120,200,Abandoned,Yes,90,No,0,1
3130,2024-11-08 09:00:00,2024-11,Medicaid,Phone,System Access,2018,Benefits Queue,117,81,Resolved,Yes,60,No,0,0
3131,2024-11-08 10:00:00,2024-11,Medicare,Phone,Billing,2027,Enrollment Queue,33,148,Escalated,Yes,30,No,1,0
3132,2024-11-08 11:00:00,2024-11,Medicare,IVR,Billing,2051,Benefits Queue,155,514,Resolved,Yes,60,No,0,0
3133,2024-11-08 12:00:00,2024-11,Medicaid,Phone,Billing,2039,Benefits Queue,72,272,Abandoned,Yes,90,Yes,0,1
3134,2024-11-08 13:00:00,2024-11,Medicaid,Phone,Benefits Coverage,2015,Claims Queue,115,439,Resolved,Yes,30,No,0,0
3135,2024-11-08 14:00:00,2024-11,Medicaid,Phone,Prior Authorization,2039,Benefits Queue,72,163,Resolved,Yes,60,No,0,0
3136,2024-11-08 15:00:00,2024-11,Commercial,Phone,Benefits Coverage,2013,Benefits Queue,108,328,Resolved,Yes,30,No,0,0
3137,2024-11-08 16:00:00,2024-11,Medicaid,Phone,Benefits Coverage,2050,Claims Queue,38,531,Resolved,Yes,60,Yes,0,0
3138,2024-11-08 17:00:00,2024-11,Medicare,IVR,System Access,2033,Enrollment Queue,69,95,Abandoned,Yes,60,No,0,1
3139,2024-11-08 18:00:00,2024-11,Medicare,Portal,Prior Authorization,2005,Enrollment Queue,126,179,Resolved,No,30,No,0,0
3140,2024-11-08 19:00:00,2024-11,Medicare,Portal,Claims Status,2033,Claims Queue,21,146,Escalated,No,30,Yes,1,0
3141,2024-11-08 20:00:00,2024-11,Medicaid,Phone,Enrollment,2039,Benefits Queue,39,752,Escalated,Yes,60,Yes,1,0
3142,2024-11-08 21:00:00,2024-11,Medicaid,Phone,Enrollment,2046,Enrollment Queue,160,203,Resolved,Yes,30,No,0,0
3143,2024-11-08 22:00:00,2024-11,Medicaid,Phone,Benefits Coverage,2045,Claims Queue,234,640,Resolved,Yes,30,No,0,0
3144,2024-11-08 23:00:00,2024-11,Medicaid,IVR,Prior Authorization,2001,Enrollment Queue,86,338,Resolved,Yes,30,No,0,0
3145,2024-11-09 00:00:00,2024-11,Commercial,Portal,System Access,2032,Benefits Queue,131,1053,Resolved,Yes,30,No,0,0
3146,2024-11-09 01:00:00,2024-11,Medicaid,IVR,Benefits Coverage,2007,Enrollment Queue,234,327,Abandoned,No,60,No,0,1
3147,2024-11-09 02:00:00,2024-11,Medicare,Phone,Enrollment,2023,Claims Queue,117,311,Resolved,Yes,30,No,0,0
3148,2024-11-09 03:00:00,2024-11,Medicaid,Phone,System Access,2027,Benefits Queue,22,392,Resolved,Yes,30,Yes,0,0
3149,2024-11-09 04:00:00,2024-11,Medicaid,Phone,System Access,2021,Enrollment Queue,50,27,Resolved,Yes,30,No,0,0
3150,2024-11-09 05:00:00,2024-11,Medicaid,Phone,Enrollment,2002,Claims Queue,25,154,Resolved,No,60,Yes,0,0
3151,2024-11-09 06:00:00,2024-11,Commercial,Portal,Provider Inquiry,2043,Enrollment Queue,28,400,Escalated,Yes,30,Yes,1,0
3152,2024-11-09 07:00:00,2024-11,Medicaid,Phone,System Access,2002,Benefits Queue,307,734,Resolved,No,90,No,0,0
3153,2024-11-09 08:00:00,2024-11,Medicaid,Phone,Billing,2036,Claims Queue,95,223,Resolved,Yes,90,No,0,0
3154,2024-11-09 09:00:00,2024-11,Medicare,Portal,Benefits Coverage,2025,Benefits Queue,21,544,Escalated,Yes,30,Yes,1,0
3155,2024-11-09 10:00:00,2024-11,Medicaid,Phone,Benefits Coverage,2012,Enrollment Queue,180,405,Resolved,No,60,No,0,0
3156,2024-11-09 11:00:00,2024-11,Medicaid,Phone,Provider Inquiry,2011,Benefits Queue,71,214,Resolved,Yes,30,No,0,0
3157,2024-11-09 12:00:00,2024-11,Medicaid,Portal,Prior Authorization,2022,Claims Queue,80,403,Resolved,Yes,60,No,0,0
3158,2024-11-09 13:00:00,2024-11,Commercial,Phone,System Access,2003,Benefits Queue,67,336,Resolved,Yes,60,No,0,0
3159,2024-11-09 14:00:00,2024-11,Medicaid,Phone,Billing,2034,Enrollment Queue,84,286,Resolved,Yes,60,No,0,0
3160,2024-11-09 15:00:00,2024-11,Medicaid,Phone,Enrollment,2013,Enrollment Queue,55,980,Resolved,Yes,30,No,0,0
3161,2024-11-09 16:00:00,2024-11,Medicare,Phone,Billing,2054,Claims Queue,100,314,Resolved,Yes,60,No,0,0
3162,2024-11-09 17:00:00,2024-11,Medicaid,Portal,System Access,2041,Benefits Queue,124,332,Resolved,No,60,No,0,0
3163,2024-11-09 18:00:00,2024-11,Medicaid,Phone,System Access,2053,Enrollment Queue,50,351,Resolved,Yes,30,No,0,0
3164,2024-11-09 19:00:00,2024-11,Medicaid,Phone,Provider Inquiry,2005,Claims Queue,98,749,Resolved,Yes,60,No,0,0
3165,2024-11-09 20:00:00,2024-11,Commercial,Phone,System Access,2059,Claims Queue,134,606,Resolved,Yes,30,No,0,0
3166,2024-11-09 21:00:00,2024-11,Commercial,IVR,System Access,2048,Claims Queue,137,412,Resolved,Yes,60,No,0,0
3167,2024-11-09 22:00:00,2024-11,Commercial,IVR,System Access,2022,Claims Queue,58,269,Escalated,Yes,60,Yes,1,0
3168,2024-11-09 23:00:00,2024-11,Medicaid,Portal,Billing,2046,Claims Queue,53,243,Resolved,Yes,30,No,0,0
3169,2024-11-10 00:00:00,2024-11,Commercial,Phone,Claims Status,2050,Enrollment Queue,25,528,Resolved,Yes,60,Yes,0,0
3170,2024-11-10 01:00:00,2024-11,Medicaid,Phone,System Access,2051,Claims Queue,98,443,Resolved,Yes,30,No,0,0
3171,2024-11-10 02:00:00,2024-11,Medicare,Phone,Enrollment,2031,Claims Queue,12,86,Resolved,Yes,90,Yes,0,0
3172,2024-11-10 03:00:00,2024-11,Medicare,Phone,Benefits Coverage,2034,Benefits Queue,84,234,Resolved,Yes,30,No,0,0
3173,2024-11-10 04:00:00,2024-11,Medicaid,Phone,Billing,2052,Benefits Queue,66,409,Resolved,Yes,30,No,0,0
3174,2024-11-10 05:00:00,2024-11,Commercial,Phone,Enrollment,2058,Claims Queue,193,495,Abandoned,Yes,60,No,0,1
3175,2024-11-10 06:00:00,2024-11,Medicare,Portal,System Access,2044,Benefits Queue,85,273,Resolved,Yes,30,No,0,0
3176,2024-11-10 07:00:00,2024-11,Medicare,Phone,Enrollment,2019,Enrollment Queue,84,364,Resolved,No,90,Yes,0,0
3177,2024-11-10 08:00:00,2024-11,Medicare,IVR,Billing,2055,Benefits Queue,69,49,Escalated,Yes,60,No,1,0
3178,2024-11-10 09:00:00,2024-11,Medicare,Phone,System Access,2049,Claims Queue,36,171,Resolved,Yes,60,Yes,0,0
3179,2024-11-10 10:00:00,2024-11,Medicaid,Phone,Prior Authorization,2029,Enrollment Queue,103,533,Abandoned,No,60,No,0,1
3180,2024-11-10 11:00:00,2024-11,Medicaid,Phone,System Access,2025,Benefits Queue,138,295,Abandoned,Yes,60,No,0,1
3181,2024-11-10 12:00:00,2024-11,Medicaid,Phone,Prior Authorization,2026,Benefits Queue,159,285,Escalated,Yes,90,No,1,0
3182,2024-11-10 13:00:00,2024-11,Commercial,IVR,Provider Inquiry,2045,Benefits Queue,54,342,Escalated,No,60,Yes,1,0
3183,2024-11-10 14:00:00,2024-11,Commercial,Phone,Provider Inquiry,2014,Benefits Queue,231,84,Escalated,Yes,90,No,1,0
3184,2024-11-10 15:00:00,2024-11,Medicaid,Phone,Billing,2027,Enrollment Queue,205,91,Resolved,Yes,60,No,0,0
3185,2024-11-10 16:00:00,2024-11,Commercial,Phone,Claims Status,2022,Benefits Queue,201,217,Escalated,Yes,30,No,1,0
3186,2024-11-10 17:00:00,2024-11,Medicaid,Phone,System Access,2021,Enrollment Queue,54,485,Resolved,Yes,30,No,0,0
3187,2024-11-10 18:00:00,2024-11,Medicaid,Phone,Benefits Coverage,2047,Enrollment Queue,114,491,Escalated,Yes,60,No,1,0
3188,2024-11-10 19:00:00,2024-11,Medicaid,Phone,System Access,2057,Claims Queue,140,296,Resolved,No,30,No,0,0
3189,2024-11-10 20:00:00,2024-11,Medicare,Portal,Benefits Coverage,2051,Enrollment Queue,162,409,Resolved,Yes,90,No,0,0
3190,2024-11-10 21:00:00,2024-11,Commercial,Phone,Provider Inquiry,2050,Claims Queue,108,239,Resolved,Yes,90,No,0,0
3191,2024-11-10 22:00:00,2024-11,Medicare,IVR,Benefits Coverage,2054,Claims Queue,168,63,Resolved,No,30,No,0,0
3192,2024-11-10 23:00:00,2024-11,Medicaid,Phone,Claims Status,2021,Benefits Queue,29,497,Abandoned,No,60,Yes,0,1
3193,2024-11-11 00:00:00,2024-11,Medicaid,IVR,Billing,2001,Benefits Queue,86,805,Resolved,Yes,90,Yes,0,0
3194,2024-11-11 01:00:00,2024-11,Medicare,Phone,Benefits Coverage,2043,Benefits Queue,179,626,Resolved,Yes,30,No,0,0
3195,2024-11-11 02:00:00,2024-11,Medicaid,Phone,Claims Status,2035,Claims Queue,68,560,Abandoned,Yes,60,No,0,1
3196,2024-11-11 03:00:00,2024-11,Commercial,Phone,Enrollment,2059,Enrollment Queue,136,642,Resolved,Yes,60,No,0,0
3197,2024-11-11 04:00:00,2024-11,Medicare,Portal,Provider Inquiry,2046,Benefits Queue,135,503,Resolved,Yes,90,No,0,0
3198,2024-11-11 05:00:00,2024-11,Medicare,Phone,System Access,2023,Benefits Queue,179,313,Resolved,No,30,No,0,0
3199,2024-11-11 06:00:00,2024-11,Medicare,IVR,Provider Inquiry,2001,Claims Queue,106,450,Escalated,Yes,30,No,1,0
3200,2024-11-11 07:00:00,2024-11,Medicare,Phone,Provider Inquiry,2013,Claims Queue,20,401,Resolved,No,30,Yes,0,0
3201,2024-11-11 08:00:00,2024-11,Medicaid,Portal,Prior Authorization,2046,Benefits Queue,116,560,Escalated,Yes,30,No,1,0
3202,2024-11-11 09:00:00,2024-11,Commercial,Phone,Prior Authorization,2025,Enrollment Queue,22,183,Escalated,Yes,90,Yes,1,0
3203,2024-11-11 10:00:00,2024-11,Medicare,Phone,Benefits Coverage,2021,Enrollment Queue,105,210,Resolved,No,60,No,0,0
3204,2024-11-11 11:00:00,2024-11,Medicare,Phone,Benefits Coverage,2022,Benefits Queue,116,454,Resolved,Yes,60,No,0,0
3205,2024-11-11 12:00:00,2024-11,Medicaid,Portal,System Access,2027,Claims Queue,136,411,Resolved,Yes,30,No,0,0
3206,2024-11-11 13:00:00,2024-11,Medicaid,Portal,Prior Authorization,2024,Claims Queue,34,397,Resolved,No,60,Yes,0,0
3207,2024-11-11 14:00:00,2024-11,Medicare,Phone,Benefits Coverage,2024,Claims Queue,26,300,Abandoned,Yes,60,Yes,0,1
3208,2024-11-11 15:00:00,2024-11,Commercial,IVR,Billing,2018,Enrollment Queue,188,347,Resolved,No,90,No,0,0
3209,2024-11-11 16:00:00,2024-11,Medicaid,Phone,System Access,2044,Claims Queue,35,324,Resolved,Yes,30,No,0,0
3210,2024-11-11 17:00:00,2024-11,Medicare,Portal,Prior Authorization,2027,Claims Queue,112,46,Resolved,No,30,No,0,0
3211,2024-11-11 18:00:00,2024-11,Medicaid,Phone,Billing,2014,Claims Queue,166,375,Resolved,Yes,30,No,0,0
3212,2024-11-11 19:00:00,2024-11,Medicaid,IVR,System Access,2057,Enrollment Queue,149,390,Escalated,No,30,No,1,0
3213,2024-11-11 20:00:00,2024-11,Medicare,Phone,Enrollment,2059,Claims Queue,38,453,Resolved,Yes,60,Yes,0,0
3214,2024-11-11 21:00:00,2024-11,Commercial,Phone,Claims Status,2036,Benefits Queue,38,301,Resolved,Yes,90,Yes,0,0
3215,2024-11-11 22:00:00,2024-11,Medicaid,IVR,Prior Authorization,2023,Claims Queue,49,469,Resolved,Yes,90,Yes,0,0
3216,2024-11-11 23:00:00,2024-11,Medicaid,Phone,Provider Inquiry,2019,Enrollment Queue,122,534,Resolved,No,60,No,0,0
3217,2024-11-12 00:00:00,2024-11,Medicaid,Phone,Billing,2040,Claims Queue,129,603,Resolved,Yes,30,No,0,0
3218,2024-11-12 01:00:00,2024-11,Medicare,Portal,Enrollment,2001,Benefits Queue,54,306,Resolved,Yes,60,Yes,0,0
3219,2024-11-12 02:00:00,2024-11,Medicaid,IVR,Billing,2016,Claims Queue,59,239,Resolved,Yes,30,No,0,0
3220,2024-11-12 03:00:00,2024-11,Medicaid,Phone,Enrollment,2032,Claims Queue,202,114,Resolved,Yes,30,No,0,0
3221,2024-11-12 04:00:00,2024-11,Medicare,Phone,Claims Status,2029,Benefits Queue,120,351,Resolved,No,60,No,0,0
3222,2024-11-12 05:00:00,2024-11,Medicaid,Phone,Billing,2052,Enrollment Queue,48,199,Resolved,Yes,60,Yes,0,0
3223,2024-11-12 06:00:00,2024-11,Commercial,Phone,Claims Status,2002,Claims Queue,40,70,Resolved,No,60,Yes,0,0
3224,2024-11-12 07:00:00,2024-11,Medicare,Phone,Enrollment,2036,Claims Queue,148,212,Resolved,Yes,60,No,0,0
3225,2024-11-12 08:00:00,2024-11,Commercial,IVR,Billing,2031,Benefits Queue,193,625,Resolved,Yes,90,No,0,0
3226,2024-11-12 09:00:00,2024-11,Commercial,Phone,System Access,2017,Claims Queue,210,477,Resolved,No,90,No,0,0
3227,2024-11-12 10:00:00,2024-11,Medicare,Phone,Billing,2021,Enrollment Queue,190,123,Resolved,Yes,30,No,0,0
3228,2024-11-12 11:00:00,2024-11,Medicaid,Phone,Billing,2038,Benefits Queue,80,870,Resolved,Yes,90,Yes,0,0
3229,2024-11-12 12:00:00,2024-11,Medicare,Portal,Enrollment,2015,Benefits Queue,52,211,Abandoned,Yes,90,Yes,0,1
3230,2024-11-12 13:00:00,2024-11,Medicare,Phone,Claims Status,2045,Enrollment Queue,206,244,Resolved,Yes,60,No,0,0
3231,2024-11-12 14:00:00,2024-11,Medicaid,IVR,Claims Status,2016,Enrollment Queue,92,49,Resolved,Yes,90,No,0,0
3232,2024-11-12 15:00:00,2024-11,Commercial,Phone,Enrollment,2032,Claims Queue,58,271,Resolved,Yes,30,No,0,0
3233,2024-11-12 16:00:00,2024-11,Medicare,IVR,Prior Authorization,2049,Claims Queue,55,190,Escalated,Yes,60,Yes,1,0
3234,2024-11-12 17:00:00,2024-11,Commercial,Phone,Claims Status,2031,Enrollment Queue,116,733,Resolved,No,30,No,0,0
3235,2024-11-12 18:00:00,2024-11,Medicare,Phone,Prior Authorization,2057,Claims Queue,40,569,Resolved,Yes,30,No,0,0
3236,2024-11-12 19:00:00,2024-11,Commercial,Phone,Provider Inquiry,2045,Enrollment Queue,45,537,Escalated,Yes,30,No,1,0
3237,2024-11-12 20:00:00,2024-11,Commercial,Phone,Provider Inquiry,2027,Claims Queue,222,361,Escalated,Yes,30,No,1,0
3238,2024-11-12 21:00:00,2024-11,Medicare,Phone,System Access,2014,Benefits Queue,170,122,Resolved,No,90,No,0,0
3239,2024-11-12 22:00:00,2024-11,Commercial,Phone,Provider Inquiry,2001,Enrollment Queue,97,291,Escalated,Yes,60,No,1,0
3240,2024-11-12 23:00:00,2024-11,Medicare,Phone,Billing,2033,Benefits Queue,92,288,Resolved,Yes,90,No,0,0
3241,2024-11-13 00:00:00,2024-11,Medicare,Phone,Enrollment,2027,Enrollment Queue,60,228,Resolved,Yes,30,No,0,0
3242,2024-11-13 01:00:00,2024-11,Commercial,Phone,Provider Inquiry,2027,Benefits Queue,26,346,Escalated,Yes,30,Yes,1,0
3243,2024-11-13 02:00:00,2024-11,Medicare,Portal,Enrollment,2021,Benefits Queue,25,177,Resolved,Yes,60,Yes,0,0
3244,2024-11-13 03:00:00,2024-11,Medicare,Phone,System Access,2053,Enrollment Queue,223,96,Resolved,Yes,30,No,0,0
3245,2024-11-13 04:00:00,2024-11,Commercial,Phone,Provider Inquiry,2017,Benefits Queue,128,302,Resolved,Yes,60,No,0,0
3246,2024-11-13 05:00:00,2024-11,Medicare,IVR,Enrollment,2058,Enrollment Queue,57,214,Resolved,Yes,60,Yes,0,0
3247,2024-11-13 06:00:00,2024-11,Medicaid,Phone,Prior Authorization,2051,Benefits Queue,12,442,Resolved,Yes,90,Yes,0,0
3248,2024-11-13 07:00:00,2024-11,Medicare,Phone,Enrollment,2008,Benefits Queue,19,189,Resolved,Yes,30,Yes,0,0
3249,2024-11-13 08:00:00,2024-11,Medicare,Portal,Provider Inquiry,2050,Claims Queue,66,591,Resolved,Yes,30,No,0,0
3250,2024-11-13 09:00:00,2024-11,Medicare,Phone,Benefits Coverage,2050,Claims Queue,115,76,Resolved,Yes,60,No,0,0
3251,2024-11-13 10:00:00,2024-11,Commercial,Phone,Claims Status,2059,Enrollment Queue,255,114,Resolved,Yes,60,No,0,0
3252,2024-11-13 11:00:00,2024-11,Medicare,IVR,Billing,2057,Claims Queue,188,124,Resolved,Yes,30,No,0,0
3253,2024-11-13 12:00:00,2024-11,Commercial,Phone,Claims Status,2014,Enrollment Queue,46,379,Resolved,Yes,90,Yes,0,0
3254,2024-11-13 13:00:00,2024-11,Medicare,Portal,Claims Status,2049,Benefits Queue,40,104,Resolved,Yes,60,Yes,0,0
3255,2024-11-13 14:00:00,2024-11,Commercial,Phone,Provider Inquiry,2056,Enrollment Queue,113,339,Resolved,Yes,60,No,0,0
3256,2024-11-13 15:00:00,2024-11,Medicaid,Portal,System Access,2048,Benefits Queue,74,324,Escalated,Yes,90,Yes,1,0
3257,2024-11-13 16:00:00,2024-11,Medicaid,IVR,Provider Inquiry,2049,Claims Queue,122,266,Resolved,No,30,No,0,0
3258,2024-11-13 17:00:00,2024-11,Medicare,Phone,Benefits Coverage,2015,Enrollment Queue,15,255,Resolved,No,90,Yes,0,0
3259,2024-11-13 18:00:00,2024-11,Commercial,Phone,Prior Authorization,2051,Enrollment Queue,151,108,Resolved,Yes,60,No,0,0
3260,2024-11-13 19:00:00,2024-11,Commercial,Phone,Billing,2003,Claims Queue,63,453,Abandoned,Yes,90,Yes,0,1
3261,2024-11-13 20:00:00,2024-11,Medicare,Portal,Billing,2041,Enrollment Queue,139,442,Escalated,Yes,30,No,1,0
3262,2024-11-13 21:00:00,2024-11,Medicaid,Phone,Prior Authorization,2041,Benefits Queue,87,217,Resolved,No,30,No,0,0
3263,2024-11-13 22:00:00,2024-11,Medicaid,Phone,Claims Status,2055,Benefits Queue,113,631,Escalated,Yes,60,No,1,0
3264,2024-11-13 23:00:00,2024-11,Medicaid,IVR,Benefits Coverage,2032,Claims Queue,122,245,Resolved,No,90,No,0,0
3265,2024-11-14 00:00:00,2024-11,Medicaid,Phone,Prior Authorization,2027,Claims Queue,142,594,Escalated,Yes,30,No,1,0
3266,2024-11-14 01:00:00,2024-11,Medicare,IVR,Claims Status,2023,Claims Queue,229,412,Resolved,Yes,30,No,0,0
3267,2024-11-14 02:00:00,2024-11,Commercial,Portal,System Access,2005,Enrollment Queue,55,661,Resolved,Yes,60,Yes,0,0
3268,2024-11-14 03:00:00,2024-11,Medicare,Phone,Prior Authorization,2037,Claims Queue,114,411,Abandoned,No,60,No,0,1
3269,2024-11-14 04:00:00,2024-11,Medicare,Portal,Benefits Coverage,2038,Enrollment Queue,39,314,Resolved,Yes,90,Yes,0,0
3270,2024-11-14 05:00:00,2024-11,Medicare,Phone,Claims Status,2043,Benefits Queue,79,170,Resolved,No,30,No,0,0
3271,2024-11-14 06:00:00,2024-11,Medicaid,Phone,Prior Authorization,2001,Enrollment Queue,46,323,Resolved,Yes,30,No,0,0
3272,2024-11-14 07:00:00,2024-11,Medicaid,Phone,Prior Authorization,2047,Benefits Queue,115,199,Abandoned,Yes,90,No,0,1
3273,2024-11-14 08:00:00,2024-11,Medicare,Phone,Provider Inquiry,2051,Benefits Queue,54,660,Resolved,Yes,60,Yes,0,0
3274,2024-11-14 09:00:00,2024-11,Medicare,IVR,Enrollment,2032,Enrollment Queue,59,408,Resolved,Yes,90,Yes,0,0
3275,2024-11-14 10:00:00,2024-11,Commercial,Phone,Prior Authorization,2038,Claims Queue,43,546,Resolved,Yes,60,Yes,0,0
3276,2024-11-14 11:00:00,2024-11,Medicare,Phone,Benefits Coverage,2039,Claims Queue,149,808,Resolved,Yes,60,No,0,0
3277,2024-11-14 12:00:00,2024-11,Medicare,Phone,Billing,2030,Enrollment Queue,89,280,Resolved,Yes,90,Yes,0,0
3278,2024-11-14 13:00:00,2024-11,Medicare,Phone,Provider Inquiry,2033,Enrollment Queue,79,424,Resolved,Yes,30,No,0,0
3279,2024-11-14 14:00:00,2024-11,Medicare,Phone,Provider Inquiry,2026,Claims Queue,28,166,Resolved,No,60,Yes,0,0
3280,2024-11-14 15:00:00,2024-11,Medicaid,Portal,Prior Authorization,2025,Enrollment Queue,32,258,Resolved,Yes,60,Yes,0,0
3281,2024-11-14 16:00:00,2024-11,Commercial,IVR,Enrollment,2004,Benefits Queue,128,423,Escalated,Yes,30,No,1,0
3282,2024-11-14 17:00:00,2024-11,Medicare,Portal,Provider Inquiry,2049,Claims Queue,60,385,Resolved,Yes,60,Yes,0,0
3283,2024-11-14 18:00:00,2024-11,Medicare,Phone,Prior Authorization,2046,Enrollment Queue,104,420,Resolved,Yes,60,No,0,0
3284,2024-11-14 19:00:00,2024-11,Medicaid,Phone,System Access,2059,Claims Queue,71,178,Resolved,No,60,No,0,0
3285,2024-11-14 20:00:00,2024-11,Commercial,Phone,Claims Status,2051,Benefits Queue,83,689,Abandoned,No,60,No,0,1
3286,2024-11-14 21:00:00,2024-11,Medicare,Phone,Benefits Coverage,2005,Benefits Queue,52,266,Resolved,Yes,30,No,0,0
3287,2024-11-14 22:00:00,2024-11,Medicaid,Phone,Benefits Coverage,2043,Benefits Queue,159,198,Resolved,No,60,No,0,0
3288,2024-11-14 23:00:00,2024-11,Medicare,Phone,Provider Inquiry,2043,Benefits Queue,78,132,Resolved,Yes,30,No,0,0
3289,2024-11-15 00:00:00,2024-11,Medicaid,Portal,System Access,2048,Claims Queue,50,630,Escalated,Yes,60,Yes,1,0
3290,2024-11-15 01:00:00,2024-11,Medicaid,Portal,Benefits Coverage,2026,Enrollment Queue,80,206,Resolved,Yes,30,No,0,0
3291,2024-11-15 02:00:00,2024-11,Medicare,IVR,System Access,2006,Benefits Queue,116,256,Abandoned,Yes,30,No,0,1
3292,2024-11-15 03:00:00,2024-11,Medicare,Phone,Prior Authorization,2057,Enrollment Queue,149,76,Abandoned,Yes,30,No,0,1
3293,2024-11-15 04:00:00,2024-11,Medicare,Phone,Billing,2029,Enrollment Queue,89,136,Resolved,Yes,90,Yes,0,0
3294,2024-11-15 05:00:00,2024-11,Medicaid,Phone,System Access,2017,Benefits Queue,92,58,Resolved,Yes,30,No,0,0
3295,2024-11-15 06:00:00,2024-11,Medicaid,Phone,Prior Authorization,2030,Benefits Queue,132,257,Escalated,Yes,30,No,1,0
3296,2024-11-15 07:00:00,2024-11,Medicaid,Phone,System Access,2020,Claims Queue,122,398,Resolved,Yes,30,No,0,0
3297,2024-11-15 08:00:00,2024-11,Medicaid,Phone,System Access,2048,Claims Queue,8,481,Resolved,Yes,30,Yes,0,0
3298,2024-11-15 09:00:00,2024-11,Medicaid,Phone,Claims Status,2048,Benefits Queue,130,226,Resolved,Yes,60,No,0,0
3299,2024-11-15 10:00:00,2024-11,Medicare,IVR,Claims Status,2010,Enrollment Queue,169,341,Resolved,Yes,60,No,0,0
3300,2024-11-15 11:00:00,2024-11,Medicare,Phone,System Access,2058,Enrollment Queue,20,140,Abandoned,Yes,60,Yes,0,1
3301,2024-11-15 12:00:00,2024-11,Medicare,IVR,Enrollment,2055,Claims Queue,44,245,Resolved,Yes,90,Yes,0,0
3302,2024-11-15 13:00:00,2024-11,Medicare,IVR,Benefits Coverage,2056,Enrollment Queue,73,404,Resolved,Yes,60,No,0,0
3303,2024-11-15 14:00:00,2024-11,Medicaid,Phone,Prior Authorization,2059,Enrollment Queue,127,821,Resolved,Yes,30,No,0,0
3304,2024-11-15 15:00:00,2024-11,Commercial,Phone,Provider Inquiry,2046,Enrollment Queue,147,318,Resolved,No,60,No,0,0
3305,2024-11-15 16:00:00,2024-11,Medicare,Phone,Enrollment,2059,Claims Queue,69,177,Resolved,Yes,60,No,0,0
3306,2024-11-15 17:00:00,2024-11,Medicaid,Phone,Enrollment,2022,Benefits Queue,113,288,Abandoned,Yes,30,No,0,1
3307,2024-11-15 18:00:00,2024-11,Medicare,Phone,Prior Authorization,2055,Enrollment Queue,176,86,Resolved,Yes,60,No,0,0
3308,2024-11-15 19:00:00,2024-11,Medicare,Phone,Claims Status,2037,Benefits Queue,139,808,Escalated,Yes,30,No,1,0
3309,2024-11-15 20:00:00,2024-11,Commercial,Phone,Claims Status,2022,Claims Queue,35,71,Resolved,Yes,30,No,0,0
3310,2024-11-15 21:00:00,2024-11,Medicare,Phone,Claims Status,2001,Enrollment Queue,24,317,Resolved,Yes,30,Yes,0,0
3311,2024-11-15 22:00:00,2024-11,Medicaid,Phone,Claims Status,2039,Enrollment Queue,102,503,Resolved,No,90,No,0,0
3312,2024-11-15 23:00:00,2024-11,Medicare,Portal,Enrollment,2048,Enrollment Queue,37,387,Resolved,Yes,60,Yes,0,0
3313,2024-11-16 00:00:00,2024-11,Medicaid,Phone,Provider Inquiry,2044,Claims Queue,10,170,Resolved,Yes,30,Yes,0,0
3314,2024-11-16 01:00:00,2024-11,Medicare,Phone,Billing,2015,Claims Queue,104,436,Resolved,Yes,30,No,0,0
3315,2024-11-16 02:00:00,2024-11,Commercial,Phone,Provider Inquiry,2049,Benefits Queue,122,435,Abandoned,Yes,60,No,0,1
3316,2024-11-16 03:00:00,2024-11,Medicaid,Phone,Billing,2035,Enrollment Queue,143,345,Resolved,Yes,60,No,0,0
3317,2024-11-16 04:00:00,2024-11,Medicare,IVR,Billing,2016,Enrollment Queue,131,140,Abandoned,Yes,90,No,0,1
3318,2024-11-16 05:00:00,2024-11,Medicaid,Phone,Billing,2002,Claims Queue,78,189,Abandoned,Yes,60,No,0,1
3319,2024-11-16 06:00:00,2024-11,Medicaid,Phone,Claims Status,2015,Enrollment Queue,181,181,Resolved,Yes,60,No,0,0
3320,2024-11-16 07:00:00,2024-11,Commercial,IVR,Prior Authorization,2055,Benefits Queue,131,198,Escalated,No,90,No,1,0
3321,2024-11-16 08:00:00,2024-11,Medicare,Phone,Provider Inquiry,2058,Benefits Queue,97,41,Resolved,Yes,90,No,0,0
3322,2024-11-16 09:00:00,2024-11,Medicaid,Phone,Enrollment,2033,Claims Queue,231,593,Resolved,No,60,No,0,0
3323,2024-11-16 10:00:00,2024-11,Medicaid,Phone,System Access,2031,Benefits Queue,32,317,Resolved,Yes,30,No,0,0
3324,2024-11-16 11:00:00,2024-11,Medicaid,Phone,Benefits Coverage,2010,Enrollment Queue,106,501,Resolved,No,60,No,0,0
3325,2024-11-16 12:00:00,2024-11,Medicare,Phone,Benefits Coverage,2056,Benefits Queue,55,497,Resolved,Yes,30,No,0,0
3326,2024-11-16 13:00:00,2024-11,Commercial,Phone,Billing,2008,Enrollment Queue,112,798,Resolved,Yes,30,No,0,0
3327,2024-11-16 14:00:00,2024-11,Medicare,Phone,Billing,2009,Enrollment Queue,42,312,Escalated,Yes,30,No,1,0
3328,2024-11-16 15:00:00,2024-11,Medicaid,Phone,Prior Authorization,2030,Enrollment Queue,64,271,Resolved,Yes,30,No,0,0
3329,2024-11-16 16:00:00,2024-11,Medicaid,Phone,Benefits Coverage,2042,Benefits Queue,93,178,Resolved,Yes,60,No,0,0
3330,2024-11-16 17:00:00,2024-11,Medicaid,Phone,Claims Status,2005,Benefits Queue,40,283,Resolved,Yes,30,No,0,0
3331,2024-11-16 18:00:00,2024-11,Medicare,Phone,Benefits Coverage,2012,Claims Queue,91,388,Escalated,No,60,No,1,0
3332,2024-11-16 19:00:00,2024-11,Medicaid,Phone,Billing,2015,Enrollment Queue,256,431,Resolved,Yes,60,No,0,0
3333,2024-11-16 20:00:00,2024-11,Medicare,IVR,Prior Authorization,2025,Benefits Queue,174,221,Abandoned,No,60,No,0,1
3334,2024-11-16 21:00:00,2024-11,Medicaid,Phone,Claims Status,2013,Claims Queue,129,167,Resolved,Yes,90,No,0,0
3335,2024-11-16 22:00:00,2024-11,Medicaid,Phone,Benefits Coverage,2029,Claims Queue,195,137,Abandoned,Yes,60,No,0,1
3336,2024-11-16 23:00:00,2024-11,Medicare,Phone,Claims Status,2058,Benefits Queue,61,600,Resolved,Yes,30,No,0,0
3337,2024-11-17 00:00:00,2024-11,Medicare,Phone,Prior Authorization,2011,Claims Queue,128,521,Escalated,Yes,60,No,1,0
3338,2024-11-17 01:00:00,2024-11,Medicaid,Phone,Enrollment,2030,Benefits Queue,166,360,Resolved,Yes,60,No,0,0
3339,2024-11-17 02:00:00,2024-11,Medicaid,Phone,System Access,2051,Benefits Queue,27,443,Escalated,No,60,Yes,1,0
3340,2024-11-17 03:00:00,2024-11,Medicaid,Phone,Provider Inquiry,2057,Claims Queue,159,123,Resolved,No,90,No,0,0
3341,2024-11-17 04:00:00,2024-11,Medicaid,Phone,System Access,2022,Benefits Queue,124,90,Resolved,Yes,90,No,0,0
3342,2024-11-17 05:00:00,2024-11,Medicaid,Phone,Enrollment,2007,Enrollment Queue,156,141,Resolved,Yes,90,No,0,0
3343,2024-11-17 06:00:00,2024-11,Medicare,IVR,Enrollment,2031,Benefits Queue,95,463,Resolved,Yes,60,No,0,0
3344,2024-11-17 07:00:00,2024-11,Medicaid,Phone,System Access,2026,Enrollment Queue,113,399,Escalated,Yes,30,No,1,0
3345,2024-11-17 08:00:00,2024-11,Medicaid,Phone,Enrollment,2036,Enrollment Queue,79,251,Resolved,Yes,60,No,0,0
3346,2024-11-17 09:00:00,2024-11,Medicare,Phone,Prior Authorization,2007,Benefits Queue,125,76,Resolved,Yes,60,No,0,0
3347,2024-11-17 10:00:00,2024-11,Medicare,Phone,Billing,2020,Benefits Queue,151,247,Resolved,Yes,90,No,0,0
3348,2024-11-17 11:00:00,2024-11,Medicare,Phone,System Access,2031,Enrollment Queue,375,222,Escalated,Yes,90,No,1,0
3349,2024-11-17 12:00:00,2024-11,Medicaid,Phone,Provider Inquiry,2045,Enrollment Queue,108,425,Abandoned,Yes,60,No,0,1
3350,2024-11-17 13:00:00,2024-11,Medicare,Phone,Enrollment,2023,Enrollment Queue,65,126,Escalated,No,90,Yes,1,0
3351,2024-11-17 14:00:00,2024-11,Medicare,Phone,Claims Status,2042,Claims Queue,140,592,Escalated,Yes,90,No,1,0
3352,2024-11-17 15:00:00,2024-11,Medicaid,Phone,Enrollment,2029,Claims Queue,44,281,Resolved,Yes,90,Yes,0,0
3353,2024-11-17 16:00:00,2024-11,Commercial,Phone,Prior Authorization,2041,Claims Queue,60,283,Abandoned,Yes,60,Yes,0,1
3354,2024-11-17 17:00:00,2024-11,Medicaid,IVR,Claims Status,2053,Claims Queue,15,255,Resolved,No,30,Yes,0,0
3355,2024-11-17 18:00:00,2024-11,Medicare,Phone,Prior Authorization,2007,Benefits Queue,50,117,Abandoned,Yes,60,Yes,0,1
3356,2024-11-17 19:00:00,2024-11,Medicare,Phone,Benefits Coverage,2019,Benefits Queue,24,244,Escalated,Yes,90,Yes,1,0
3357,2024-11-17 20:00:00,2024-11,Commercial,Phone,Enrollment,2008,Enrollment Queue,169,272,Abandoned,Yes,60,No,0,1
3358,2024-11-17 21:00:00,2024-11,Medicaid,Phone,Provider Inquiry,2047,Claims Queue,95,388,Resolved,No,60,No,0,0
3359,2024-11-17 22:00:00,2024-11,Medicare,Phone,Prior Authorization,2032,Benefits Queue,272,694,Abandoned,No,30,No,0,1
3360,2024-11-17 23:00:00,2024-11,Medicaid,Portal,Prior Authorization,2036,Enrollment Queue,43,338,Resolved,Yes,90,Yes,0,0
3361,2024-11-18 00:00:00,2024-11,Medicare,Phone,Enrollment,2049,Claims Queue,33,313,Resolved,Yes,30,No,0,0
3362,2024-11-18 01:00:00,2024-11,Medicare,IVR,Prior Authorization,2009,Enrollment Queue,136,238,Escalated,Yes,30,No,1,0
3363,2024-11-18 02:00:00,2024-11,Medicare,Phone,Prior Authorization,2058,Claims Queue,63,465,Resolved,Yes,90,Yes,0,0
3364,2024-11-18 03:00:00,2024-11,Medicaid,Phone,Billing,2041,Benefits Queue,121,425,Escalated,Yes,60,No,1,0
3365,2024-11-18 04:00:00,2024-11,Commercial,IVR,Prior Authorization,2033,Enrollment Queue,149,215,Resolved,Yes,30,No,0,0
3366,2024-11-18 05:00:00,2024-11,Medicaid,Phone,Prior Authorization,2056,Enrollment Queue,33,554,Resolved,Yes,60,Yes,0,0
3367,2024-11-18 06:00:00,2024-11,Commercial,Phone,Claims Status,2025,Benefits Queue,48,415,Resolved,Yes,30,No,0,0
3368,2024-11-18 07:00:00,2024-11,Medicaid,Portal,Enrollment,2028,Enrollment Queue,19,135,Resolved,No,90,Yes,0,0
3369,2024-11-18 08:00:00,2024-11,Medicaid,Phone,Claims Status,2030,Benefits Queue,53,235,Resolved,Yes,60,Yes,0,0
3370,2024-11-18 09:00:00,2024-11,Medicaid,Phone,Billing,2031,Benefits Queue,70,545,Resolved,No,60,No,0,0
3371,2024-11-18 10:00:00,2024-11,Medicare,Portal,Benefits Coverage,2051,Claims Queue,44,476,Resolved,No,30,No,0,0
3372,2024-11-18 11:00:00,2024-11,Commercial,Portal,System Access,2035,Claims Queue,65,532,Escalated,Yes,60,No,1,0
3373,2024-11-18 12:00:00,2024-11,Medicare,Phone,Billing,2017,Benefits Queue,56,66,Escalated,No,60,Yes,1,0
3374,2024-11-18 13:00:00,2024-11,Medicaid,Phone,Billing,2022,Claims Queue,95,261,Resolved,Yes,30,No,0,0
3375,2024-11-18 14:00:00,2024-11,Commercial,Portal,Claims Status,2030,Claims Queue,141,357,Resolved,No,60,No,0,0
3376,2024-11-18 15:00:00,2024-11,Medicare,IVR,Billing,2033,Benefits Queue,53,83,Resolved,No,60,Yes,0,0
3377,2024-11-18 16:00:00,2024-11,Medicare,IVR,Enrollment,2043,Claims Queue,141,343,Escalated,Yes,90,No,1,0
3378,2024-11-18 17:00:00,2024-11,Medicare,Phone,Benefits Coverage,2025,Enrollment Queue,132,251,Resolved,Yes,90,No,0,0
3379,2024-11-18 18:00:00,2024-11,Medicaid,Phone,Enrollment,2053,Benefits Queue,70,512,Resolved,No,60,No,0,0
3380,2024-11-18 19:00:00,2024-11,Medicare,Portal,Billing,2046,Claims Queue,230,146,Resolved,Yes,30,No,0,0
3381,2024-11-18 20:00:00,2024-11,Medicaid,IVR,Prior Authorization,2006,Benefits Queue,59,322,Escalated,Yes,30,No,1,0
3382,2024-11-18 21:00:00,2024-11,Medicaid,Phone,System Access,2018,Enrollment Queue,44,154,Resolved,Yes,90,Yes,0,0
3383,2024-11-18 22:00:00,2024-11,Medicaid,Phone,Claims Status,2034,Benefits Queue,41,341,Resolved,Yes,60,Yes,0,0
3384,2024-11-18 23:00:00,2024-11,Medicaid,IVR,System Access,2022,Enrollment Queue,117,215,Resolved,No,60,No,0,0
3385,2024-11-19 00:00:00,2024-11,Medicare,Phone,Prior Authorization,2048,Benefits Queue,186,463,Resolved,Yes,60,No,0,0
3386,2024-11-19 01:00:00,2024-11,Medicare,Phone,Provider Inquiry,2011,Enrollment Queue,174,669,Resolved,Yes,90,No,0,0
3387,2024-11-19 02:00:00,2024-11,Medicaid,IVR,Enrollment,2021,Claims Queue,26,619,Escalated,Yes,60,Yes,1,0
3388,2024-11-19 03:00:00,2024-11,Commercial,IVR,Enrollment,2032,Benefits Queue,124,162,Escalated,Yes,90,No,1,0
3389,2024-11-19 04:00:00,2024-11,Medicaid,Phone,Provider Inquiry,2007,Benefits Queue,12,73,Resolved,Yes,90,Yes,0,0
3390,2024-11-19 05:00:00,2024-11,Medicare,IVR,Billing,2056,Claims Queue,103,499,Abandoned,No,30,No,0,1
3391,2024-11-19 06:00:00,2024-11,Medicare,Phone,Claims Status,2033,Benefits Queue,122,231,Resolved,Yes,60,No,0,0
3392,2024-11-19 07:00:00,2024-11,Medicaid,Phone,System Access,2037,Benefits Queue,224,316,Resolved,Yes,90,No,0,0
3393,2024-11-19 08:00:00,2024-11,Commercial,Phone,Claims Status,2022,Claims Queue,66,692,Escalated,No,30,No,1,0
3394,2024-11-19 09:00:00,2024-11,Medicare,Phone,Enrollment,2008,Benefits Queue,89,329,Escalated,Yes,60,No,1,0
3395,2024-11-19 10:00:00,2024-11,Medicare,Phone,Claims Status,2049,Claims Queue,25,458,Resolved,No,30,Yes,0,0
3396,2024-11-19 11:00:00,2024-11,Medicare,IVR,Claims Status,2045,Claims Queue,41,377,Resolved,No,90,Yes,0,0
3397,2024-11-19 12:00:00,2024-11,Medicare,Phone,Prior Authorization,2012,Enrollment Queue,71,514,Resolved,Yes,60,No,0,0
3398,2024-11-19 13:00:00,2024-11,Medicare,Phone,Provider Inquiry,2021,Benefits Queue,113,172,Resolved,Yes,90,No,0,0
3399,2024-11-19 14:00:00,2024-11,Medicaid,Phone,System Access,2008,Benefits Queue,155,341,Resolved,Yes,60,No,0,0
3400,2024-11-19 15:00:00,2024-11,Medicaid,IVR,Billing,2008,Benefits Queue,103,438,Escalated,Yes,60,No,1,0
3401,2024-11-19 16:00:00,2024-11,Commercial,IVR,Billing,2017,Claims Queue,72,100,Resolved,Yes,60,No,0,0
3402,2024-11-19 17:00:00,2024-11,Medicare,Phone,System Access,2009,Claims Queue,158,301,Resolved,Yes,30,No,0,0
3403,2024-11-19 18:00:00,2024-11,Medicaid,Phone,Prior Authorization,2009,Claims Queue,128,105,Escalated,No,30,No,1,0
3404,2024-11-19 19:00:00,2024-11,Commercial,Phone,Enrollment,2002,Claims Queue,211,426,Resolved,No,60,No,0,0
3405,2024-11-19 20:00:00,2024-11,Medicaid,IVR,Enrollment,2055,Benefits Queue,137,167,Resolved,Yes,30,No,0,0
3406,2024-11-19 21:00:00,2024-11,Medicaid,IVR,System Access,2027,Enrollment Queue,54,335,Escalated,Yes,30,No,1,0
3407,2024-11-19 22:00:00,2024-11,Medicare,Phone,Provider Inquiry,2042,Benefits Queue,66,380,Resolved,Yes,90,Yes,0,0
3408,2024-11-19 23:00:00,2024-11,Medicaid,Phone,Claims Status,2016,Benefits Queue,146,390,Resolved,Yes,60,No,0,0
3409,2024-11-20 00:00:00,2024-11,Medicare,Phone,System Access,2054,Benefits Queue,180,461,Abandoned,Yes,30,No,0,1
3410,2024-11-20 01:00:00,2024-11,Medicare,Phone,Provider Inquiry,2049,Benefits Queue,314,177,Escalated,Yes,90,No,1,0
3411,2024-11-20 02:00:00,2024-11,Medicaid,Portal,Billing,2035,Benefits Queue,176,137,Resolved,Yes,60,No,0,0
3412,2024-11-20 03:00:00,2024-11,Medicaid,Portal,Enrollment,2046,Benefits Queue,173,428,Abandoned,No,30,No,0,1
3413,2024-11-20 04:00:00,2024-11,Medicare,IVR,Claims Status,2059,Enrollment Queue,61,406,Escalated,Yes,60,No,1,0
3414,2024-11-20 05:00:00,2024-11,Medicaid,Phone,Prior Authorization,2035,Benefits Queue,279,123,Resolved,Yes,90,No,0,0
3415,2024-11-20 06:00:00,2024-11,Commercial,Phone,Claims Status,2017,Benefits Queue,59,567,Resolved,Yes,90,Yes,0,0
3416,2024-11-20 07:00:00,2024-11,Medicare,Phone,Enrollment,2036,Claims Queue,82,519,Resolved,Yes,60,No,0,0
3417,2024-11-20 08:00:00,2024-11,Medicaid,Phone,Enrollment,2011,Enrollment Queue,274,296,Resolved,Yes,30,No,0,0
3418,2024-11-20 09:00:00,2024-11,Medicare,Phone,Claims Status,2055,Claims Queue,123,108,Resolved,Yes,30,No,0,0
3419,2024-11-20 10:00:00,2024-11,Medicare,Phone,Benefits Coverage,2019,Benefits Queue,55,127,Resolved,Yes,60,Yes,0,0
3420,2024-11-20 11:00:00,2024-11,Medicaid,Phone,Prior Authorization,2009,Benefits Queue,43,154,Resolved,Yes,60,Yes,0,0
3421,2024-11-20 12:00:00,2024-11,Medicare,Phone,Billing,2036,Benefits Queue,77,437,Resolved,No,30,No,0,0
3422,2024-11-20 13:00:00,2024-11,Medicaid,Phone,Enrollment,2057,Claims Queue,59,277,Escalated,No,30,No,1,0
3423,2024-11-20 14:00:00,2024-11,Medicaid,Phone,Prior Authorization,2028,Enrollment Queue,153,159,Resolved,Yes,30,No,0,0
3424,2024-11-20 15:00:00,2024-11,Medicaid,Portal,Prior Authorization,2031,Claims Queue,18,117,Resolved,Yes,60,Yes,0,0
3425,2024-11-20 16:00:00,2024-11,Medicare,Phone,Enrollment,2005,Enrollment Queue,55,318,Resolved,Yes,60,Yes,0,0
3426,2024-11-20 17:00:00,2024-11,Medicaid,Phone,Billing,2011,Benefits Queue,62,278,Resolved,Yes,60,No,0,0
3427,2024-11-20 18:00:00,2024-11,Medicare,Phone,Provider Inquiry,2046,Enrollment Queue,157,396,Resolved,Yes,60,No,0,0
3428,2024-11-20 19:00:00,2024-11,Medicaid,Phone,System Access,2004,Claims Queue,53,1042,Escalated,Yes,30,No,1,0
3429,2024-11-20 20:00:00,2024-11,Medicaid,Phone,Provider Inquiry,2046,Claims Queue,47,222,Escalated,Yes,60,Yes,1,0
3430,2024-11-20 21:00:00,2024-11,Commercial,Phone,Provider Inquiry,2027,Claims Queue,53,130,Abandoned,Yes,90,Yes,0,1
3431,2024-11-20 22:00:00,2024-11,Medicaid,Phone,Claims Status,2017,Enrollment Queue,77,284,Resolved,Yes,60,No,0,0
3432,2024-11-20 23:00:00,2024-11,Medicare,IVR,Prior Authorization,2002,Claims Queue,36,237,Resolved,Yes,90,Yes,0,0
3433,2024-11-21 00:00:00,2024-11,Medicaid,Phone,Billing,2052,Benefits Queue,155,472,Resolved,Yes,60,No,0,0
3434,2024-11-21 01:00:00,2024-11,Commercial,Phone,Prior Authorization,2010,Claims Queue,47,274,Resolved,Yes,90,Yes,0,0
3435,2024-11-21 02:00:00,2024-11,Commercial,Phone,Benefits Coverage,2002,Enrollment Queue,123,470,Resolved,No,90,No,0,0
3436,2024-11-21 03:00:00,2024-11,Medicaid,Portal,Enrollment,2021,Enrollment Queue,180,666,Resolved,Yes,30,No,0,0
3437,2024-11-21 04:00:00,2024-11,Commercial,Portal,Benefits Coverage,2038,Claims Queue,64,324,Resolved,No,30,No,0,0
3438,2024-11-21 05:00:00,2024-11,Commercial,Phone,System Access,2014,Enrollment Queue,72,209,Resolved,No,60,No,0,0
3439,2024-11-21 06:00:00,2024-11,Medicaid,Phone,System Access,2037,Claims Queue,63,145,Resolved,Yes,90,Yes,0,0
3440,2024-11-21 07:00:00,2024-11,Medicaid,Portal,Claims Status,2005,Benefits Queue,279,365,Escalated,Yes,30,No,1,0
3441,2024-11-21 08:00:00,2024-11,Medicaid,Phone,Benefits Coverage,2013,Benefits Queue,80,767,Escalated,Yes,60,No,1,0
3442,2024-11-21 09:00:00,2024-11,Medicaid,Phone,Billing,2052,Benefits Queue,65,118,Resolved,Yes,30,No,0,0
3443,2024-11-21 10:00:00,2024-11,Medicare,IVR,Enrollment,2016,Enrollment Queue,41,1040,Resolved,Yes,90,Yes,0,0
3444,2024-11-21 11:00:00,2024-11,Medicare,Phone,Claims Status,2050,Claims Queue,28,894,Resolved,No,90,Yes,0,0
3445,2024-11-21 12:00:00,2024-11,Medicare,Phone,Benefits Coverage,2028,Benefits Queue,84,108,Abandoned,Yes,30,No,0,1
3446,2024-11-21 13:00:00,2024-11,Medicaid,Phone,System Access,2026,Benefits Queue,51,145,Resolved,Yes,60,Yes,0,0
3447,2024-11-21 14:00:00,2024-11,Medicare,Phone,System Access,2032,Enrollment Queue,84,172,Escalated,Yes,60,No,1,0
3448,2024-11-21 15:00:00,2024-11,Commercial,Phone,Benefits Coverage,2013,Enrollment Queue,53,63,Resolved,Yes,90,Yes,0,0
3449,2024-11-21 16:00:00,2024-11,Medicaid,Phone,Provider Inquiry,2021,Benefits Queue,34,570,Escalated,Yes,60,Yes,1,0
3450,2024-11-21 17:00:00,2024-11,Medicare,Phone,Enrollment,2034,Benefits Queue,9,170,Abandoned,Yes,60,Yes,0,1
3451,2024-11-21 18:00:00,2024-11,Medicaid,IVR,Billing,2035,Benefits Queue,57,233,Resolved,No,30,No,0,0
3452,2024-11-21 19:00:00,2024-11,Medicare,IVR,Prior Authorization,2044,Enrollment Queue,40,405,Resolved,Yes,30,No,0,0
3453,2024-11-21 20:00:00,2024-11,Medicare,Phone,Prior Authorization,2041,Claims Queue,32,153,Resolved,Yes,30,No,0,0
3454,2024-11-21 21:00:00,2024-11,Commercial,IVR,Billing,2033,Benefits Queue,68,225,Escalated,Yes,90,Yes,1,0
3455,2024-11-21 22:00:00,2024-11,Medicaid,IVR,Enrollment,2030,Claims Queue,80,187,Resolved,Yes,30,No,0,0
3456,2024-11-21 23:00:00,2024-11,Medicare,Phone,Billing,2038,Benefits Queue,37,381,Resolved,No,30,No,0,0
3457,2024-11-22 00:00:00,2024-11,Medicaid,Phone,Claims Status,2022,Enrollment Queue,66,107,Escalated,Yes,30,No,1,0
3458,2024-11-22 01:00:00,2024-11,Medicaid,IVR,Prior Authorization,2050,Enrollment Queue,166,488,Resolved,Yes,90,No,0,0
3459,2024-11-22 02:00:00,2024-11,Medicaid,IVR,Billing,2023,Benefits Queue,111,567,Resolved,Yes,60,No,0,0
3460,2024-11-22 03:00:00,2024-11,Commercial,Portal,Enrollment,2025,Enrollment Queue,123,66,Abandoned,Yes,30,No,0,1
3461,2024-11-22 04:00:00,2024-11,Medicaid,Phone,System Access,2058,Enrollment Queue,173,584,Resolved,Yes,60,No,0,0
3462,2024-11-22 05:00:00,2024-11,Medicare,Phone,Billing,2012,Claims Queue,183,391,Resolved,Yes,60,No,0,0
3463,2024-11-22 06:00:00,2024-11,Medicaid,Phone,Prior Authorization,2017,Enrollment Queue,190,423,Resolved,No,60,No,0,0
3464,2024-11-22 07:00:00,2024-11,Commercial,IVR,System Access,2035,Claims Queue,63,372,Resolved,Yes,60,No,0,0
3465,2024-11-22 08:00:00,2024-11,Commercial,Phone,Provider Inquiry,2054,Claims Queue,19,514,Resolved,Yes,30,Yes,0,0
3466,2024-11-22 09:00:00,2024-11,Medicare,Phone,Claims Status,2010,Claims Queue,130,647,Resolved,No,30,No,0,0
3467,2024-11-22 10:00:00,2024-11,Medicare,Phone,Enrollment,2026,Claims Queue,18,506,Resolved,No,30,Yes,0,0
3468,2024-11-22 11:00:00,2024-11,Medicaid,Phone,Enrollment,2059,Benefits Queue,40,93,Escalated,Yes,30,No,1,0
3469,2024-11-22 12:00:00,2024-11,Medicaid,IVR,Prior Authorization,2047,Enrollment Queue,44,741,Escalated,Yes,30,No,1,0
3470,2024-11-22 13:00:00,2024-11,Medicare,Phone,Benefits Coverage,2026,Benefits Queue,65,490,Resolved,Yes,30,No,0,0
3471,2024-11-22 14:00:00,2024-11,Medicare,Portal,Provider Inquiry,2007,Enrollment Queue,42,405,Resolved,Yes,30,No,0,0
3472,2024-11-22 15:00:00,2024-11,Commercial,Phone,Prior Authorization,2005,Benefits Queue,59,585,Resolved,Yes,30,No,0,0
3473,2024-11-22 16:00:00,2024-11,Medicaid,Phone,Prior Authorization,2001,Claims Queue,121,340,Resolved,No,30,No,0,0
3474,2024-11-22 17:00:00,2024-11,Commercial,Phone,Prior Authorization,2020,Benefits Queue,217,1032,Resolved,Yes,30,No,0,0
3475,2024-11-22 18:00:00,2024-11,Medicaid,Phone,Claims Status,2059,Claims Queue,34,272,Escalated,No,90,Yes,1,0
3476,2024-11-22 19:00:00,2024-11,Medicaid,Phone,Enrollment,2012,Claims Queue,106,188,Resolved,Yes,90,No,0,0
3477,2024-11-22 20:00:00,2024-11,Medicaid,IVR,Billing,2040,Benefits Queue,41,413,Resolved,Yes,60,Yes,0,0
3478,2024-11-22 21:00:00,2024-11,Medicaid,Phone,Claims Status,2053,Enrollment Queue,18,329,Escalated,No,60,Yes,1,0
3479,2024-11-22 22:00:00,2024-11,Commercial,Phone,Prior Authorization,2057,Enrollment Queue,152,504,Abandoned,No,60,No,0,1
3480,2024-11-22 23:00:00,2024-11,Commercial,Portal,Billing,2033,Benefits Queue,64,225,Resolved,Yes,60,No,0,0
3481,2024-11-23 00:00:00,2024-11,Medicare,Phone,Billing,2005,Benefits Queue,118,168,Abandoned,Yes,30,No,0,1
3482,2024-11-23 01:00:00,2024-11,Medicaid,Phone,Claims Status,2020,Enrollment Queue,98,298,Resolved,Yes,30,No,0,0
3483,2024-11-23 02:00:00,2024-11,Medicaid,Phone,System Access,2019,Benefits Queue,28,504,Resolved,Yes,90,Yes,0,0
3484,2024-11-23 03:00:00,2024-11,Medicaid,IVR,Prior Authorization,2013,Benefits Queue,125,128,Escalated,Yes,60,No,1,0
3485,2024-11-23 04:00:00,2024-11,Medicare,IVR,Benefits Coverage,2025,Claims Queue,35,764,Resolved,Yes,90,Yes,0,0
3486,2024-11-23 05:00:00,2024-11,Medicaid,IVR,Provider Inquiry,2037,Benefits Queue,58,511,Resolved,No,30,No,0,0
3487,2024-11-23 06:00:00,2024-11,Medicare,IVR,Provider Inquiry,2014,Claims Queue,34,224,Abandoned,Yes,60,Yes,0,1
3488,2024-11-23 07:00:00,2024-11,Medicaid,Phone,Enrollment,2020,Benefits Queue,99,235,Resolved,Yes,60,No,0,0
3489,2024-11-23 08:00:00,2024-11,Medicare,IVR,Provider Inquiry,2058,Benefits Queue,165,421,Resolved,Yes,60,No,0,0
3490,2024-11-23 09:00:00,2024-11,Medicare,Phone,Billing,2035,Benefits Queue,53,206,Resolved,No,60,Yes,0,0
3491,2024-11-23 10:00:00,2024-11,Medicaid,Portal,Enrollment,2029,Enrollment Queue,81,221,Resolved,Yes,60,No,0,0
3492,2024-11-23 11:00:00,2024-11,Medicaid,Phone,Prior Authorization,2048,Enrollment Queue,89,682,Resolved,Yes,90,Yes,0,0
3493,2024-11-23 12:00:00,2024-11,Commercial,Phone,Claims Status,2052,Enrollment Queue,88,585,Resolved,No,30,No,0,0
3494,2024-11-23 13:00:00,2024-11,Commercial,Portal,System Access,2026,Claims Queue,38,69,Resolved,No,90,Yes,0,0
3495,2024-11-23 14:00:00,2024-11,Medicare,Phone,Provider Inquiry,2019,Claims Queue,57,826,Escalated,Yes,60,Yes,1,0
3496,2024-11-23 15:00:00,2024-11,Commercial,Phone,Provider Inquiry,2005,Enrollment Queue,107,336,Resolved,No,60,No,0,0
3497,2024-11-23 16:00:00,2024-11,Medicaid,Phone,Prior Authorization,2030,Enrollment Queue,172,227,Resolved,No,60,No,0,0
3498,2024-11-23 17:00:00,2024-11,Medicaid,Phone,Benefits Coverage,2022,Enrollment Queue,55,503,Resolved,Yes,90,Yes,0,0
3499,2024-11-23 18:00:00,2024-11,Medicare,Phone,Provider Inquiry,2039,Claims Queue,43,279,Resolved,Yes,60,Yes,0,0
3500,2024-11-23 19:00:00,2024-11,Medicaid,Phone,Billing,2053,Claims Queue,122,76,Resolved,Yes,90,No,0,0
3501,2024-11-23 20:00:00,2024-11,Medicare,Phone,System Access,2022,Enrollment Queue,31,538,Resolved,Yes,30,No,0,0
3502,2024-11-23 21:00:00,2024-11,Commercial,Phone,Benefits Coverage,2051,Claims Queue,25,308,Resolved,No,90,Yes,0,0
3503,2024-11-23 22:00:00,2024-11,Medicaid,Phone,Benefits Coverage,2015,Enrollment Queue,122,573,Resolved,No,30,No,0,0
3504,2024-11-23 23:00:00,2024-11,Medicaid,Phone,Benefits Coverage,2055,Enrollment Queue,227,256,Resolved,Yes,30,No,0,0
3505,2024-11-24 00:00:00,2024-11,Medicare,Portal,Claims Status,2002,Benefits Queue,35,67,Resolved,Yes,60,Yes,0,0
3506,2024-11-24 01:00:00,2024-11,Medicare,Phone,Billing,2005,Enrollment Queue,97,348,Resolved,Yes,90,No,0,0
3507,2024-11-24 02:00:00,2024-11,Medicaid,Phone,Prior Authorization,2018,Benefits Queue,219,640,Resolved,Yes,60,No,0,0
3508,2024-11-24 03:00:00,2024-11,Medicaid,Phone,Enrollment,2025,Claims Queue,63,204,Escalated,Yes,60,No,1,0
3509,2024-11-24 04:00:00,2024-11,Medicaid,IVR,Claims Status,2058,Benefits Queue,63,404,Resolved,Yes,60,No,0,0
3510,2024-11-24 05:00:00,2024-11,Medicaid,Phone,System Access,2059,Benefits Queue,137,525,Resolved,Yes,30,No,0,0
3511,2024-11-24 06:00:00,2024-11,Medicare,Phone,Enrollment,2040,Benefits Queue,159,140,Escalated,No,30,No,1,0
3512,2024-11-24 07:00:00,2024-11,Medicaid,Phone,Billing,2016,Enrollment Queue,49,371,Escalated,Yes,60,Yes,1,0
3513,2024-11-24 08:00:00,2024-11,Medicare,Phone,Claims Status,2035,Claims Queue,114,448,Resolved,Yes,60,No,0,0
3514,2024-11-24 09:00:00,2024-11,Medicare,Phone,Claims Status,2059,Claims Queue,89,369,Resolved,Yes,30,No,0,0
3515,2024-11-24 10:00:00,2024-11,Medicaid,Phone,Benefits Coverage,2059,Benefits Queue,150,486,Resolved,Yes,60,No,0,0
3516,2024-11-24 11:00:00,2024-11,Medicare,IVR,Billing,2024,Claims Queue,166,468,Resolved,Yes,60,No,0,0
3517,2024-11-24 12:00:00,2024-11,Medicaid,Phone,Billing,2043,Enrollment Queue,124,134,Resolved,Yes,30,No,0,0
3518,2024-11-24 13:00:00,2024-11,Medicare,Phone,Prior Authorization,2018,Claims Queue,225,288,Resolved,No,30,No,0,0
3519,2024-11-24 14:00:00,2024-11,Medicaid,Portal,Billing,2056,Enrollment Queue,90,285,Escalated,Yes,60,No,1,0
3520,2024-11-24 15:00:00,2024-11,Medicare,Phone,Provider Inquiry,2034,Claims Queue,31,244,Resolved,Yes,90,Yes,0,0
3521,2024-11-24 16:00:00,2024-11,Medicaid,Phone,Benefits Coverage,2024,Enrollment Queue,100,380,Resolved,No,30,No,0,0
3522,2024-11-24 17:00:00,2024-11,Medicare,Portal,Prior Authorization,2001,Benefits Queue,118,418,Abandoned,Yes,60,No,0,1
3523,2024-11-24 18:00:00,2024-11,Medicare,Portal,Provider Inquiry,2016,Benefits Queue,51,409,Resolved,Yes,90,Yes,0,0
3524,2024-11-24 19:00:00,2024-11,Medicare,Phone,System Access,2048,Enrollment Queue,81,872,Resolved,Yes,30,No,0,0
3525,2024-11-24 20:00:00,2024-11,Medicaid,Phone,System Access,2022,Claims Queue,20,277,Resolved,No,30,Yes,0,0
3526,2024-11-24 21:00:00,2024-11,Medicaid,Phone,Claims Status,2028,Enrollment Queue,73,700,Escalated,Yes,60,No,1,0
3527,2024-11-24 22:00:00,2024-11,Commercial,Phone,Prior Authorization,2030,Claims Queue,96,231,Resolved,No,60,No,0,0
3528,2024-11-24 23:00:00,2024-11,Medicaid,Phone,Provider Inquiry,2050,Claims Queue,28,482,Resolved,Yes,60,Yes,0,0
3529,2024-11-25 00:00:00,2024-11,Commercial,Phone,Benefits Coverage,2043,Enrollment Queue,28,197,Resolved,Yes,60,Yes,0,0
3530,2024-11-25 01:00:00,2024-11,Medicare,Phone,Benefits Coverage,2029,Claims Queue,305,215,Resolved,No,30,No,0,0
3531,2024-11-25 02:00:00,2024-11,Medicare,Phone,Provider Inquiry,2005,Benefits Queue,80,276,Escalated,No,90,Yes,1,0
3532,2024-11-25 03:00:00,2024-11,Medicaid,IVR,Enrollment,2013,Benefits Queue,88,255,Resolved,Yes,30,No,0,0
3533,2024-11-25 04:00:00,2024-11,Medicare,Phone,Billing,2037,Claims Queue,66,297,Resolved,Yes,60,No,0,0
3534,2024-11-25 05:00:00,2024-11,Medicare,IVR,Enrollment,2045,Claims Queue,120,202,Resolved,Yes,60,No,0,0
3535,2024-11-25 06:00:00,2024-11,Medicaid,Phone,Prior Authorization,2047,Benefits Queue,230,344,Resolved,Yes,30,No,0,0
3536,2024-11-25 07:00:00,2024-11,Medicare,IVR,Prior Authorization,2011,Enrollment Queue,146,579,Resolved,No,90,No,0,0
3537,2024-11-25 08:00:00,2024-11,Commercial,Phone,System Access,2002,Benefits Queue,93,468,Resolved,Yes,60,No,0,0
3538,2024-11-25 09:00:00,2024-11,Commercial,Phone,Prior Authorization,2021,Benefits Queue,104,302,Resolved,Yes,30,No,0,0
3539,2024-11-25 10:00:00,2024-11,Medicaid,Phone,Claims Status,2007,Benefits Queue,145,247,Abandoned,No,60,No,0,1
3540,2024-11-25 11:00:00,2024-11,Commercial,Phone,Claims Status,2049,Enrollment Queue,80,303,Resolved,Yes,30,No,0,0
3541,2024-11-25 12:00:00,2024-11,Medicare,Phone,Enrollment,2057,Enrollment Queue,164,283,Abandoned,Yes,60,No,0,1
3542,2024-11-25 13:00:00,2024-11,Medicaid,IVR,Claims Status,2007,Benefits Queue,34,199,Resolved,Yes,90,Yes,0,0
3543,2024-11-25 14:00:00,2024-11,Medicare,Phone,Prior Authorization,2016,Enrollment Queue,15,904,Resolved,No,30,Yes,0,0
3544,2024-11-25 15:00:00,2024-11,Medicaid,Phone,Prior Authorization,2055,Claims Queue,140,243,Resolved,Yes,60,No,0,0
3545,2024-11-25 16:00:00,2024-11,Medicaid,Phone,Provider Inquiry,2059,Benefits Queue,136,445,Escalated,No,30,No,1,0
3546,2024-11-25 17:00:00,2024-11,Medicaid,Phone,Provider Inquiry,2036,Enrollment Queue,205,237,Resolved,No,60,No,0,0
3547,2024-11-25 18:00:00,2024-11,Medicare,Phone,System Access,2011,Claims Queue,93,475,Resolved,Yes,60,No,0,0
3548,2024-11-25 19:00:00,2024-11,Medicaid,IVR,Enrollment,2039,Benefits Queue,207,426,Abandoned,Yes,30,No,0,1
3549,2024-11-25 20:00:00,2024-11,Commercial,Phone,Enrollment,2023,Enrollment Queue,170,270,Escalated,Yes,30,No,1,0
3550,2024-11-25 21:00:00,2024-11,Commercial,Phone,Prior Authorization,2011,Claims Queue,90,238,Escalated,Yes,60,No,1,0
3551,2024-11-25 22:00:00,2024-11,Medicaid,Phone,Enrollment,2011,Benefits Queue,55,631,Escalated,Yes,90,Yes,1,0
3552,2024-11-25 23:00:00,2024-11,Commercial,IVR,Claims Status,2022,Benefits Queue,75,188,Resolved,Yes,60,No,0,0
3553,2024-11-26 00:00:00,2024-11,Medicaid,Phone,Billing,2040,Enrollment Queue,317,136,Abandoned,Yes,30,No,0,1
3554,2024-11-26 01:00:00,2024-11,Medicaid,Phone,Enrollment,2010,Enrollment Queue,144,85,Resolved,Yes,30,No,0,0
3555,2024-11-26 02:00:00,2024-11,Medicare,IVR,Claims Status,2036,Enrollment Queue,65,352,Resolved,Yes,90,Yes,0,0
3556,2024-11-26 03:00:00,2024-11,Medicaid,Phone,Provider Inquiry,2038,Enrollment Queue,23,584,Resolved,No,90,Yes,0,0
3557,2024-11-26 04:00:00,2024-11,Medicaid,Phone,Billing,2057,Benefits Queue,287,191,Abandoned,Yes,30,No,0,1
3558,2024-11-26 05:00:00,2024-11,Medicaid,Portal,Benefits Coverage,2007,Claims Queue,7,154,Resolved,Yes,90,Yes,0,0
3559,2024-11-26 06:00:00,2024-11,Medicaid,Phone,Enrollment,2005,Benefits Queue,43,351,Resolved,No,60,Yes,0,0
3560,2024-11-26 07:00:00,2024-11,Medicaid,IVR,Claims Status,2054,Benefits Queue,165,456,Escalated,No,60,No,1,0
3561,2024-11-26 08:00:00,2024-11,Medicare,Phone,Billing,2036,Enrollment Queue,47,288,Resolved,Yes,30,No,0,0
3562,2024-11-26 09:00:00,2024-11,Medicaid,Phone,Prior Authorization,2025,Enrollment Queue,36,228,Abandoned,No,30,No,0,1
3563,2024-11-26 10:00:00,2024-11,Medicaid,Phone,Billing,2015,Benefits Queue,12,406,Escalated,Yes,60,Yes,1,0
3564,2024-11-26 11:00:00,2024-11,Commercial,IVR,System Access,2055,Enrollment Queue,55,407,Escalated,Yes,90,Yes,1,0
3565,2024-11-26 12:00:00,2024-11,Medicare,Phone,Provider Inquiry,2018,Claims Queue,89,344,Resolved,No,30,No,0,0
3566,2024-11-26 13:00:00,2024-11,Medicaid,Portal,Enrollment,2044,Enrollment Queue,46,43,Resolved,No,60,Yes,0,0
3567,2024-11-26 14:00:00,2024-11,Medicaid,Phone,Enrollment,2027,Enrollment Queue,46,337,Resolved,Yes,60,Yes,0,0
3568,2024-11-26 15:00:00,2024-11,Commercial,Portal,Prior Authorization,2056,Claims Queue,100,381,Abandoned,Yes,60,No,0,1
3569,2024-11-26 16:00:00,2024-11,Medicaid,Portal,System Access,2031,Enrollment Queue,31,411,Resolved,Yes,90,Yes,0,0
3570,2024-11-26 17:00:00,2024-11,Medicare,IVR,Enrollment,2051,Enrollment Queue,116,568,Resolved,Yes,90,No,0,0
3571,2024-11-26 18:00:00,2024-11,Medicaid,Phone,Benefits Coverage,2014,Claims Queue,86,380,Resolved,Yes,90,Yes,0,0
3572,2024-11-26 19:00:00,2024-11,Medicare,IVR,Prior Authorization,2007,Enrollment Queue,42,174,Resolved,No,90,Yes,0,0
3573,2024-11-26 20:00:00,2024-11,Medicare,Phone,Billing,2017,Claims Queue,51,253,Resolved,Yes,90,Yes,0,0
3574,2024-11-26 21:00:00,2024-11,Commercial,Phone,Prior Authorization,2012,Claims Queue,33,641,Resolved,Yes,60,Yes,0,0
3575,2024-11-26 22:00:00,2024-11,Commercial,Phone,System Access,2051,Enrollment Queue,60,555,Resolved,Yes,90,Yes,0,0
3576,2024-11-26 23:00:00,2024-11,Medicare,IVR,System Access,2033,Claims Queue,194,322,Resolved,Yes,90,No,0,0
3577,2024-11-27 00:00:00,2024-11,Medicare,Phone,Claims Status,2026,Claims Queue,166,919,Escalated,Yes,90,No,1,0
3578,2024-11-27 01:00:00,2024-11,Medicare,Portal,Claims Status,2038,Enrollment Queue,58,675,Escalated,Yes,30,No,1,0
3579,2024-11-27 02:00:00,2024-11,Commercial,Phone,Prior Authorization,2004,Enrollment Queue,345,228,Abandoned,No,30,No,0,1
3580,2024-11-27 03:00:00,2024-11,Medicare,IVR,Prior Authorization,2042,Claims Queue,60,532,Resolved,Yes,30,No,0,0
3581,2024-11-27 04:00:00,2024-11,Medicare,Phone,Enrollment,2056,Benefits Queue,34,542,Resolved,No,30,No,0,0
3582,2024-11-27 05:00:00,2024-11,Commercial,Portal,Billing,2052,Claims Queue,149,201,Abandoned,Yes,30,No,0,1
3583,2024-11-27 06:00:00,2024-11,Medicaid,Phone,System Access,2057,Enrollment Queue,53,160,Resolved,Yes,30,No,0,0
3584,2024-11-27 07:00:00,2024-11,Commercial,Phone,Billing,2009,Benefits Queue,15,336,Resolved,Yes,60,Yes,0,0
3585,2024-11-27 08:00:00,2024-11,Medicare,Phone,Billing,2037,Enrollment Queue,56,872,Resolved,Yes,60,Yes,0,0
3586,2024-11-27 09:00:00,2024-11,Medicaid,Phone,Billing,2010,Benefits Queue,104,421,Resolved,Yes,30,No,0,0
3587,2024-11-27 10:00:00,2024-11,Medicare,IVR,Enrollment,2008,Benefits Queue,60,562,Resolved,Yes,30,No,0,0
3588,2024-11-27 11:00:00,2024-11,Medicaid,Phone,Claims Status,2036,Benefits Queue,193,619,Escalated,No,60,No,1,0
3589,2024-11-27 12:00:00,2024-11,Medicaid,Portal,Enrollment,2010,Enrollment Queue,56,292,Resolved,No,90,Yes,0,0
3590,2024-11-27 13:00:00,2024-11,Commercial,IVR,Prior Authorization,2037,Enrollment Queue,18,299,Resolved,Yes,30,Yes,0,0
3591,2024-11-27 14:00:00,2024-11,Commercial,Phone,Benefits Coverage,2050,Benefits Queue,45,185,Resolved,No,30,No,0,0
3592,2024-11-27 15:00:00,2024-11,Medicaid,Phone,Prior Authorization,2005,Benefits Queue,106,176,Resolved,No,60,No,0,0
3593,2024-11-27 16:00:00,2024-11,Medicaid,Phone,Enrollment,2007,Claims Queue,260,428,Resolved,No,30,No,0,0
3594,2024-11-27 17:00:00,2024-11,Medicaid,Portal,Enrollment,2001,Benefits Queue,72,176,Resolved,Yes,60,No,0,0
3595,2024-11-27 18:00:00,2024-11,Commercial,IVR,Prior Authorization,2021,Claims Queue,167,677,Resolved,Yes,60,No,0,0
3596,2024-11-27 19:00:00,2024-11,Medicaid,Phone,Billing,2055,Enrollment Queue,100,670,Resolved,No,60,No,0,0
3597,2024-11-27 20:00:00,2024-11,Medicare,Phone,Prior Authorization,2054,Enrollment Queue,133,714,Resolved,Yes,30,No,0,0
3598,2024-11-27 21:00:00,2024-11,Commercial,Phone,Prior Authorization,2024,Enrollment Queue,94,410,Resolved,No,60,No,0,0
3599,2024-11-27 22:00:00,2024-11,Medicare,Portal,Provider Inquiry,2006,Enrollment Queue,48,342,Resolved,Yes,30,No,0,0
3600,2024-11-27 23:00:00,2024-11,Commercial,Phone,Enrollment,2016,Benefits Queue,125,251,Resolved,Yes,30,No,0,0
3601,2024-11-28 00:00:00,2024-11,Medicaid,Phone,Benefits Coverage,2051,Claims Queue,86,815,Escalated,Yes,30,No,1,0
3602,2024-11-28 01:00:00,2024-11,Medicare,Phone,System Access,2030,Claims Queue,58,52,Resolved,Yes,30,No,0,0
3603,2024-11-28 02:00:00,2024-11,Medicaid,IVR,Claims Status,2024,Enrollment Queue,134,426,Resolved,No,30,No,0,0
3604,2024-11-28 03:00:00,2024-11,Medicare,IVR,System Access,2006,Enrollment Queue,66,352,Resolved,Yes,30,No,0,0
3605,2024-11-28 04:00:00,2024-11,Medicare,IVR,Enrollment,2023,Benefits Queue,179,170,Escalated,Yes,60,No,1,0
3606,2024-11-28 05:00:00,2024-11,Medicaid,Phone,Enrollment,2024,Benefits Queue,88,179,Resolved,No,60,No,0,0
3607,2024-11-28 06:00:00,2024-11,Commercial,Phone,Billing,2049,Enrollment Queue,24,462,Escalated,Yes,90,Yes,1,0
3608,2024-11-28 07:00:00,2024-11,Commercial,Phone,Claims Status,2018,Benefits Queue,144,222,Resolved,No,30,No,0,0
3609,2024-11-28 08:00:00,2024-11,Medicaid,Phone,Provider Inquiry,2025,Claims Queue,139,291,Resolved,No,30,No,0,0
3610,2024-11-28 09:00:00,2024-11,Medicare,Portal,Billing,2004,Enrollment Queue,121,279,Resolved,No,60,No,0,0
3611,2024-11-28 10:00:00,2024-11,Medicaid,Phone,Enrollment,2025,Benefits Queue,262,518,Escalated,Yes,90,No,1,0
3612,2024-11-28 11:00:00,2024-11,Medicaid,Portal,Prior Authorization,2012,Claims Queue,118,356,Resolved,No,90,No,0,0
3613,2024-11-28 12:00:00,2024-11,Medicare,Phone,Provider Inquiry,2036,Benefits Queue,13,278,Escalated,No,30,Yes,1,0
3614,2024-11-28 13:00:00,2024-11,Medicaid,Phone,Benefits Coverage,2027,Claims Queue,93,417,Resolved,Yes,60,No,0,0
3615,2024-11-28 14:00:00,2024-11,Commercial,IVR,Enrollment,2027,Enrollment Queue,152,303,Escalated,Yes,60,No,1,0
3616,2024-11-28 15:00:00,2024-11,Medicaid,Phone,Billing,2017,Benefits Queue,76,116,Resolved,Yes,60,No,0,0
3617,2024-11-28 16:00:00,2024-11,Medicare,Phone,Enrollment,2017,Enrollment Queue,61,278,Resolved,Yes,60,No,0,0
3618,2024-11-28 17:00:00,2024-11,Medicaid,Phone,Billing,2052,Enrollment Queue,28,394,Resolved,Yes,30,Yes,0,0
3619,2024-11-28 18:00:00,2024-11,Medicaid,IVR,Prior Authorization,2039,Enrollment Queue,85,226,Resolved,Yes,60,No,0,0
3620,2024-11-28 19:00:00,2024-11,Commercial,Phone,Claims Status,2032,Claims Queue,53,55,Resolved,Yes,30,No,0,0
3621,2024-11-28 20:00:00,2024-11,Medicaid,Phone,Billing,2015,Enrollment Queue,61,481,Resolved,Yes,30,No,0,0
3622,2024-11-28 21:00:00,2024-11,Commercial,Phone,Billing,2033,Benefits Queue,94,433,Resolved,Yes,30,No,0,0
3623,2024-11-28 22:00:00,2024-11,Commercial,Phone,Enrollment,2051,Enrollment Queue,26,420,Resolved,Yes,30,Yes,0,0
3624,2024-11-28 23:00:00,2024-11,Medicaid,Portal,Claims Status,2030,Enrollment Queue,86,479,Resolved,Yes,30,No,0,0
3625,2024-11-29 00:00:00,2024-11,Medicaid,Phone,Prior Authorization,2005,Benefits Queue,12,491,Abandoned,Yes,60,Yes,0,1
3626,2024-11-29 01:00:00,2024-11,Commercial,IVR,Billing,2034,Enrollment Queue,46,269,Resolved,No,60,Yes,0,0
3627,2024-11-29 02:00:00,2024-11,Commercial,Portal,Benefits Coverage,2033,Benefits Queue,82,141,Resolved,Yes,30,No,0,0
3628,2024-11-29 03:00:00,2024-11,Medicaid,Phone,Billing,2018,Claims Queue,119,304,Resolved,Yes,30,No,0,0
3629,2024-11-29 04:00:00,2024-11,Medicaid,Phone,Enrollment,2008,Claims Queue,56,692,Abandoned,Yes,30,No,0,1
3630,2024-11-29 05:00:00,2024-11,Commercial,Phone,System Access,2050,Enrollment Queue,240,235,Resolved,Yes,30,No,0,0
3631,2024-11-29 06:00:00,2024-11,Medicare,IVR,Claims Status,2015,Benefits Queue,57,961,Resolved,No,60,Yes,0,0
3632,2024-11-29 07:00:00,2024-11,Medicaid,IVR,Claims Status,2004,Enrollment Queue,66,254,Resolved,Yes,90,Yes,0,0
3633,2024-11-29 08:00:00,2024-11,Medicaid,IVR,Enrollment,2019,Benefits Queue,67,254,Resolved,Yes,60,No,0,0
3634,2024-11-29 09:00:00,2024-11,Medicare,IVR,System Access,2011,Claims Queue,289,570,Resolved,No,30,No,0,0
3635,2024-11-29 10:00:00,2024-11,Commercial,Phone,Billing,2046,Enrollment Queue,209,115,Escalated,Yes,90,No,1,0
3636,2024-11-29 11:00:00,2024-11,Medicaid,Phone,Prior Authorization,2056,Claims Queue,4,617,Resolved,Yes,60,Yes,0,0
3637,2024-11-29 12:00:00,2024-11,Medicare,Phone,Benefits Coverage,2023,Enrollment Queue,70,166,Resolved,Yes,30,No,0,0
3638,2024-11-29 13:00:00,2024-11,Medicaid,Portal,System Access,2003,Claims Queue,270,204,Resolved,Yes,60,No,0,0
3639,2024-11-29 14:00:00,2024-11,Medicare,Phone,System Access,2038,Claims Queue,97,229,Resolved,Yes,60,No,0,0
3640,2024-11-29 15:00:00,2024-11,Medicaid,Phone,Provider Inquiry,2055,Benefits Queue,42,215,Resolved,Yes,30,No,0,0
3641,2024-11-29 16:00:00,2024-11,Medicare,Phone,Benefits Coverage,2021,Claims Queue,63,231,Resolved,No,30,No,0,0
3642,2024-11-29 17:00:00,2024-11,Medicaid,Phone,System Access,2028,Benefits Queue,21,600,Escalated,Yes,30,Yes,1,0
3643,2024-11-29 18:00:00,2024-11,Commercial,Phone,Provider Inquiry,2023,Benefits Queue,195,336,Resolved,No,60,No,0,0
3644,2024-11-29 19:00:00,2024-11,Commercial,Portal,Prior Authorization,2036,Enrollment Queue,149,387,Resolved,Yes,30,No,0,0
3645,2024-11-29 20:00:00,2024-11,Medicare,Phone,Enrollment,2021,Claims Queue,97,370,Abandoned,Yes,60,No,0,1
3646,2024-11-29 21:00:00,2024-11,Medicaid,Phone,Provider Inquiry,2043,Claims Queue,26,288,Resolved,Yes,30,Yes,0,0
3647,2024-11-29 22:00:00,2024-11,Medicare,Phone,Enrollment,2049,Benefits Queue,323,418,Escalated,Yes,30,No,1,0
3648,2024-11-29 23:00:00,2024-11,Medicaid,Phone,Prior Authorization,2043,Claims Queue,50,333,Resolved,Yes,90,Yes,0,0
3649,2024-11-30 00:00:00,2024-11,Medicaid,Phone,Provider Inquiry,2017,Enrollment Queue,77,240,Resolved,Yes,90,Yes,0,0
3650,2024-11-30 01:00:00,2024-11,Medicare,Phone,Enrollment,2015,Enrollment Queue,63,419,Resolved,Yes,30,No,0,0
3651,2024-11-30 02:00:00,2024-11,Medicare,Portal,Provider Inquiry,2009,Benefits Queue,237,240,Resolved,No,60,No,0,0
3652,2024-11-30 03:00:00,2024-11,Medicare,IVR,Claims Status,2004,Enrollment Queue,74,491,Resolved,Yes,90,Yes,0,0
3653,2024-11-30 04:00:00,2024-11,Medicaid,Phone,Prior Authorization,2012,Claims Queue,89,285,Abandoned,Yes,30,No,0,1
3654,2024-11-30 05:00:00,2024-11,Commercial,Portal,Benefits Coverage,2006,Benefits Queue,131,318,Escalated,Yes,60,No,1,0
3655,2024-11-30 06:00:00,2024-11,Medicare,IVR,Claims Status,2032,Enrollment Queue,36,580,Resolved,Yes,30,No,0,0
3656,2024-11-30 07:00:00,2024-11,Medicaid,IVR,Prior Authorization,2044,Claims Queue,19,415,Resolved,Yes,60,Yes,0,0
3657,2024-11-30 08:00:00,2024-11,Medicare,Phone,Billing,2031,Enrollment Queue,67,187,Escalated,Yes,90,Yes,1,0
3658,2024-11-30 09:00:00,2024-11,Commercial,Phone,System Access,2016,Claims Queue,78,472,Abandoned,Yes,60,No,0,1
3659,2024-11-30 10:00:00,2024-11,Medicaid,Phone,Provider Inquiry,2051,Enrollment Queue,98,156,Resolved,Yes,30,No,0,0
3660,2024-11-30 11:00:00,2024-11,Commercial,Phone,Enrollment,2026,Benefits Queue,204,92,Escalated,Yes,60,No,1,0
3661,2024-11-30 12:00:00,2024-11,Commercial,Portal,Provider Inquiry,2019,Benefits Queue,47,378,Resolved,Yes,30,No,0,0
3662,2024-11-30 13:00:00,2024-11,Commercial,Phone,Prior Authorization,2004,Enrollment Queue,92,1563,Resolved,Yes,60,No,0,0
3663,2024-11-30 14:00:00,2024-11,Medicare,IVR,Prior Authorization,2017,Enrollment Queue,81,483,Escalated,Yes,30,No,1,0
3664,2024-11-30 15:00:00,2024-11,Medicaid,Phone,Claims Status,2032,Claims Queue,45,92,Resolved,Yes,30,No,0,0
3665,2024-11-30 16:00:00,2024-11,Medicaid,Phone,Claims Status,2003,Claims Queue,119,585,Resolved,No,30,No,0,0
3666,2024-11-30 17:00:00,2024-11,Medicare,Phone,Benefits Coverage,2014,Claims Queue,146,158,Resolved,Yes,60,No,0,0
3667,2024-11-30 18:00:00,2024-11,Medicaid,Phone,Claims Status,2036,Enrollment Queue,58,341,Abandoned,Yes,30,No,0,1
3668,2024-11-30 19:00:00,2024-11,Medicare,Phone,Provider Inquiry,2028,Enrollment Queue,175,397,Resolved,No,30,No,0,0
3669,2024-11-30 20:00:00,2024-11,Medicare,Phone,Enrollment,2023,Benefits Queue,7,334,Abandoned,Yes,30,Yes,0,1
3670,2024-11-30 21:00:00,2024-11,Commercial,Phone,Provider Inquiry,2045,Benefits Queue,47,228,Resolved,Yes,60,Yes,0,0
3671,2024-11-30 22:00:00,2024-11,Commercial,Phone,Provider Inquiry,2020,Claims Queue,18,147,Abandoned,No,60,Yes,0,1
3672,2024-11-30 23:00:00,2024-11,Medicare,Phone,System Access,2040,Enrollment Queue,167,213,Resolved,Yes,30,No,0,0
3673,2024-12-01 00:00:00,2024-12,Medicare,IVR,System Access,2009,Claims Queue,183,79,Resolved,Yes,60,No,0,0
3674,2024-12-01 01:00:00,2024-12,Medicare,IVR,System Access,2014,Claims Queue,82,359,Resolved,Yes,60,No,0,0
3675,2024-12-01 02:00:00,2024-12,Medicare,IVR,Claims Status,2056,Benefits Queue,126,137,Resolved,Yes,90,No,0,0
3676,2024-12-01 03:00:00,2024-12,Medicaid,IVR,Provider Inquiry,2055,Enrollment Queue,85,139,Resolved,Yes,60,No,0,0
3677,2024-12-01 04:00:00,2024-12,Medicaid,Phone,Prior Authorization,2021,Benefits Queue,38,232,Resolved,Yes,60,Yes,0,0
3678,2024-12-01 05:00:00,2024-12,Medicare,Phone,Enrollment,2029,Enrollment Queue,39,595,Resolved,Yes,60,Yes,0,0
3679,2024-12-01 06:00:00,2024-12,Medicaid,Phone,Enrollment,2034,Benefits Queue,99,303,Resolved,Yes,90,No,0,0
3680,2024-12-01 07:00:00,2024-12,Medicaid,Phone,Prior Authorization,2047,Claims Queue,67,225,Resolved,No,60,No,0,0
3681,2024-12-01 08:00:00,2024-12,Medicaid,Phone,Enrollment,2049,Benefits Queue,193,370,Resolved,No,90,No,0,0
3682,2024-12-01 09:00:00,2024-12,Medicaid,Phone,Prior Authorization,2016,Claims Queue,89,1032,Resolved,No,30,No,0,0
3683,2024-12-01 10:00:00,2024-12,Medicare,IVR,Prior Authorization,2032,Claims Queue,58,308,Abandoned,Yes,30,No,0,1
3684,2024-12-01 11:00:00,2024-12,Medicaid,IVR,Claims Status,2021,Claims Queue,96,219,Resolved,Yes,90,No,0,0
3685,2024-12-01 12:00:00,2024-12,Medicaid,Phone,Provider Inquiry,2003,Benefits Queue,55,146,Escalated,Yes,90,Yes,1,0
3686,2024-12-01 13:00:00,2024-12,Medicare,Phone,Provider Inquiry,2002,Claims Queue,123,702,Abandoned,Yes,90,No,0,1
3687,2024-12-01 14:00:00,2024-12,Medicaid,Phone,Benefits Coverage,2032,Benefits Queue,128,220,Resolved,No,60,No,0,0
3688,2024-12-01 15:00:00,2024-12,Medicare,Phone,Prior Authorization,2010,Enrollment Queue,45,258,Resolved,Yes,90,Yes,0,0
3689,2024-12-01 16:00:00,2024-12,Medicare,Phone,System Access,2039,Benefits Queue,138,255,Resolved,Yes,60,No,0,0
3690,2024-12-01 17:00:00,2024-12,Medicaid,Portal,Provider Inquiry,2025,Benefits Queue,99,495,Escalated,No,30,No,1,0
3691,2024-12-01 18:00:00,2024-12,Medicare,IVR,Provider Inquiry,2043,Benefits Queue,32,180,Resolved,Yes,30,No,0,0
3692,2024-12-01 19:00:00,2024-12,Medicare,Phone,Claims Status,2020,Claims Queue,93,295,Resolved,Yes,60,No,0,0
3693,2024-12-01 20:00:00,2024-12,Commercial,Phone,System Access,2054,Benefits Queue,40,532,Resolved,No,60,Yes,0,0
3694,2024-12-01 21:00:00,2024-12,Commercial,IVR,Billing,2051,Claims Queue,121,215,Resolved,Yes,60,No,0,0
3695,2024-12-01 22:00:00,2024-12,Medicare,IVR,Benefits Coverage,2016,Enrollment Queue,65,879,Resolved,Yes,30,No,0,0
3696,2024-12-01 23:00:00,2024-12,Medicaid,Phone,Claims Status,2021,Enrollment Queue,80,112,Resolved,No,60,No,0,0
3697,2024-12-02 00:00:00,2024-12,Medicare,Phone,Prior Authorization,2002,Benefits Queue,157,64,Escalated,Yes,30,No,1,0
3698,2024-12-02 01:00:00,2024-12,Medicaid,Portal,Benefits Coverage,2025,Claims Queue,31,722,Resolved,No,60,Yes,0,0
3699,2024-12-02 02:00:00,2024-12,Medicare,IVR,System Access,2012,Enrollment Queue,61,370,Escalated,Yes,30,No,1,0
3700,2024-12-02 03:00:00,2024-12,Medicaid,IVR,Prior Authorization,2037,Enrollment Queue,143,666,Abandoned,Yes,90,No,0,1
3701,2024-12-02 04:00:00,2024-12,Medicaid,IVR,Billing,2048,Claims Queue,218,475,Resolved,Yes,60,No,0,0
3702,2024-12-02 05:00:00,2024-12,Medicare,Phone,Billing,2023,Enrollment Queue,8,432,Resolved,Yes,60,Yes,0,0
3703,2024-12-02 06:00:00,2024-12,Medicare,Phone,Billing,2024,Claims Queue,22,68,Resolved,No,30,Yes,0,0
3704,2024-12-02 07:00:00,2024-12,Medicare,Phone,System Access,2058,Enrollment Queue,146,669,Resolved,Yes,60,No,0,0
3705,2024-12-02 08:00:00,2024-12,Commercial,Phone,Provider Inquiry,2020,Enrollment Queue,92,199,Escalated,Yes,30,No,1,0
3706,2024-12-02 09:00:00,2024-12,Medicaid,Phone,Claims Status,2052,Claims Queue,127,173,Resolved,No,60,No,0,0
3707,2024-12-02 10:00:00,2024-12,Medicaid,Phone,Prior Authorization,2052,Benefits Queue,179,264,Resolved,Yes,60,No,0,0
3708,2024-12-02 11:00:00,2024-12,Medicare,IVR,Claims Status,2040,Claims Queue,52,361,Resolved,Yes,30,No,0,0
3709,2024-12-02 12:00:00,2024-12,Medicaid,Phone,Benefits Coverage,2023,Enrollment Queue,44,747,Resolved,No,90,Yes,0,0
3710,2024-12-02 13:00:00,2024-12,Medicare,Phone,Billing,2013,Claims Queue,31,885,Abandoned,Yes,60,Yes,0,1
3711,2024-12-02 14:00:00,2024-12,Medicaid,Phone,Prior Authorization,2059,Claims Queue,70,260,Resolved,No,60,No,0,0
3712,2024-12-02 15:00:00,2024-12,Medicare,IVR,Benefits Coverage,2024,Claims Queue,289,401,Resolved,Yes,30,No,0,0
3713,2024-12-02 16:00:00,2024-12,Medicaid,Phone,Prior Authorization,2007,Benefits Queue,39,495,Escalated,No,60,Yes,1,0
3714,2024-12-02 17:00:00,2024-12,Medicaid,Phone,Claims Status,2037,Claims Queue,219,341,Resolved,Yes,60,No,0,0
3715,2024-12-02 18:00:00,2024-12,Medicaid,Phone,Prior Authorization,2002,Claims Queue,75,231,Resolved,No,90,Yes,0,0
3716,2024-12-02 19:00:00,2024-12,Medicare,Phone,Enrollment,2058,Benefits Queue,35,183,Resolved,Yes,30,No,0,0
3717,2024-12-02 20:00:00,2024-12,Medicaid,Portal,System Access,2045,Enrollment Queue,95,378,Resolved,Yes,30,No,0,0
3718,2024-12-02 21:00:00,2024-12,Commercial,IVR,Prior Authorization,2044,Claims Queue,103,355,Abandoned,Yes,30,No,0,1
3719,2024-12-02 22:00:00,2024-12,Medicaid,Portal,Enrollment,2035,Benefits Queue,51,141,Resolved,Yes,30,No,0,0
3720,2024-12-02 23:00:00,2024-12,Medicaid,Phone,Billing,2013,Benefits Queue,182,544,Resolved,No,90,No,0,0
3721,2024-12-03 00:00:00,2024-12,Medicaid,Phone,Billing,2005,Benefits Queue,120,936,Resolved,Yes,60,No,0,0
3722,2024-12-03 01:00:00,2024-12,Medicare,Phone,Billing,2023,Claims Queue,199,369,Abandoned,Yes,60,No,0,1
3723,2024-12-03 02:00:00,2024-12,Medicaid,Phone,Provider Inquiry,2023,Claims Queue,82,286,Resolved,No,60,No,0,0
3724,2024-12-03 03:00:00,2024-12,Medicare,Phone,Provider Inquiry,2028,Enrollment Queue,46,210,Resolved,Yes,60,Yes,0,0
3725,2024-12-03 04:00:00,2024-12,Medicare,IVR,Claims Status,2047,Claims Queue,130,462,Resolved,No,60,No,0,0
3726,2024-12-03 05:00:00,2024-12,Medicare,Phone,Claims Status,2032,Enrollment Queue,145,548,Abandoned,No,60,No,0,1
3727,2024-12-03 06:00:00,2024-12,Commercial,IVR,System Access,2047,Benefits Queue,31,223,Escalated,Yes,30,No,1,0
3728,2024-12-03 07:00:00,2024-12,Medicare,Phone,Prior Authorization,2059,Benefits Queue,193,301,Resolved,No,90,No,0,0
3729,2024-12-03 08:00:00,2024-12,Medicaid,IVR,Enrollment,2034,Claims Queue,32,607,Resolved,No,60,Yes,0,0
3730,2024-12-03 09:00:00,2024-12,Medicaid,Phone,Prior Authorization,2023,Enrollment Queue,114,795,Resolved,Yes,60,No,0,0
3731,2024-12-03 10:00:00,2024-12,Medicare,IVR,Claims Status,2059,Benefits Queue,102,621,Escalated,No,60,No,1,0
3732,2024-12-03 11:00:00,2024-12,Medicaid,IVR,Billing,2030,Enrollment Queue,94,199,Escalated,Yes,30,No,1,0
3733,2024-12-03 12:00:00,2024-12,Medicaid,Phone,Enrollment,2047,Enrollment Queue,56,801,Escalated,No,30,No,1,0
3734,2024-12-03 13:00:00,2024-12,Medicare,Phone,Benefits Coverage,2033,Enrollment Queue,73,537,Escalated,No,90,Yes,1,0
3735,2024-12-03 14:00:00,2024-12,Medicare,Portal,Enrollment,2041,Enrollment Queue,174,680,Resolved,Yes,30,No,0,0
3736,2024-12-03 15:00:00,2024-12,Medicare,Phone,Claims Status,2008,Claims Queue,138,570,Resolved,Yes,60,No,0,0
3737,2024-12-03 16:00:00,2024-12,Commercial,Phone,Prior Authorization,2007,Enrollment Queue,32,690,Resolved,No,30,No,0,0
3738,2024-12-03 17:00:00,2024-12,Medicare,Phone,Benefits Coverage,2020,Enrollment Queue,17,52,Escalated,Yes,90,Yes,1,0
3739,2024-12-03 18:00:00,2024-12,Medicaid,IVR,Enrollment,2058,Benefits Queue,89,368,Escalated,Yes,30,No,1,0
3740,2024-12-03 19:00:00,2024-12,Commercial,Phone,Claims Status,2051,Enrollment Queue,115,554,Resolved,Yes,60,No,0,0
3741,2024-12-03 20:00:00,2024-12,Medicaid,Portal,Benefits Coverage,2049,Benefits Queue,38,874,Resolved,No,30,No,0,0
3742,2024-12-03 21:00:00,2024-12,Medicaid,Phone,Enrollment,2052,Enrollment Queue,339,171,Escalated,Yes,90,No,1,0
3743,2024-12-03 22:00:00,2024-12,Medicaid,Portal,System Access,2008,Enrollment Queue,85,487,Abandoned,No,60,No,0,1
3744,2024-12-03 23:00:00,2024-12,Medicare,Phone,Provider Inquiry,2027,Benefits Queue,78,556,Resolved,Yes,60,No,0,0
3745,2024-12-04 00:00:00,2024-12,Medicare,Phone,Prior Authorization,2001,Benefits Queue,53,277,Escalated,Yes,30,No,1,0
3746,2024-12-04 01:00:00,2024-12,Medicaid,Phone,Claims Status,2041,Claims Queue,106,454,Escalated,Yes,30,No,1,0
3747,2024-12-04 02:00:00,2024-12,Commercial,Phone,Prior Authorization,2010,Enrollment Queue,44,699,Resolved,Yes,60,Yes,0,0
3748,2024-12-04 03:00:00,2024-12,Medicaid,IVR,Provider Inquiry,2051,Enrollment Queue,62,478,Resolved,Yes,30,No,0,0
3749,2024-12-04 04:00:00,2024-12,Commercial,IVR,Enrollment,2014,Enrollment Queue,160,213,Resolved,No,30,No,0,0
3750,2024-12-04 05:00:00,2024-12,Medicare,IVR,Benefits Coverage,2014,Benefits Queue,95,374,Resolved,Yes,90,No,0,0
3751,2024-12-04 06:00:00,2024-12,Medicaid,Phone,Prior Authorization,2045,Claims Queue,36,204,Resolved,Yes,60,Yes,0,0
3752,2024-12-04 07:00:00,2024-12,Medicaid,Portal,Benefits Coverage,2023,Claims Queue,84,114,Escalated,Yes,30,No,1,0
3753,2024-12-04 08:00:00,2024-12,Medicaid,Phone,Prior Authorization,2020,Benefits Queue,159,197,Abandoned,No,30,No,0,1
3754,2024-12-04 09:00:00,2024-12,Medicare,Phone,Claims Status,2054,Benefits Queue,64,418,Resolved,Yes,60,No,0,0
3755,2024-12-04 10:00:00,2024-12,Medicaid,Phone,Provider Inquiry,2044,Benefits Queue,58,266,Resolved,Yes,30,No,0,0
3756,2024-12-04 11:00:00,2024-12,Commercial,Phone,Claims Status,2031,Enrollment Queue,73,617,Resolved,No,30,No,0,0
3757,2024-12-04 12:00:00,2024-12,Medicaid,IVR,Benefits Coverage,2003,Claims Queue,97,233,Resolved,Yes,60,No,0,0
3758,2024-12-04 13:00:00,2024-12,Commercial,Phone,Benefits Coverage,2040,Benefits Queue,196,84,Escalated,Yes,60,No,1,0
3759,2024-12-04 14:00:00,2024-12,Medicaid,Phone,Prior Authorization,2057,Enrollment Queue,94,450,Abandoned,Yes,30,No,0,1
3760,2024-12-04 15:00:00,2024-12,Medicaid,Phone,Prior Authorization,2045,Benefits Queue,39,471,Resolved,Yes,90,Yes,0,0
3761,2024-12-04 16:00:00,2024-12,Medicare,IVR,Claims Status,2019,Enrollment Queue,280,281,Resolved,Yes,60,No,0,0
3762,2024-12-04 17:00:00,2024-12,Medicare,IVR,Benefits Coverage,2018,Enrollment Queue,45,289,Escalated,Yes,60,Yes,1,0
3763,2024-12-04 18:00:00,2024-12,Medicaid,Portal,Billing,2054,Claims Queue,13,440,Resolved,Yes,90,Yes,0,0
3764,2024-12-04 19:00:00,2024-12,Medicaid,IVR,Benefits Coverage,2043,Enrollment Queue,82,220,Abandoned,Yes,30,No,0,1
3765,2024-12-04 20:00:00,2024-12,Medicaid,Phone,Prior Authorization,2040,Claims Queue,131,497,Escalated,Yes,60,No,1,0
3766,2024-12-04 21:00:00,2024-12,Medicaid,Portal,Billing,2056,Claims Queue,71,235,Escalated,Yes,30,No,1,0
3767,2024-12-04 22:00:00,2024-12,Medicare,Portal,System Access,2031,Benefits Queue,73,316,Resolved,Yes,30,No,0,0
3768,2024-12-04 23:00:00,2024-12,Medicare,Phone,Provider Inquiry,2023,Claims Queue,62,330,Resolved,Yes,60,No,0,0
3769,2024-12-05 00:00:00,2024-12,Medicaid,Phone,Provider Inquiry,2019,Enrollment Queue,46,349,Abandoned,No,30,No,0,1
3770,2024-12-05 01:00:00,2024-12,Medicaid,IVR,Provider Inquiry,2054,Enrollment Queue,125,303,Resolved,No,60,No,0,0
3771,2024-12-05 02:00:00,2024-12,Commercial,Phone,System Access,2045,Enrollment Queue,160,493,Resolved,Yes,30,No,0,0
3772,2024-12-05 03:00:00,2024-12,Medicaid,IVR,Enrollment,2008,Benefits Queue,145,326,Abandoned,No,60,No,0,1
3773,2024-12-05 04:00:00,2024-12,Medicare,Phone,System Access,2058,Claims Queue,147,499,Escalated,Yes,60,No,1,0
3774,2024-12-05 05:00:00,2024-12,Medicaid,Phone,Billing,2008,Enrollment Queue,64,72,Resolved,Yes,90,Yes,0,0
3775,2024-12-05 06:00:00,2024-12,Medicaid,Phone,Billing,2043,Benefits Queue,67,180,Resolved,Yes,30,No,0,0
3776,2024-12-05 07:00:00,2024-12,Medicare,Phone,Benefits Coverage,2022,Enrollment Queue,90,467,Resolved,Yes,90,Yes,0,0
3777,2024-12-05 08:00:00,2024-12,Medicaid,Phone,Claims Status,2009,Benefits Queue,29,232,Resolved,Yes,60,Yes,0,0
3778,2024-12-05 09:00:00,2024-12,Medicare,Phone,Billing,2011,Benefits Queue,80,181,Resolved,Yes,60,No,0,0
3779,2024-12-05 10:00:00,2024-12,Medicaid,Phone,Prior Authorization,2018,Enrollment Queue,72,249,Resolved,Yes,60,No,0,0
3780,2024-12-05 11:00:00,2024-12,Medicaid,IVR,System Access,2030,Enrollment Queue,111,185,Escalated,Yes,60,No,1,0
3781,2024-12-05 12:00:00,2024-12,Medicare,IVR,Prior Authorization,2047,Enrollment Queue,79,644,Resolved,No,30,No,0,0
3782,2024-12-05 13:00:00,2024-12,Medicare,Phone,Provider Inquiry,2008,Benefits Queue,67,289,Escalated,Yes,60,No,1,0
3783,2024-12-05 14:00:00,2024-12,Medicaid,IVR,Prior Authorization,2036,Enrollment Queue,89,129,Escalated,Yes,30,No,1,0
3784,2024-12-05 15:00:00,2024-12,Medicare,Portal,System Access,2045,Enrollment Queue,99,173,Resolved,Yes,30,No,0,0
3785,2024-12-05 16:00:00,2024-12,Medicare,Phone,Billing,2021,Claims Queue,102,320,Escalated,Yes,30,No,1,0
3786,2024-12-05 17:00:00,2024-12,Commercial,Phone,Claims Status,2047,Enrollment Queue,11,228,Resolved,Yes,60,Yes,0,0
3787,2024-12-05 18:00:00,2024-12,Medicare,Phone,Billing,2041,Claims Queue,44,544,Escalated,No,60,Yes,1,0
3788,2024-12-05 19:00:00,2024-12,Commercial,IVR,Billing,2055,Benefits Queue,186,352,Resolved,No,90,No,0,0
3789,2024-12-05 20:00:00,2024-12,Medicaid,Phone,Provider Inquiry,2014,Benefits Queue,69,283,Resolved,No,30,No,0,0
3790,2024-12-05 21:00:00,2024-12,Medicaid,IVR,Billing,2018,Benefits Queue,133,376,Resolved,Yes,60,No,0,0
3791,2024-12-05 22:00:00,2024-12,Medicaid,Phone,Benefits Coverage,2005,Enrollment Queue,152,396,Resolved,Yes,30,No,0,0
3792,2024-12-05 23:00:00,2024-12,Medicaid,Phone,Provider Inquiry,2018,Enrollment Queue,46,287,Resolved,No,30,No,0,0
3793,2024-12-06 00:00:00,2024-12,Medicaid,Portal,Benefits Coverage,2026,Benefits Queue,98,418,Resolved,Yes,30,No,0,0
3794,2024-12-06 01:00:00,2024-12,Medicaid,Portal,Prior Authorization,2003,Benefits Queue,25,300,Resolved,No,60,Yes,0,0
3795,2024-12-06 02:00:00,2024-12,Medicaid,Portal,System Access,2004,Claims Queue,87,285,Resolved,Yes,60,No,0,0
3796,2024-12-06 03:00:00,2024-12,Medicaid,Phone,Claims Status,2041,Benefits Queue,92,429,Escalated,Yes,30,No,1,0
3797,2024-12-06 04:00:00,2024-12,Medicaid,Phone,Claims Status,2047,Claims Queue,153,239,Escalated,Yes,90,No,1,0
3798,2024-12-06 05:00:00,2024-12,Medicaid,IVR,System Access,2042,Claims Queue,147,145,Resolved,Yes,60,No,0,0
3799,2024-12-06 06:00:00,2024-12,Commercial,Phone,Billing,2036,Benefits Queue,61,320,Resolved,Yes,30,No,0,0
3800,2024-12-06 07:00:00,2024-12,Medicare,Phone,Claims Status,2037,Claims Queue,72,784,Resolved,Yes,60,No,0,0
3801,2024-12-06 08:00:00,2024-12,Medicaid,Portal,System Access,2038,Benefits Queue,126,205,Resolved,Yes,60,No,0,0
3802,2024-12-06 09:00:00,2024-12,Medicaid,Phone,System Access,2035,Claims Queue,39,339,Escalated,Yes,60,Yes,1,0
3803,2024-12-06 10:00:00,2024-12,Medicare,IVR,Enrollment,2044,Claims Queue,92,214,Resolved,Yes,90,No,0,0
3804,2024-12-06 11:00:00,2024-12,Medicaid,Phone,Billing,2005,Benefits Queue,132,292,Resolved,Yes,60,No,0,0
3805,2024-12-06 12:00:00,2024-12,Medicare,IVR,System Access,2047,Claims Queue,29,487,Abandoned,Yes,60,Yes,0,1
3806,2024-12-06 13:00:00,2024-12,Medicare,Portal,Enrollment,2014,Enrollment Queue,64,240,Resolved,No,30,No,0,0
3807,2024-12-06 14:00:00,2024-12,Medicaid,Phone,Enrollment,2056,Enrollment Queue,154,155,Resolved,No,30,No,0,0
3808,2024-12-06 15:00:00,2024-12,Medicare,IVR,System Access,2048,Benefits Queue,9,223,Resolved,Yes,30,Yes,0,0
3809,2024-12-06 16:00:00,2024-12,Commercial,Phone,Claims Status,2050,Enrollment Queue,218,811,Escalated,Yes,60,No,1,0
3810,2024-12-06 17:00:00,2024-12,Medicare,Phone,Provider Inquiry,2031,Claims Queue,27,155,Resolved,No,90,Yes,0,0
3811,2024-12-06 18:00:00,2024-12,Medicaid,Phone,Provider Inquiry,2024,Benefits Queue,247,344,Resolved,Yes,60,No,0,0
3812,2024-12-06 19:00:00,2024-12,Medicaid,Phone,Enrollment,2004,Benefits Queue,50,421,Resolved,Yes,60,Yes,0,0
3813,2024-12-06 20:00:00,2024-12,Commercial,Phone,Claims Status,2023,Enrollment Queue,60,439,Resolved,Yes,60,Yes,0,0
3814,2024-12-06 21:00:00,2024-12,Commercial,IVR,System Access,2054,Claims Queue,114,191,Resolved,Yes,30,No,0,0
3815,2024-12-06 22:00:00,2024-12,Medicare,Phone,Provider Inquiry,2028,Claims Queue,73,441,Resolved,No,30,No,0,0
3816,2024-12-06 23:00:00,2024-12,Medicaid,Phone,Billing,2056,Claims Queue,27,303,Resolved,Yes,60,Yes,0,0
3817,2024-12-07 00:00:00,2024-12,Medicare,Portal,Benefits Coverage,2011,Enrollment Queue,95,131,Abandoned,No,60,No,0,1
3818,2024-12-07 01:00:00,2024-12,Commercial,Portal,System Access,2037,Enrollment Queue,25,219,Resolved,Yes,60,Yes,0,0
3819,2024-12-07 02:00:00,2024-12,Medicare,Phone,Billing,2052,Enrollment Queue,58,290,Abandoned,Yes,30,No,0,1
3820,2024-12-07 03:00:00,2024-12,Commercial,Phone,Billing,2010,Claims Queue,75,214,Resolved,Yes,90,Yes,0,0
3821,2024-12-07 04:00:00,2024-12,Medicare,Phone,Enrollment,2052,Benefits Queue,38,291,Resolved,Yes,60,Yes,0,0
3822,2024-12-07 05:00:00,2024-12,Medicaid,Phone,Claims Status,2043,Enrollment Queue,82,534,Escalated,Yes,30,No,1,0
3823,2024-12-07 06:00:00,2024-12,Medicaid,Phone,Claims Status,2057,Claims Queue,35,481,Resolved,Yes,30,No,0,0
3824,2024-12-07 07:00:00,2024-12,Commercial,IVR,System Access,2006,Claims Queue,91,643,Escalated,No,30,No,1,0
3825,2024-12-07 08:00:00,2024-12,Commercial,Phone,Claims Status,2014,Benefits Queue,71,283,Abandoned,Yes,30,No,0,1
3826,2024-12-07 09:00:00,2024-12,Commercial,Phone,Benefits Coverage,2040,Claims Queue,94,335,Escalated,No,30,No,1,0
3827,2024-12-07 10:00:00,2024-12,Medicaid,Phone,Benefits Coverage,2055,Enrollment Queue,42,165,Escalated,Yes,30,No,1,0
3828,2024-12-07 11:00:00,2024-12,Medicaid,IVR,Enrollment,2044,Enrollment Queue,106,262,Escalated,Yes,30,No,1,0
3829,2024-12-07 12:00:00,2024-12,Medicare,IVR,Claims Status,2023,Claims Queue,112,525,Escalated,Yes,60,No,1,0
3830,2024-12-07 13:00:00,2024-12,Medicaid,IVR,System Access,2005,Enrollment Queue,119,317,Abandoned,Yes,60,No,0,1
3831,2024-12-07 14:00:00,2024-12,Commercial,IVR,Provider Inquiry,2006,Benefits Queue,135,475,Resolved,Yes,30,No,0,0
3832,2024-12-07 15:00:00,2024-12,Medicare,IVR,Benefits Coverage,2003,Benefits Queue,175,144,Abandoned,No,60,No,0,1
3833,2024-12-07 16:00:00,2024-12,Medicare,Phone,Claims Status,2055,Claims Queue,79,288,Resolved,Yes,30,No,0,0
3834,2024-12-07 17:00:00,2024-12,Medicare,Phone,Prior Authorization,2013,Claims Queue,48,202,Resolved,Yes,60,Yes,0,0
3835,2024-12-07 18:00:00,2024-12,Medicaid,Phone,Benefits Coverage,2014,Benefits Queue,168,668,Resolved,Yes,90,No,0,0
3836,2024-12-07 19:00:00,2024-12,Commercial,Phone,Enrollment,2019,Enrollment Queue,56,204,Resolved,Yes,60,Yes,0,0
3837,2024-12-07 20:00:00,2024-12,Medicaid,Phone,System Access,2011,Benefits Queue,142,66,Resolved,No,60,No,0,0
3838,2024-12-07 21:00:00,2024-12,Medicare,Phone,Billing,2028,Enrollment Queue,76,636,Resolved,No,30,No,0,0
3839,2024-12-07 22:00:00,2024-12,Medicaid,IVR,Claims Status,2057,Benefits Queue,133,661,Resolved,Yes,60,No,0,0
3840,2024-12-07 23:00:00,2024-12,Medicare,Phone,Provider Inquiry,2019,Claims Queue,134,167,Resolved,Yes,60,No,0,0
3841,2024-12-08 00:00:00,2024-12,Medicare,Phone,Claims Status,2002,Enrollment Queue,71,298,Resolved,Yes,30,No,0,0
3842,2024-12-08 01:00:00,2024-12,Medicare,Phone,System Access,2033,Enrollment Queue,141,504,Resolved,Yes,90,No,0,0
3843,2024-12-08 02:00:00,2024-12,Medicaid,IVR,System Access,2021,Claims Queue,28,470,Resolved,No,30,Yes,0,0
3844,2024-12-08 03:00:00,2024-12,Medicaid,Phone,System Access,2053,Benefits Queue,216,331,Resolved,No,90,No,0,0
3845,2024-12-08 04:00:00,2024-12,Medicaid,Phone,Benefits Coverage,2019,Claims Queue,66,362,Resolved,Yes,30,No,0,0
3846,2024-12-08 05:00:00,2024-12,Medicaid,IVR,Enrollment,2029,Benefits Queue,31,670,Resolved,Yes,30,No,0,0
3847,2024-12-08 06:00:00,2024-12,Medicaid,Phone,Enrollment,2017,Claims Queue,118,747,Resolved,Yes,30,No,0,0
3848,2024-12-08 07:00:00,2024-12,Medicaid,Phone,Enrollment,2058,Enrollment Queue,216,338,Resolved,Yes,30,No,0,0
3849,2024-12-08 08:00:00,2024-12,Commercial,Portal,Claims Status,2026,Benefits Queue,118,218,Resolved,Yes,30,No,0,0
3850,2024-12-08 09:00:00,2024-12,Medicare,Phone,Enrollment,2002,Benefits Queue,141,413,Resolved,Yes,30,No,0,0
3851,2024-12-08 10:00:00,2024-12,Medicaid,Phone,System Access,2023,Enrollment Queue,138,415,Escalated,No,90,No,1,0
3852,2024-12-08 11:00:00,2024-12,Commercial,Phone,System Access,2046,Enrollment Queue,23,379,Resolved,Yes,90,Yes,0,0
3853,2024-12-08 12:00:00,2024-12,Commercial,Phone,Claims Status,2032,Benefits Queue,33,585,Escalated,Yes,30,No,1,0
3854,2024-12-08 13:00:00,2024-12,Medicare,Phone,Benefits Coverage,2027,Claims Queue,89,43,Resolved,No,60,No,0,0
3855,2024-12-08 14:00:00,2024-12,Medicaid,IVR,Enrollment,2052,Claims Queue,53,631,Escalated,Yes,60,Yes,1,0
3856,2024-12-08 15:00:00,2024-12,Commercial,Portal,Claims Status,2036,Enrollment Queue,90,132,Resolved,Yes,30,No,0,0
3857,2024-12-08 16:00:00,2024-12,Medicare,Phone,System Access,2015,Claims Queue,51,392,Resolved,Yes,30,No,0,0
3858,2024-12-08 17:00:00,2024-12,Medicare,Portal,Billing,2054,Benefits Queue,131,377,Resolved,Yes,30,No,0,0
3859,2024-12-08 18:00:00,2024-12,Medicare,Phone,Billing,2036,Enrollment Queue,82,486,Resolved,Yes,90,Yes,0,0
3860,2024-12-08 19:00:00,2024-12,Medicaid,IVR,Billing,2041,Benefits Queue,53,317,Abandoned,No,60,Yes,0,1
3861,2024-12-08 20:00:00,2024-12,Medicaid,IVR,Claims Status,2059,Enrollment Queue,10,395,Escalated,Yes,30,Yes,1,0
3862,2024-12-08 21:00:00,2024-12,Medicare,IVR,Benefits Coverage,2027,Benefits Queue,131,381,Abandoned,Yes,30,No,0,1
3863,2024-12-08 22:00:00,2024-12,Medicare,IVR,Billing,2049,Claims Queue,71,702,Resolved,Yes,30,No,0,0
3864,2024-12-08 23:00:00,2024-12,Medicare,Phone,Enrollment,2044,Claims Queue,28,157,Resolved,Yes,60,Yes,0,0
3865,2024-12-09 00:00:00,2024-12,Medicare,Phone,Billing,2032,Benefits Queue,10,532,Resolved,Yes,30,Yes,0,0
3866,2024-12-09 01:00:00,2024-12,Medicaid,Phone,Claims Status,2001,Enrollment Queue,132,319,Resolved,Yes,60,No,0,0
3867,2024-12-09 02:00:00,2024-12,Medicaid,Phone,Billing,2024,Enrollment Queue,82,194,Resolved,Yes,90,Yes,0,0
3868,2024-12-09 03:00:00,2024-12,Medicaid,IVR,Claims Status,2001,Benefits Queue,129,29,Resolved,Yes,30,No,0,0
3869,2024-12-09 04:00:00,2024-12,Medicare,Phone,Prior Authorization,2034,Enrollment Queue,218,327,Resolved,Yes,30,No,0,0
3870,2024-12-09 05:00:00,2024-12,Medicaid,Phone,Claims Status,2034,Claims Queue,181,671,Resolved,Yes,60,No,0,0
3871,2024-12-09 06:00:00,2024-12,Medicaid,Phone,Benefits Coverage,2013,Claims Queue,51,452,Resolved,Yes,30,No,0,0
3872,2024-12-09 07:00:00,2024-12,Medicaid,Phone,Enrollment,2059,Claims Queue,77,191,Resolved,Yes,30,No,0,0
3873,2024-12-09 08:00:00,2024-12,Medicaid,Portal,Provider Inquiry,2023,Enrollment Queue,94,402,Resolved,Yes,90,No,0,0
3874,2024-12-09 09:00:00,2024-12,Commercial,Phone,Provider Inquiry,2045,Benefits Queue,123,882,Escalated,Yes,60,No,1,0
3875,2024-12-09 10:00:00,2024-12,Medicaid,Phone,Claims Status,2016,Benefits Queue,62,330,Resolved,Yes,60,No,0,0
3876,2024-12-09 11:00:00,2024-12,Commercial,IVR,Prior Authorization,2041,Claims Queue,106,245,Resolved,No,60,No,0,0
3877,2024-12-09 12:00:00,2024-12,Medicare,IVR,System Access,2033,Claims Queue,139,146,Resolved,Yes,30,No,0,0
3878,2024-12-09 13:00:00,2024-12,Commercial,IVR,Billing,2027,Claims Queue,23,608,Abandoned,Yes,60,Yes,0,1
3879,2024-12-09 14:00:00,2024-12,Medicaid,IVR,Benefits Coverage,2015,Enrollment Queue,74,244,Resolved,Yes,60,No,0,0
3880,2024-12-09 15:00:00,2024-12,Medicaid,Phone,Benefits Coverage,2032,Benefits Queue,112,350,Resolved,Yes,60,No,0,0
3881,2024-12-09 16:00:00,2024-12,Medicaid,IVR,Claims Status,2044,Claims Queue,113,462,Resolved,Yes,60,No,0,0
3882,2024-12-09 17:00:00,2024-12,Medicare,Phone,System Access,2040,Benefits Queue,23,198,Resolved,Yes,60,Yes,0,0
3883,2024-12-09 18:00:00,2024-12,Medicaid,Phone,Provider Inquiry,2040,Claims Queue,311,771,Resolved,No,90,No,0,0
3884,2024-12-09 19:00:00,2024-12,Medicare,Phone,Prior Authorization,2047,Claims Queue,73,481,Resolved,Yes,30,No,0,0
3885,2024-12-09 20:00:00,2024-12,Medicaid,Phone,Enrollment,2013,Benefits Queue,72,126,Resolved,No,90,Yes,0,0
3886,2024-12-09 21:00:00,2024-12,Medicaid,Phone,Billing,2046,Claims Queue,36,233,Resolved,Yes,30,No,0,0
3887,2024-12-09 22:00:00,2024-12,Commercial,Phone,Enrollment,2050,Benefits Queue,61,638,Escalated,Yes,30,No,1,0
3888,2024-12-09 23:00:00,2024-12,Medicare,Phone,Benefits Coverage,2030,Enrollment Queue,104,134,Escalated,No,60,No,1,0
3889,2024-12-10 00:00:00,2024-12,Medicare,IVR,Provider Inquiry,2018,Claims Queue,123,801,Escalated,No,30,No,1,0
3890,2024-12-10 01:00:00,2024-12,Commercial,Phone,Enrollment,2053,Benefits Queue,127,557,Resolved,Yes,90,No,0,0
3891,2024-12-10 02:00:00,2024-12,Commercial,Phone,Enrollment,2005,Benefits Queue,196,156,Resolved,Yes,90,No,0,0
3892,2024-12-10 03:00:00,2024-12,Medicaid,IVR,Provider Inquiry,2045,Benefits Queue,136,266,Escalated,No,60,No,1,0
3893,2024-12-10 04:00:00,2024-12,Medicaid,Phone,Billing,2007,Enrollment Queue,159,631,Abandoned,Yes,90,No,0,1
3894,2024-12-10 05:00:00,2024-12,Medicaid,IVR,Provider Inquiry,2016,Enrollment Queue,93,781,Resolved,Yes,30,No,0,0
3895,2024-12-10 06:00:00,2024-12,Commercial,Portal,Enrollment,2016,Benefits Queue,123,382,Resolved,No,30,No,0,0
3896,2024-12-10 07:00:00,2024-12,Medicaid,Phone,Benefits Coverage,2027,Benefits Queue,29,118,Resolved,Yes,30,Yes,0,0
3897,2024-12-10 08:00:00,2024-12,Medicare,Phone,Billing,2024,Enrollment Queue,142,557,Resolved,Yes,60,No,0,0
3898,2024-12-10 09:00:00,2024-12,Medicaid,Phone,Claims Status,2009,Claims Queue,104,283,Escalated,Yes,60,No,1,0
3899,2024-12-10 10:00:00,2024-12,Medicaid,Phone,Prior Authorization,2042,Enrollment Queue,179,238,Resolved,Yes,30,No,0,0
3900,2024-12-10 11:00:00,2024-12,Medicaid,Phone,Benefits Coverage,2034,Claims Queue,31,930,Resolved,Yes,60,Yes,0,0
3901,2024-12-10 12:00:00,2024-12,Medicaid,Portal,Provider Inquiry,2020,Claims Queue,109,138,Escalated,Yes,60,No,1,0
3902,2024-12-10 13:00:00,2024-12,Commercial,Portal,Benefits Coverage,2025,Benefits Queue,50,459,Resolved,No,30,No,0,0
3903,2024-12-10 14:00:00,2024-12,Commercial,Phone,Benefits Coverage,2024,Claims Queue,216,438,Resolved,Yes,60,No,0,0
3904,2024-12-10 15:00:00,2024-12,Medicaid,Phone,System Access,2034,Enrollment Queue,41,237,Resolved,No,30,No,0,0
3905,2024-12-10 16:00:00,2024-12,Commercial,Phone,Provider Inquiry,2021,Benefits Queue,27,570,Resolved,Yes,30,Yes,0,0
3906,2024-12-10 17:00:00,2024-12,Medicaid,Phone,Claims Status,2006,Enrollment Queue,85,676,Escalated,Yes,90,Yes,1,0
3907,2024-12-10 18:00:00,2024-12,Medicaid,Phone,Provider Inquiry,2054,Claims Queue,58,280,Abandoned,Yes,60,Yes,0,1
3908,2024-12-10 19:00:00,2024-12,Medicare,Phone,Billing,2026,Benefits Queue,130,287,Resolved,No,30,No,0,0
3909,2024-12-10 20:00:00,2024-12,Medicaid,Phone,System Access,2056,Claims Queue,121,118,Resolved,No,30,No,0,0
3910,2024-12-10 21:00:00,2024-12,Commercial,Phone,Billing,2037,Benefits Queue,100,445,Resolved,Yes,30,No,0,0
3911,2024-12-10 22:00:00,2024-12,Medicaid,Phone,System Access,2026,Enrollment Queue,24,329,Resolved,Yes,30,Yes,0,0
3912,2024-12-10 23:00:00,2024-12,Commercial,Portal,System Access,2053,Enrollment Queue,144,367,Resolved,No,90,No,0,0
3913,2024-12-11 00:00:00,2024-12,Medicaid,Phone,Prior Authorization,2043,Enrollment Queue,257,320,Resolved,Yes,90,No,0,0
3914,2024-12-11 01:00:00,2024-12,Medicare,Phone,System Access,2012,Benefits Queue,81,182,Resolved,Yes,60,No,0,0
3915,2024-12-11 02:00:00,2024-12,Medicaid,Phone,Prior Authorization,2045,Enrollment Queue,175,165,Resolved,Yes,60,No,0,0
3916,2024-12-11 03:00:00,2024-12,Commercial,Phone,Enrollment,2005,Enrollment Queue,63,147,Resolved,No,60,No,0,0
3917,2024-12-11 04:00:00,2024-12,Commercial,IVR,Billing,2012,Claims Queue,119,485,Resolved,Yes,60,No,0,0
3918,2024-12-11 05:00:00,2024-12,Medicare,Phone,Provider Inquiry,2032,Enrollment Queue,103,247,Resolved,No,90,No,0,0
3919,2024-12-11 06:00:00,2024-12,Commercial,Phone,Enrollment,2007,Enrollment Queue,14,159,Resolved,Yes,30,Yes,0,0
3920,2024-12-11 07:00:00,2024-12,Commercial,Phone,System Access,2007,Claims Queue,94,69,Resolved,Yes,90,No,0,0
3921,2024-12-11 08:00:00,2024-12,Commercial,IVR,Enrollment,2032,Benefits Queue,205,236,Resolved,No,30,No,0,0
3922,2024-12-11 09:00:00,2024-12,Medicare,Portal,Enrollment,2059,Claims Queue,97,267,Resolved,Yes,30,No,0,0
3923,2024-12-11 10:00:00,2024-12,Commercial,Phone,Enrollment,2056,Benefits Queue,112,147,Resolved,Yes,30,No,0,0
3924,2024-12-11 11:00:00,2024-12,Medicare,IVR,Claims Status,2017,Enrollment Queue,16,918,Resolved,No,60,Yes,0,0
3925,2024-12-11 12:00:00,2024-12,Medicare,Phone,Enrollment,2008,Claims Queue,354,238,Resolved,Yes,30,No,0,0
3926,2024-12-11 13:00:00,2024-12,Medicare,Phone,System Access,2048,Benefits Queue,130,496,Resolved,No,30,No,0,0
3927,2024-12-11 14:00:00,2024-12,Commercial,Phone,System Access,2024,Enrollment Queue,13,636,Resolved,No,30,Yes,0,0
3928,2024-12-11 15:00:00,2024-12,Medicaid,Phone,Provider Inquiry,2006,Benefits Queue,216,360,Resolved,Yes,30,No,0,0
3929,2024-12-11 16:00:00,2024-12,Medicare,Phone,Enrollment,2056,Enrollment Queue,203,608,Resolved,Yes,30,No,0,0
3930,2024-12-11 17:00:00,2024-12,Medicaid,Phone,Benefits Coverage,2008,Benefits Queue,125,408,Resolved,Yes,30,No,0,0
3931,2024-12-11 18:00:00,2024-12,Medicare,Phone,Claims Status,2020,Enrollment Queue,148,505,Resolved,Yes,30,No,0,0
3932,2024-12-11 19:00:00,2024-12,Medicaid,Phone,Provider Inquiry,2055,Enrollment Queue,189,220,Escalated,No,90,No,1,0
3933,2024-12-11 20:00:00,2024-12,Medicaid,Phone,Enrollment,2019,Benefits Queue,17,440,Resolved,Yes,90,Yes,0,0
3934,2024-12-11 21:00:00,2024-12,Medicare,Phone,Claims Status,2009,Benefits Queue,109,895,Resolved,Yes,90,No,0,0
3935,2024-12-11 22:00:00,2024-12,Medicaid,Phone,Claims Status,2002,Enrollment Queue,24,559,Abandoned,Yes,60,Yes,0,1
3936,2024-12-11 23:00:00,2024-12,Medicare,Phone,Claims Status,2018,Benefits Queue,53,1124,Resolved,Yes,60,Yes,0,0
3937,2024-12-12 00:00:00,2024-12,Medicare,Phone,Billing,2020,Benefits Queue,89,155,Resolved,Yes,60,No,0,0
3938,2024-12-12 01:00:00,2024-12,Medicaid,IVR,Claims Status,2001,Claims Queue,201,266,Resolved,Yes,90,No,0,0
3939,2024-12-12 02:00:00,2024-12,Medicare,Portal,Prior Authorization,2033,Claims Queue,148,430,Resolved,Yes,30,No,0,0
3940,2024-12-12 03:00:00,2024-12,Medicaid,Phone,Prior Authorization,2029,Enrollment Queue,57,1315,Resolved,Yes,60,Yes,0,0
3941,2024-12-12 04:00:00,2024-12,Medicaid,IVR,Benefits Coverage,2029,Enrollment Queue,69,190,Abandoned,Yes,30,No,0,1
3942,2024-12-12 05:00:00,2024-12,Medicare,Phone,Billing,2056,Enrollment Queue,95,759,Resolved,No,60,No,0,0
3943,2024-12-12 06:00:00,2024-12,Medicaid,Phone,Benefits Coverage,2021,Enrollment Queue,151,423,Resolved,No,60,No,0,0
3944,2024-12-12 07:00:00,2024-12,Medicaid,Phone,Claims Status,2055,Claims Queue,187,645,Resolved,Yes,30,No,0,0
3945,2024-12-12 08:00:00,2024-12,Medicaid,Phone,Benefits Coverage,2057,Claims Queue,113,215,Abandoned,Yes,30,No,0,1
3946,2024-12-12 09:00:00,2024-12,Medicare,Phone,Billing,2055,Claims Queue,244,308,Escalated,Yes,60,No,1,0
3947,2024-12-12 10:00:00,2024-12,Medicare,Phone,Enrollment,2054,Claims Queue,149,214,Resolved,Yes,90,No,0,0
3948,2024-12-12 11:00:00,2024-12,Medicaid,Phone,Billing,2051,Enrollment Queue,131,818,Escalated,Yes,60,No,1,0
3949,2024-12-12 12:00:00,2024-12,Medicare,IVR,System Access,2009,Enrollment Queue,40,395,Resolved,Yes,30,No,0,0
3950,2024-12-12 13:00:00,2024-12,Medicaid,Phone,System Access,2043,Claims Queue,211,332,Escalated,Yes,30,No,1,0
3951,2024-12-12 14:00:00,2024-12,Medicare,Phone,Provider Inquiry,2003,Claims Queue,22,495,Resolved,Yes,60,Yes,0,0
3952,2024-12-12 15:00:00,2024-12,Medicaid,Phone,System Access,2013,Claims Queue,48,177,Resolved,Yes,30,No,0,0
3953,2024-12-12 16:00:00,2024-12,Medicaid,Portal,Billing,2041,Enrollment Queue,18,268,Resolved,Yes,60,Yes,0,0
3954,2024-12-12 17:00:00,2024-12,Medicare,Phone,Enrollment,2057,Enrollment Queue,117,832,Resolved,No,60,No,0,0
3955,2024-12-12 18:00:00,2024-12,Medicare,Phone,Claims Status,2007,Benefits Queue,142,475,Resolved,Yes,60,No,0,0
3956,2024-12-12 19:00:00,2024-12,Medicaid,IVR,Benefits Coverage,2040,Enrollment Queue,100,519,Resolved,No,90,No,0,0
3957,2024-12-12 20:00:00,2024-12,Medicaid,Phone,Billing,2045,Enrollment Queue,151,221,Resolved,Yes,60,No,0,0
3958,2024-12-12 21:00:00,2024-12,Commercial,Phone,Claims Status,2006,Benefits Queue,89,460,Resolved,Yes,30,No,0,0
3959,2024-12-12 22:00:00,2024-12,Medicaid,Phone,Enrollment,2028,Benefits Queue,82,504,Escalated,Yes,60,No,1,0
3960,2024-12-12 23:00:00,2024-12,Medicare,IVR,System Access,2027,Claims Queue,38,755,Abandoned,Yes,90,Yes,0,1
3961,2024-12-13 00:00:00,2024-12,Medicaid,IVR,Billing,2026,Claims Queue,122,178,Escalated,Yes,60,No,1,0
3962,2024-12-13 01:00:00,2024-12,Commercial,Portal,System Access,2032,Enrollment Queue,137,650,Abandoned,Yes,30,No,0,1
3963,2024-12-13 02:00:00,2024-12,Commercial,IVR,Benefits Coverage,2002,Claims Queue,92,540,Resolved,Yes,90,No,0,0
3964,2024-12-13 03:00:00,2024-12,Medicaid,Phone,Benefits Coverage,2023,Enrollment Queue,177,260,Escalated,Yes,60,No,1,0
3965,2024-12-13 04:00:00,2024-12,Medicaid,Phone,Enrollment,2033,Enrollment Queue,22,312,Resolved,Yes,90,Yes,0,0
3966,2024-12-13 05:00:00,2024-12,Medicaid,Phone,Prior Authorization,2036,Claims Queue,66,303,Abandoned,Yes,60,No,0,1
3967,2024-12-13 06:00:00,2024-12,Medicaid,Phone,Enrollment,2023,Claims Queue,25,440,Escalated,No,60,Yes,1,0
3968,2024-12-13 07:00:00,2024-12,Commercial,Phone,Prior Authorization,2037,Benefits Queue,133,281,Resolved,Yes,30,No,0,0
3969,2024-12-13 08:00:00,2024-12,Medicare,Phone,Benefits Coverage,2009,Benefits Queue,62,447,Resolved,Yes,60,No,0,0
3970,2024-12-13 09:00:00,2024-12,Medicaid,Phone,Enrollment,2018,Claims Queue,119,430,Resolved,Yes,30,No,0,0
3971,2024-12-13 10:00:00,2024-12,Commercial,Phone,Billing,2020,Benefits Queue,203,392,Resolved,Yes,60,No,0,0
3972,2024-12-13 11:00:00,2024-12,Medicare,Portal,Billing,2028,Enrollment Queue,23,118,Resolved,Yes,60,Yes,0,0
3973,2024-12-13 12:00:00,2024-12,Medicaid,Phone,Benefits Coverage,2037,Benefits Queue,34,402,Resolved,No,60,Yes,0,0
3974,2024-12-13 13:00:00,2024-12,Medicaid,Phone,Benefits Coverage,2009,Benefits Queue,47,305,Resolved,Yes,90,Yes,0,0
3975,2024-12-13 14:00:00,2024-12,Medicaid,IVR,Billing,2052,Enrollment Queue,111,104,Resolved,Yes,30,No,0,0
3976,2024-12-13 15:00:00,2024-12,Commercial,Phone,Enrollment,2028,Enrollment Queue,94,283,Resolved,No,60,No,0,0
3977,2024-12-13 16:00:00,2024-12,Medicaid,IVR,Claims Status,2028,Enrollment Queue,115,409,Resolved,No,30,No,0,0
3978,2024-12-13 17:00:00,2024-12,Medicare,Phone,Enrollment,2050,Claims Queue,91,453,Escalated,Yes,90,No,1,0
3979,2024-12-13 18:00:00,2024-12,Commercial,Phone,Provider Inquiry,2037,Claims Queue,80,1117,Escalated,Yes,90,Yes,1,0
3980,2024-12-13 19:00:00,2024-12,Medicare,Phone,Enrollment,2007,Benefits Queue,82,52,Resolved,Yes,30,No,0,0
3981,2024-12-13 20:00:00,2024-12,Medicaid,IVR,Prior Authorization,2034,Benefits Queue,24,105,Resolved,Yes,90,Yes,0,0
3982,2024-12-13 21:00:00,2024-12,Medicaid,Phone,Prior Authorization,2043,Benefits Queue,68,610,Abandoned,Yes,30,No,0,1
3983,2024-12-13 22:00:00,2024-12,Medicaid,Phone,Billing,2027,Benefits Queue,20,211,Abandoned,Yes,60,Yes,0,1
3984,2024-12-13 23:00:00,2024-12,Medicare,Phone,Billing,2025,Benefits Queue,118,417,Escalated,No,30,No,1,0
3985,2024-12-14 00:00:00,2024-12,Medicare,Phone,Claims Status,2020,Claims Queue,20,246,Resolved,Yes,30,Yes,0,0
3986,2024-12-14 01:00:00,2024-12,Medicaid,Phone,Benefits Coverage,2006,Claims Queue,158,88,Escalated,Yes,60,No,1,0
3987,2024-12-14 02:00:00,2024-12,Medicaid,Phone,Provider Inquiry,2026,Claims Queue,121,422,Resolved,Yes,30,No,0,0
3988,2024-12-14 03:00:00,2024-12,Medicaid,Phone,Prior Authorization,2012,Claims Queue,116,240,Escalated,Yes,30,No,1,0
3989,2024-12-14 04:00:00,2024-12,Medicaid,IVR,Prior Authorization,2051,Claims Queue,65,64,Abandoned,Yes,60,No,0,1
3990,2024-12-14 05:00:00,2024-12,Medicare,Phone,System Access,2054,Claims Queue,180,123,Escalated,Yes,60,No,1,0
3991,2024-12-14 06:00:00,2024-12,Medicare,IVR,Provider Inquiry,2035,Benefits Queue,86,312,Resolved,Yes,90,Yes,0,0
3992,2024-12-14 07:00:00,2024-12,Medicare,Phone,Claims Status,2019,Claims Queue,82,203,Resolved,Yes,30,No,0,0
3993,2024-12-14 08:00:00,2024-12,Medicare,IVR,Billing,2037,Enrollment Queue,53,214,Resolved,No,60,Yes,0,0
3994,2024-12-14 09:00:00,2024-12,Medicaid,IVR,Claims Status,2028,Benefits Queue,88,221,Resolved,No,60,No,0,0
3995,2024-12-14 10:00:00,2024-12,Medicaid,Phone,Provider Inquiry,2029,Claims Queue,83,306,Resolved,Yes,60,No,0,0
3996,2024-12-14 11:00:00,2024-12,Medicaid,Phone,Benefits Coverage,2003,Benefits Queue,72,216,Resolved,No,30,No,0,0
3997,2024-12-14 12:00:00,2024-12,Commercial,Phone,Benefits Coverage,2010,Enrollment Queue,31,475,Resolved,Yes,60,Yes,0,0
3998,2024-12-14 13:00:00,2024-12,Commercial,Phone,Benefits Coverage,2012,Enrollment Queue,81,158,Escalated,Yes,90,Yes,1,0
3999,2024-12-14 14:00:00,2024-12,Commercial,IVR,Benefits Coverage,2021,Claims Queue,113,97,Resolved,Yes,90,No,0,0
4000,2024-12-14 15:00:00,2024-12,Medicaid,IVR,Enrollment,2039,Benefits Queue,66,455,Resolved,No,30,No,0,0
4001,2024-12-14 16:00:00,2024-12,Medicare,Phone,System Access,2007,Enrollment Queue,85,183,Resolved,Yes,60,No,0,0
4002,2024-12-14 17:00:00,2024-12,Medicare,Phone,Prior Authorization,2024,Enrollment Queue,82,818,Resolved,Yes,30,No,0,0
4003,2024-12-14 18:00:00,2024-12,Medicare,Phone,System Access,2017,Enrollment Queue,375,334,Resolved,No,60,No,0,0
4004,2024-12-14 19:00:00,2024-12,Commercial,Phone,Prior Authorization,2005,Claims Queue,61,328,Escalated,Yes,30,No,1,0
4005,2024-12-14 20:00:00,2024-12,Commercial,Phone,System Access,2002,Claims Queue,59,313,Resolved,Yes,60,Yes,0,0
4006,2024-12-14 21:00:00,2024-12,Medicaid,IVR,Enrollment,2031,Benefits Queue,85,790,Resolved,Yes,60,No,0,0
4007,2024-12-14 22:00:00,2024-12,Medicare,Phone,Enrollment,2008,Claims Queue,50,428,Escalated,Yes,90,Yes,1,0
4008,2024-12-14 23:00:00,2024-12,Medicaid,Phone,Provider Inquiry,2001,Claims Queue,23,242,Resolved,No,30,Yes,0,0
4009,2024-12-15 00:00:00,2024-12,Commercial,IVR,System Access,2002,Benefits Queue,55,482,Resolved,Yes,90,Yes,0,0
4010,2024-12-15 01:00:00,2024-12,Commercial,Phone,System Access,2004,Claims Queue,124,215,Resolved,Yes,90,No,0,0
4011,2024-12-15 02:00:00,2024-12,Commercial,Phone,Prior Authorization,2054,Claims Queue,67,285,Resolved,No,60,No,0,0
4012,2024-12-15 03:00:00,2024-12,Medicare,Phone,Prior Authorization,2021,Benefits Queue,49,357,Abandoned,Yes,60,Yes,0,1
4013,2024-12-15 04:00:00,2024-12,Commercial,Phone,Benefits Coverage,2035,Benefits Queue,76,687,Resolved,Yes,90,Yes,0,0
4014,2024-12-15 05:00:00,2024-12,Medicaid,Phone,Provider Inquiry,2023,Claims Queue,46,309,Escalated,Yes,30,No,1,0
4015,2024-12-15 06:00:00,2024-12,Medicaid,Phone,System Access,2043,Claims Queue,130,920,Resolved,No,60,No,0,0
4016,2024-12-15 07:00:00,2024-12,Medicaid,Phone,System Access,2017,Enrollment Queue,163,166,Resolved,Yes,30,No,0,0
4017,2024-12-15 08:00:00,2024-12,Medicare,Phone,Benefits Coverage,2046,Benefits Queue,16,501,Resolved,No,90,Yes,0,0
4018,2024-12-15 09:00:00,2024-12,Commercial,IVR,Enrollment,2046,Benefits Queue,100,215,Resolved,No,60,No,0,0
4019,2024-12-15 10:00:00,2024-12,Commercial,Portal,Claims Status,2055,Benefits Queue,215,226,Resolved,Yes,30,No,0,0
4020,2024-12-15 11:00:00,2024-12,Medicaid,Phone,System Access,2041,Benefits Queue,99,859,Escalated,Yes,60,No,1,0
4021,2024-12-15 12:00:00,2024-12,Medicare,Phone,Provider Inquiry,2021,Benefits Queue,73,393,Escalated,Yes,30,No,1,0
4022,2024-12-15 13:00:00,2024-12,Medicare,Phone,Provider Inquiry,2020,Enrollment Queue,39,422,Resolved,Yes,60,Yes,0,0
4023,2024-12-15 14:00:00,2024-12,Medicaid,Phone,System Access,2006,Enrollment Queue,40,557,Resolved,Yes,60,Yes,0,0
4024,2024-12-15 15:00:00,2024-12,Medicare,Portal,Enrollment,2039,Enrollment Queue,179,621,Resolved,Yes,90,No,0,0
4025,2024-12-15 16:00:00,2024-12,Medicare,Phone,Benefits Coverage,2026,Enrollment Queue,52,24,Resolved,Yes,90,Yes,0,0
4026,2024-12-15 17:00:00,2024-12,Medicaid,IVR,Claims Status,2030,Enrollment Queue,194,369,Resolved,Yes,30,No,0,0
4027,2024-12-15 18:00:00,2024-12,Commercial,Phone,Billing,2018,Claims Queue,176,346,Resolved,Yes,60,No,0,0
4028,2024-12-15 19:00:00,2024-12,Medicaid,Phone,Provider Inquiry,2033,Enrollment Queue,50,127,Resolved,No,30,No,0,0
4029,2024-12-15 20:00:00,2024-12,Medicaid,Phone,Claims Status,2053,Enrollment Queue,74,185,Resolved,Yes,30,No,0,0
4030,2024-12-15 21:00:00,2024-12,Medicaid,Phone,Enrollment,2008,Enrollment Queue,47,304,Abandoned,Yes,90,Yes,0,1
4031,2024-12-15 22:00:00,2024-12,Medicare,Phone,Billing,2058,Benefits Queue,21,73,Resolved,No,60,Yes,0,0
4032,2024-12-15 23:00:00,2024-12,Medicare,Phone,Billing,2027,Benefits Queue,87,381,Abandoned,Yes,90,Yes,0,1
4033,2024-12-16 00:00:00,2024-12,Commercial,Phone,System Access,2056,Benefits Queue,146,561,Resolved,Yes,60,No,0,0
4034,2024-12-16 01:00:00,2024-12,Medicaid,Phone,System Access,2032,Benefits Queue,282,386,Resolved,No,30,No,0,0
4035,2024-12-16 02:00:00,2024-12,Medicaid,Phone,System Access,2005,Enrollment Queue,158,539,Abandoned,No,60,No,0,1
4036,2024-12-16 03:00:00,2024-12,Medicaid,Phone,Prior Authorization,2035,Enrollment Queue,171,525,Resolved,No,60,No,0,0
4037,2024-12-16 04:00:00,2024-12,Medicaid,Phone,System Access,2024,Claims Queue,77,298,Resolved,Yes,30,No,0,0
4038,2024-12-16 05:00:00,2024-12,Medicaid,IVR,Provider Inquiry,2031,Benefits Queue,18,599,Abandoned,Yes,90,Yes,0,1
4039,2024-12-16 06:00:00,2024-12,Commercial,Phone,Benefits Coverage,2031,Benefits Queue,106,325,Resolved,Yes,60,No,0,0
4040,2024-12-16 07:00:00,2024-12,Medicare,IVR,Provider Inquiry,2049,Benefits Queue,72,265,Resolved,No,30,No,0,0
4041,2024-12-16 08:00:00,2024-12,Medicaid,Phone,Billing,2016,Claims Queue,107,734,Resolved,Yes,60,No,0,0
4042,2024-12-16 09:00:00,2024-12,Commercial,Phone,Benefits Coverage,2040,Enrollment Queue,4,941,Resolved,Yes,30,Yes,0,0
4043,2024-12-16 10:00:00,2024-12,Medicare,IVR,Benefits Coverage,2045,Claims Queue,51,202,Resolved,Yes,60,Yes,0,0
4044,2024-12-16 11:00:00,2024-12,Medicaid,IVR,System Access,2019,Enrollment Queue,55,436,Resolved,Yes,90,Yes,0,0
4045,2024-12-16 12:00:00,2024-12,Medicaid,Phone,Claims Status,2010,Claims Queue,71,353,Resolved,No,30,No,0,0
4046,2024-12-16 13:00:00,2024-12,Medicare,Phone,Provider Inquiry,2043,Benefits Queue,29,167,Resolved,No,30,Yes,0,0
4047,2024-12-16 14:00:00,2024-12,Medicaid,Phone,Enrollment,2018,Benefits Queue,216,119,Resolved,Yes,30,No,0,0
4048,2024-12-16 15:00:00,2024-12,Medicaid,Phone,Claims Status,2042,Claims Queue,96,109,Escalated,No,90,No,1,0
4049,2024-12-16 16:00:00,2024-12,Medicaid,Phone,Prior Authorization,2046,Claims Queue,85,267,Escalated,Yes,30,No,1,0
4050,2024-12-16 17:00:00,2024-12,Medicare,Phone,System Access,2050,Claims Queue,54,611,Resolved,Yes,30,No,0,0
4051,2024-12-16 18:00:00,2024-12,Commercial,Phone,Benefits Coverage,2007,Benefits Queue,82,584,Resolved,Yes,90,Yes,0,0
4052,2024-12-16 19:00:00,2024-12,Medicaid,Phone,Enrollment,2039,Claims Queue,264,992,Abandoned,Yes,60,No,0,1
4053,2024-12-16 20:00:00,2024-12,Commercial,Phone,Benefits Coverage,2023,Claims Queue,54,282,Resolved,Yes,60,Yes,0,0
4054,2024-12-16 21:00:00,2024-12,Medicaid,Phone,Benefits Coverage,2025,Claims Queue,184,439,Resolved,Yes,60,No,0,0
4055,2024-12-16 22:00:00,2024-12,Medicaid,Phone,Billing,2004,Claims Queue,90,536,Resolved,Yes,90,Yes,0,0
4056,2024-12-16 23:00:00,2024-12,Medicaid,IVR,Enrollment,2012,Claims Queue,41,227,Resolved,No,90,Yes,0,0
4057,2024-12-17 00:00:00,2024-12,Medicaid,Phone,Billing,2039,Benefits Queue,144,369,Escalated,Yes,30,No,1,0
4058,2024-12-17 01:00:00,2024-12,Medicaid,Phone,Enrollment,2014,Claims Queue,108,416,Resolved,Yes,60,No,0,0
4059,2024-12-17 02:00:00,2024-12,Medicaid,Portal,System Access,2048,Claims Queue,189,197,Escalated,Yes,30,No,1,0
4060,2024-12-17 03:00:00,2024-12,Commercial,Phone,Billing,2004,Claims Queue,134,443,Resolved,Yes,30,No,0,0
4061,2024-12-17 04:00:00,2024-12,Medicaid,Portal,Provider Inquiry,2022,Benefits Queue,78,252,Resolved,No,60,No,0,0
4062,2024-12-17 05:00:00,2024-12,Medicaid,Phone,Billing,2035,Benefits Queue,119,344,Escalated,Yes,60,No,1,0
4063,2024-12-17 06:00:00,2024-12,Commercial,Phone,Provider Inquiry,2008,Enrollment Queue,59,217,Resolved,Yes,30,No,0,0
4064,2024-12-17 07:00:00,2024-12,Medicare,Phone,Billing,2009,Enrollment Queue,32,435,Resolved,Yes,60,Yes,0,0
4065,2024-12-17 08:00:00,2024-12,Medicaid,Phone,Claims Status,2009,Benefits Queue,51,48,Resolved,No,30,No,0,0
4066,2024-12-17 09:00:00,2024-12,Medicare,Phone,Benefits Coverage,2050,Benefits Queue,126,754,Resolved,No,90,No,0,0
4067,2024-12-17 10:00:00,2024-12,Medicare,Phone,Billing,2004,Benefits Queue,52,546,Resolved,Yes,60,Yes,0,0
4068,2024-12-17 11:00:00,2024-12,Medicaid,Phone,Benefits Coverage,2044,Claims Queue,78,548,Resolved,Yes,90,Yes,0,0
4069,2024-12-17 12:00:00,2024-12,Medicaid,Phone,Claims Status,2007,Claims Queue,70,283,Resolved,Yes,60,No,0,0
4070,2024-12-17 13:00:00,2024-12,Medicaid,Phone,System Access,2051,Enrollment Queue,123,649,Resolved,Yes,30,No,0,0
4071,2024-12-17 14:00:00,2024-12,Medicaid,Phone,Prior Authorization,2012,Benefits Queue,169,153,Abandoned,Yes,60,No,0,1
4072,2024-12-17 15:00:00,2024-12,Medicare,Phone,Claims Status,2057,Claims Queue,178,165,Abandoned,Yes,60,No,0,1
4073,2024-12-17 16:00:00,2024-12,Medicaid,Phone,System Access,2044,Benefits Queue,108,270,Escalated,Yes,60,No,1,0
4074,2024-12-17 17:00:00,2024-12,Medicare,Phone,Provider Inquiry,2041,Enrollment Queue,62,270,Resolved,No,30,No,0,0
4075,2024-12-17 18:00:00,2024-12,Medicare,Phone,Prior Authorization,2015,Claims Queue,61,367,Resolved,Yes,60,No,0,0
4076,2024-12-17 19:00:00,2024-12,Medicare,Phone,System Access,2036,Enrollment Queue,145,435,Abandoned,Yes,30,No,0,1
4077,2024-12-17 20:00:00,2024-12,Commercial,Phone,Prior Authorization,2039,Benefits Queue,38,616,Abandoned,No,60,Yes,0,1
4078,2024-12-17 21:00:00,2024-12,Medicaid,Phone,Benefits Coverage,2027,Claims Queue,341,147,Resolved,Yes,30,No,0,0
4079,2024-12-17 22:00:00,2024-12,Medicaid,Phone,Claims Status,2034,Claims Queue,142,276,Escalated,Yes,30,No,1,0
4080,2024-12-17 23:00:00,2024-12,Medicare,Phone,Prior Authorization,2026,Benefits Queue,64,359,Escalated,Yes,30,No,1,0
4081,2024-12-18 00:00:00,2024-12,Medicaid,Phone,Prior Authorization,2004,Claims Queue,136,328,Resolved,Yes,30,No,0,0
4082,2024-12-18 01:00:00,2024-12,Medicaid,Phone,Provider Inquiry,2014,Enrollment Queue,24,202,Resolved,Yes,30,Yes,0,0
4083,2024-12-18 02:00:00,2024-12,Medicaid,Phone,Benefits Coverage,2033,Benefits Queue,19,281,Resolved,Yes,30,Yes,0,0
4084,2024-12-18 03:00:00,2024-12,Medicaid,Phone,Billing,2022,Benefits Queue,74,512,Resolved,Yes,60,No,0,0
4085,2024-12-18 04:00:00,2024-12,Commercial,Phone,Claims Status,2039,Enrollment Queue,32,37,Resolved,Yes,30,No,0,0
4086,2024-12-18 05:00:00,2024-12,Medicaid,IVR,Claims Status,2020,Enrollment Queue,80,670,Resolved,No,60,No,0,0
4087,2024-12-18 06:00:00,2024-12,Medicare,Phone,Enrollment,2036,Benefits Queue,63,278,Resolved,Yes,30,No,0,0
4088,2024-12-18 07:00:00,2024-12,Medicare,Phone,Prior Authorization,2031,Benefits Queue,135,221,Abandoned,Yes,90,No,0,1
4089,2024-12-18 08:00:00,2024-12,Medicare,Phone,Provider Inquiry,2019,Claims Queue,47,179,Escalated,Yes,60,Yes,1,0
4090,2024-12-18 09:00:00,2024-12,Medicare,Phone,Claims Status,2033,Claims Queue,137,390,Resolved,Yes,60,No,0,0
4091,2024-12-18 10:00:00,2024-12,Medicaid,Portal,Billing,2050,Benefits Queue,147,399,Resolved,Yes,60,No,0,0
4092,2024-12-18 11:00:00,2024-12,Medicare,Phone,Prior Authorization,2054,Claims Queue,183,143,Resolved,Yes,90,No,0,0
4093,2024-12-18 12:00:00,2024-12,Medicaid,IVR,System Access,2010,Enrollment Queue,25,563,Resolved,Yes,90,Yes,0,0
4094,2024-12-18 13:00:00,2024-12,Medicaid,Phone,Prior Authorization,2041,Benefits Queue,97,228,Escalated,Yes,30,No,1,0
4095,2024-12-18 14:00:00,2024-12,Commercial,Phone,Billing,2015,Enrollment Queue,169,402,Escalated,No,90,No,1,0
4096,2024-12-18 15:00:00,2024-12,Commercial,Phone,Enrollment,2045,Enrollment Queue,39,442,Resolved,Yes,30,No,0,0
4097,2024-12-18 16:00:00,2024-12,Medicare,IVR,System Access,2058,Claims Queue,86,767,Resolved,Yes,30,No,0,0
4098,2024-12-18 17:00:00,2024-12,Medicare,IVR,Benefits Coverage,2055,Enrollment Queue,27,200,Resolved,Yes,90,Yes,0,0
4099,2024-12-18 18:00:00,2024-12,Commercial,IVR,Claims Status,2028,Enrollment Queue,80,162,Resolved,Yes,30,No,0,0
4100,2024-12-18 19:00:00,2024-12,Medicaid,Phone,Enrollment,2001,Benefits Queue,35,303,Escalated,Yes,30,No,1,0
4101,2024-12-18 20:00:00,2024-12,Medicaid,Portal,Provider Inquiry,2010,Enrollment Queue,27,910,Abandoned,Yes,90,Yes,0,1
4102,2024-12-18 21:00:00,2024-12,Medicaid,Phone,Billing,2028,Benefits Queue,91,491,Resolved,Yes,30,No,0,0
4103,2024-12-18 22:00:00,2024-12,Commercial,IVR,Billing,2048,Benefits Queue,103,481,Abandoned,No,60,No,0,1
4104,2024-12-18 23:00:00,2024-12,Commercial,IVR,System Access,2041,Claims Queue,42,268,Resolved,Yes,60,Yes,0,0
4105,2024-12-19 00:00:00,2024-12,Medicaid,Phone,Claims Status,2019,Claims Queue,109,602,Resolved,No,60,No,0,0
4106,2024-12-19 01:00:00,2024-12,Commercial,Phone,Provider Inquiry,2008,Enrollment Queue,81,369,Resolved,Yes,30,No,0,0
4107,2024-12-19 02:00:00,2024-12,Medicare,Phone,System Access,2009,Claims Queue,60,601,Resolved,No,30,No,0,0
4108,2024-12-19 03:00:00,2024-12,Medicare,Phone,Benefits Coverage,2033,Enrollment Queue,96,197,Resolved,Yes,90,No,0,0
4109,2024-12-19 04:00:00,2024-12,Medicaid,IVR,Claims Status,2004,Enrollment Queue,144,265,Resolved,Yes,90,No,0,0
4110,2024-12-19 05:00:00,2024-12,Medicare,Portal,Prior Authorization,2047,Enrollment Queue,38,218,Resolved,No,30,No,0,0
4111,2024-12-19 06:00:00,2024-12,Medicaid,Phone,System Access,2035,Enrollment Queue,21,228,Escalated,Yes,90,Yes,1,0
4112,2024-12-19 07:00:00,2024-12,Commercial,Phone,Billing,2041,Claims Queue,126,401,Resolved,No,30,No,0,0
4113,2024-12-19 08:00:00,2024-12,Commercial,IVR,Provider Inquiry,2002,Enrollment Queue,289,336,Resolved,Yes,60,No,0,0
4114,2024-12-19 09:00:00,2024-12,Medicare,Phone,Prior Authorization,2024,Enrollment Queue,105,557,Resolved,Yes,60,No,0,0
4115,2024-12-19 10:00:00,2024-12,Medicaid,Phone,Benefits Coverage,2015,Benefits Queue,71,264,Abandoned,Yes,60,No,0,1
4116,2024-12-19 11:00:00,2024-12,Medicaid,IVR,Claims Status,2037,Benefits Queue,42,56,Resolved,Yes,90,Yes,0,0
4117,2024-12-19 12:00:00,2024-12,Commercial,Phone,Claims Status,2011,Claims Queue,130,383,Resolved,Yes,30,No,0,0
4118,2024-12-19 13:00:00,2024-12,Medicare,IVR,Enrollment,2014,Claims Queue,37,511,Escalated,Yes,30,No,1,0
4119,2024-12-19 14:00:00,2024-12,Medicare,Phone,Prior Authorization,2008,Enrollment Queue,185,192,Abandoned,Yes,60,No,0,1
4120,2024-12-19 15:00:00,2024-12,Medicaid,Phone,Enrollment,2053,Claims Queue,53,543,Escalated,Yes,60,Yes,1,0
4121,2024-12-19 16:00:00,2024-12,Commercial,Phone,Provider Inquiry,2056,Claims Queue,156,350,Escalated,No,30,No,1,0
4122,2024-12-19 17:00:00,2024-12,Medicaid,Phone,Claims Status,2015,Benefits Queue,38,283,Resolved,No,90,Yes,0,0
4123,2024-12-19 18:00:00,2024-12,Medicare,Phone,Benefits Coverage,2009,Enrollment Queue,42,516,Escalated,Yes,90,Yes,1,0
4124,2024-12-19 19:00:00,2024-12,Medicaid,Phone,Claims Status,2013,Claims Queue,37,431,Escalated,Yes,90,Yes,1,0
4125,2024-12-19 20:00:00,2024-12,Commercial,Phone,Benefits Coverage,2027,Claims Queue,165,212,Abandoned,Yes,60,No,0,1
4126,2024-12-19 21:00:00,2024-12,Commercial,Phone,Enrollment,2023,Enrollment Queue,41,139,Resolved,Yes,90,Yes,0,0
4127,2024-12-19 22:00:00,2024-12,Medicaid,Phone,Enrollment,2035,Claims Queue,141,577,Resolved,No,90,No,0,0
4128,2024-12-19 23:00:00,2024-12,Medicare,Phone,Billing,2011,Claims Queue,75,143,Resolved,Yes,60,No,0,0
4129,2024-12-20 00:00:00,2024-12,Commercial,Phone,Prior Authorization,2020,Claims Queue,40,174,Resolved,Yes,30,No,0,0
4130,2024-12-20 01:00:00,2024-12,Commercial,IVR,Prior Authorization,2024,Claims Queue,33,978,Resolved,Yes,30,No,0,0
4131,2024-12-20 02:00:00,2024-12,Medicaid,Phone,Billing,2034,Enrollment Queue,46,631,Resolved,No,60,Yes,0,0
4132,2024-12-20 03:00:00,2024-12,Medicaid,Phone,Billing,2048,Claims Queue,151,345,Abandoned,No,30,No,0,1
4133,2024-12-20 04:00:00,2024-12,Medicaid,Phone,Provider Inquiry,2054,Benefits Queue,73,159,Escalated,No,30,No,1,0
4134,2024-12-20 05:00:00,2024-12,Medicare,Phone,Enrollment,2040,Enrollment Queue,102,367,Resolved,No,60,No,0,0
4135,2024-12-20 06:00:00,2024-12,Medicaid,IVR,Prior Authorization,2040,Benefits Queue,82,240,Resolved,Yes,90,Yes,0,0
4136,2024-12-20 07:00:00,2024-12,Medicaid,Phone,Claims Status,2040,Benefits Queue,30,377,Resolved,Yes,60,Yes,0,0
4137,2024-12-20 08:00:00,2024-12,Medicaid,Portal,Prior Authorization,2008,Enrollment Queue,189,339,Resolved,Yes,60,No,0,0
4138,2024-12-20 09:00:00,2024-12,Commercial,Phone,Benefits Coverage,2016,Enrollment Queue,76,299,Resolved,Yes,30,No,0,0
4139,2024-12-20 10:00:00,2024-12,Commercial,Phone,Provider Inquiry,2037,Benefits Queue,129,492,Escalated,No,60,No,1,0
4140,2024-12-20 11:00:00,2024-12,Medicaid,Phone,Benefits Coverage,2029,Enrollment Queue,182,533,Resolved,No,30,No,0,0
4141,2024-12-20 12:00:00,2024-12,Medicaid,Portal,Enrollment,2004,Claims Queue,22,239,Escalated,Yes,60,Yes,1,0
4142,2024-12-20 13:00:00,2024-12,Commercial,Portal,Benefits Coverage,2054,Enrollment Queue,83,272,Resolved,Yes,90,Yes,0,0
4143,2024-12-20 14:00:00,2024-12,Medicaid,Phone,Enrollment,2002,Benefits Queue,129,635,Resolved,Yes,60,No,0,0
4144,2024-12-20 15:00:00,2024-12,Medicare,Phone,System Access,2010,Claims Queue,51,245,Escalated,Yes,60,Yes,1,0
4145,2024-12-20 16:00:00,2024-12,Medicaid,Phone,System Access,2016,Enrollment Queue,101,38,Resolved,Yes,30,No,0,0
4146,2024-12-20 17:00:00,2024-12,Commercial,Phone,Enrollment,2040,Claims Queue,65,195,Escalated,Yes,60,No,1,0
4147,2024-12-20 18:00:00,2024-12,Medicare,Portal,Prior Authorization,2036,Benefits Queue,36,241,Resolved,Yes,60,Yes,0,0
4148,2024-12-20 19:00:00,2024-12,Medicaid,Portal,Enrollment,2013,Enrollment Queue,104,421,Resolved,No,60,No,0,0
4149,2024-12-20 20:00:00,2024-12,Medicare,Phone,Enrollment,2020,Claims Queue,150,208,Resolved,Yes,30,No,0,0
4150,2024-12-20 21:00:00,2024-12,Medicaid,IVR,Enrollment,2046,Enrollment Queue,176,478,Resolved,No,90,No,0,0
4151,2024-12-20 22:00:00,2024-12,Medicaid,IVR,Billing,2047,Enrollment Queue,111,36,Resolved,Yes,60,No,0,0
4152,2024-12-20 23:00:00,2024-12,Commercial,IVR,Benefits Coverage,2035,Enrollment Queue,83,393,Abandoned,Yes,30,No,0,1
4153,2024-12-21 00:00:00,2024-12,Commercial,Portal,Benefits Coverage,2023,Enrollment Queue,211,203,Resolved,Yes,60,No,0,0
4154,2024-12-21 01:00:00,2024-12,Medicaid,Phone,Enrollment,2057,Enrollment Queue,63,215,Resolved,Yes,30,No,0,0
4155,2024-12-21 02:00:00,2024-12,Medicaid,Phone,Enrollment,2012,Benefits Queue,44,445,Resolved,Yes,30,No,0,0
4156,2024-12-21 03:00:00,2024-12,Commercial,Phone,Claims Status,2033,Enrollment Queue,109,320,Resolved,No,30,No,0,0
4157,2024-12-21 04:00:00,2024-12,Medicaid,Phone,Enrollment,2054,Enrollment Queue,66,115,Resolved,No,30,No,0,0
4158,2024-12-21 05:00:00,2024-12,Medicare,Portal,Billing,2037,Enrollment Queue,53,424,Resolved,Yes,30,No,0,0
4159,2024-12-21 06:00:00,2024-12,Medicaid,Phone,Provider Inquiry,2020,Enrollment Queue,132,622,Resolved,Yes,90,No,0,0
4160,2024-12-21 07:00:00,2024-12,Medicaid,Portal,Provider Inquiry,2051,Benefits Queue,101,367,Abandoned,Yes,30,No,0,1
4161,2024-12-21 08:00:00,2024-12,Medicaid,Phone,Enrollment,2051,Claims Queue,41,354,Resolved,Yes,30,No,0,0
4162,2024-12-21 09:00:00,2024-12,Medicare,Phone,Billing,2036,Benefits Queue,138,66,Abandoned,Yes,60,No,0,1
4163,2024-12-21 10:00:00,2024-12,Medicare,IVR,System Access,2035,Benefits Queue,35,487,Resolved,Yes,30,No,0,0
4164,2024-12-21 11:00:00,2024-12,Commercial,Portal,Billing,2005,Benefits Queue,235,300,Resolved,Yes,30,No,0,0
4165,2024-12-21 12:00:00,2024-12,Medicaid,Phone,Claims Status,2032,Enrollment Queue,162,335,Escalated,Yes,90,No,1,0
4166,2024-12-21 13:00:00,2024-12,Medicaid,Phone,Provider Inquiry,2054,Claims Queue,65,485,Escalated,Yes,60,No,1,0
4167,2024-12-21 14:00:00,2024-12,Medicare,Phone,System Access,2028,Enrollment Queue,90,165,Escalated,Yes,30,No,1,0
4168,2024-12-21 15:00:00,2024-12,Medicare,Phone,Claims Status,2032,Enrollment Queue,116,330,Resolved,Yes,30,No,0,0
4169,2024-12-21 16:00:00,2024-12,Medicare,IVR,Benefits Coverage,2036,Enrollment Queue,91,500,Abandoned,Yes,60,No,0,1
4170,2024-12-21 17:00:00,2024-12,Medicare,Phone,Provider Inquiry,2015,Enrollment Queue,61,259,Resolved,Yes,30,No,0,0
4171,2024-12-21 18:00:00,2024-12,Medicare,Phone,Provider Inquiry,2035,Claims Queue,148,750,Abandoned,Yes,30,No,0,1
4172,2024-12-21 19:00:00,2024-12,Medicare,Phone,System Access,2014,Benefits Queue,56,98,Resolved,Yes,30,No,0,0
4173,2024-12-21 20:00:00,2024-12,Medicaid,Phone,Provider Inquiry,2010,Claims Queue,163,347,Escalated,Yes,60,No,1,0
4174,2024-12-21 21:00:00,2024-12,Medicare,IVR,Prior Authorization,2059,Benefits Queue,39,399,Resolved,Yes,30,No,0,0
4175,2024-12-21 22:00:00,2024-12,Medicare,IVR,Enrollment,2043,Benefits Queue,42,373,Resolved,Yes,30,No,0,0
4176,2024-12-21 23:00:00,2024-12,Medicaid,IVR,System Access,2004,Benefits Queue,26,843,Escalated,Yes,60,Yes,1,0
4177,2024-12-22 00:00:00,2024-12,Commercial,IVR,Enrollment,2027,Claims Queue,37,128,Resolved,No,30,No,0,0
4178,2024-12-22 01:00:00,2024-12,Medicaid,Phone,Claims Status,2022,Enrollment Queue,64,210,Escalated,Yes,30,No,1,0
4179,2024-12-22 02:00:00,2024-12,Medicare,Portal,Prior Authorization,2003,Claims Queue,111,913,Resolved,Yes,30,No,0,0
4180,2024-12-22 03:00:00,2024-12,Medicare,Phone,Provider Inquiry,2022,Benefits Queue,56,569,Resolved,Yes,60,Yes,0,0
4181,2024-12-22 04:00:00,2024-12,Medicare,Phone,Enrollment,2046,Enrollment Queue,29,216,Resolved,No,90,Yes,0,0
4182,2024-12-22 05:00:00,2024-12,Medicare,Phone,Prior Authorization,2030,Enrollment Queue,30,300,Resolved,No,60,Yes,0,0
4183,2024-12-22 06:00:00,2024-12,Commercial,Phone,Provider Inquiry,2018,Claims Queue,151,688,Resolved,Yes,30,No,0,0
4184,2024-12-22 07:00:00,2024-12,Medicaid,Phone,Claims Status,2026,Benefits Queue,120,164,Resolved,Yes,30,No,0,0
4185,2024-12-22 08:00:00,2024-12,Medicare,Phone,Billing,2008,Enrollment Queue,43,487,Resolved,Yes,60,Yes,0,0
4186,2024-12-22 09:00:00,2024-12,Medicare,Phone,Claims Status,2041,Enrollment Queue,33,119,Resolved,No,60,Yes,0,0
4187,2024-12-22 10:00:00,2024-12,Commercial,Phone,Prior Authorization,2028,Enrollment Queue,34,337,Escalated,Yes,60,Yes,1,0
4188,2024-12-22 11:00:00,2024-12,Medicaid,Phone,Prior Authorization,2007,Claims Queue,133,699,Abandoned,No,30,No,0,1
4189,2024-12-22 12:00:00,2024-12,Medicaid,IVR,Provider Inquiry,2059,Claims Queue,82,413,Resolved,Yes,30,No,0,0
4190,2024-12-22 13:00:00,2024-12,Commercial,Phone,Billing,2016,Enrollment Queue,133,367,Escalated,No,30,No,1,0
4191,2024-12-22 14:00:00,2024-12,Medicare,Portal,Enrollment,2053,Benefits Queue,181,320,Resolved,Yes,90,No,0,0
4192,2024-12-22 15:00:00,2024-12,Medicaid,Phone,Billing,2020,Claims Queue,53,242,Resolved,Yes,30,No,0,0
4193,2024-12-22 16:00:00,2024-12,Commercial,Phone,Claims Status,2029,Claims Queue,104,359,Resolved,Yes,60,No,0,0
4194,2024-12-22 17:00:00,2024-12,Commercial,Phone,System Access,2049,Enrollment Queue,10,226,Resolved,No,60,Yes,0,0
4195,2024-12-22 18:00:00,2024-12,Medicaid,IVR,Prior Authorization,2003,Claims Queue,162,235,Abandoned,Yes,30,No,0,1
4196,2024-12-22 19:00:00,2024-12,Medicaid,Phone,Benefits Coverage,2008,Enrollment Queue,49,304,Resolved,Yes,30,No,0,0
4197,2024-12-22 20:00:00,2024-12,Medicare,IVR,Claims Status,2046,Claims Queue,119,96,Resolved,Yes,60,No,0,0
4198,2024-12-22 21:00:00,2024-12,Medicaid,Phone,Provider Inquiry,2005,Enrollment Queue,76,259,Resolved,No,90,Yes,0,0
4199,2024-12-22 22:00:00,2024-12,Medicaid,Phone,Prior Authorization,2014,Claims Queue,195,306,Resolved,No,60,No,0,0
4200,2024-12-22 23:00:00,2024-12,Medicaid,Portal,Billing,2015,Benefits Queue,92,771,Resolved,Yes,30,No,0,0
4201,2024-12-23 00:00:00,2024-12,Commercial,Phone,Provider Inquiry,2052,Claims Queue,253,545,Abandoned,Yes,60,No,0,1
4202,2024-12-23 01:00:00,2024-12,Medicaid,Phone,Claims Status,2047,Benefits Queue,184,230,Resolved,Yes,60,No,0,0
4203,2024-12-23 02:00:00,2024-12,Commercial,IVR,System Access,2049,Benefits Queue,65,312,Escalated,Yes,60,No,1,0
4204,2024-12-23 03:00:00,2024-12,Commercial,IVR,Billing,2013,Enrollment Queue,23,155,Resolved,Yes,60,Yes,0,0
4205,2024-12-23 04:00:00,2024-12,Medicare,Phone,Benefits Coverage,2001,Enrollment Queue,106,417,Resolved,Yes,60,No,0,0
4206,2024-12-23 05:00:00,2024-12,Medicaid,IVR,Billing,2002,Benefits Queue,65,123,Escalated,Yes,90,Yes,1,0
4207,2024-12-23 06:00:00,2024-12,Medicaid,Phone,Claims Status,2030,Benefits Queue,79,317,Resolved,Yes,60,No,0,0
4208,2024-12-23 07:00:00,2024-12,Medicaid,Portal,Billing,2055,Enrollment Queue,76,297,Resolved,Yes,90,Yes,0,0
4209,2024-12-23 08:00:00,2024-12,Commercial,Phone,Billing,2047,Benefits Queue,45,147,Resolved,Yes,90,Yes,0,0
4210,2024-12-23 09:00:00,2024-12,Medicare,Phone,Benefits Coverage,2004,Benefits Queue,68,174,Escalated,Yes,30,No,1,0
4211,2024-12-23 10:00:00,2024-12,Medicare,Phone,Claims Status,2059,Enrollment Queue,176,169,Escalated,Yes,60,No,1,0
4212,2024-12-23 11:00:00,2024-12,Medicaid,IVR,System Access,2045,Claims Queue,194,359,Resolved,Yes,30,No,0,0
4213,2024-12-23 12:00:00,2024-12,Medicare,IVR,Enrollment,2049,Enrollment Queue,188,657,Resolved,Yes,60,No,0,0
4214,2024-12-23 13:00:00,2024-12,Commercial,Phone,Provider Inquiry,2038,Benefits Queue,145,189,Resolved,Yes,30,No,0,0
4215,2024-12-23 14:00:00,2024-12,Medicaid,Portal,Enrollment,2024,Benefits Queue,298,293,Resolved,Yes,90,No,0,0
4216,2024-12-23 15:00:00,2024-12,Medicaid,Phone,Prior Authorization,2047,Benefits Queue,134,457,Resolved,Yes,90,No,0,0
4217,2024-12-23 16:00:00,2024-12,Commercial,Phone,Billing,2057,Benefits Queue,20,432,Resolved,Yes,90,Yes,0,0
4218,2024-12-23 17:00:00,2024-12,Medicaid,IVR,Billing,2046,Enrollment Queue,129,596,Escalated,Yes,60,No,1,0
4219,2024-12-23 18:00:00,2024-12,Medicaid,Phone,Claims Status,2018,Enrollment Queue,69,169,Resolved,Yes,30,No,0,0
4220,2024-12-23 19:00:00,2024-12,Commercial,IVR,System Access,2027,Claims Queue,203,391,Resolved,Yes,30,No,0,0
4221,2024-12-23 20:00:00,2024-12,Commercial,Phone,Benefits Coverage,2037,Enrollment Queue,21,138,Resolved,Yes,90,Yes,0,0
4222,2024-12-23 21:00:00,2024-12,Commercial,Phone,System Access,2058,Benefits Queue,36,554,Resolved,Yes,60,Yes,0,0
4223,2024-12-23 22:00:00,2024-12,Medicaid,Phone,Prior Authorization,2046,Benefits Queue,181,289,Resolved,No,30,No,0,0
4224,2024-12-23 23:00:00,2024-12,Medicare,Portal,System Access,2023,Claims Queue,4,410,Resolved,Yes,60,Yes,0,0
4225,2024-12-24 00:00:00,2024-12,Medicaid,Phone,Benefits Coverage,2026,Enrollment Queue,19,911,Resolved,Yes,60,Yes,0,0
4226,2024-12-24 01:00:00,2024-12,Medicare,IVR,Claims Status,2039,Claims Queue,164,208,Resolved,No,60,No,0,0
4227,2024-12-24 02:00:00,2024-12,Commercial,Phone,Benefits Coverage,2056,Enrollment Queue,37,220,Resolved,No,30,No,0,0
4228,2024-12-24 03:00:00,2024-12,Medicaid,Phone,Enrollment,2004,Enrollment Queue,81,247,Escalated,Yes,30,No,1,0
4229,2024-12-24 04:00:00,2024-12,Medicare,Phone,Benefits Coverage,2002,Claims Queue,156,348,Abandoned,Yes,30,No,0,1
4230,2024-12-24 05:00:00,2024-12,Medicare,Phone,Enrollment,2049,Enrollment Queue,454,293,Resolved,Yes,60,No,0,0
4231,2024-12-24 06:00:00,2024-12,Medicaid,Phone,Prior Authorization,2021,Enrollment Queue,62,152,Resolved,Yes,60,No,0,0
4232,2024-12-24 07:00:00,2024-12,Medicaid,Phone,Claims Status,2053,Benefits Queue,102,205,Escalated,Yes,90,No,1,0
4233,2024-12-24 08:00:00,2024-12,Medicaid,Phone,System Access,2037,Enrollment Queue,57,395,Resolved,Yes,30,No,0,0
4234,2024-12-24 09:00:00,2024-12,Commercial,Phone,Prior Authorization,2034,Claims Queue,174,329,Resolved,Yes,30,No,0,0
4235,2024-12-24 10:00:00,2024-12,Medicare,Phone,Enrollment,2012,Enrollment Queue,148,270,Escalated,No,30,No,1,0
4236,2024-12-24 11:00:00,2024-12,Medicare,Phone,Prior Authorization,2050,Benefits Queue,19,427,Resolved,Yes,60,Yes,0,0
4237,2024-12-24 12:00:00,2024-12,Medicaid,Phone,Benefits Coverage,2049,Enrollment Queue,81,239,Resolved,No,30,No,0,0
4238,2024-12-24 13:00:00,2024-12,Commercial,Portal,Provider Inquiry,2051,Enrollment Queue,35,115,Resolved,Yes,90,Yes,0,0
4239,2024-12-24 14:00:00,2024-12,Medicaid,Phone,Benefits Coverage,2045,Claims Queue,78,776,Resolved,Yes,60,No,0,0
4240,2024-12-24 15:00:00,2024-12,Medicare,Phone,Prior Authorization,2031,Benefits Queue,107,611,Resolved,Yes,60,No,0,0
4241,2024-12-24 16:00:00,2024-12,Medicaid,Phone,System Access,2003,Benefits Queue,242,429,Resolved,Yes,30,No,0,0
4242,2024-12-24 17:00:00,2024-12,Commercial,IVR,Prior Authorization,2029,Benefits Queue,197,350,Resolved,Yes,90,No,0,0
4243,2024-12-24 18:00:00,2024-12,Medicaid,IVR,Claims Status,2032,Enrollment Queue,163,111,Resolved,Yes,90,No,0,0
4244,2024-12-24 19:00:00,2024-12,Medicaid,IVR,Billing,2057,Claims Queue,65,355,Resolved,Yes,60,No,0,0
4245,2024-12-24 20:00:00,2024-12,Commercial,Phone,Claims Status,2017,Benefits Queue,149,360,Abandoned,No,30,No,0,1
4246,2024-12-24 21:00:00,2024-12,Medicaid,Phone,Billing,2008,Enrollment Queue,49,314,Resolved,Yes,30,No,0,0
4247,2024-12-24 22:00:00,2024-12,Medicare,Phone,Enrollment,2025,Benefits Queue,77,381,Abandoned,No,30,No,0,1
4248,2024-12-24 23:00:00,2024-12,Medicaid,Phone,Prior Authorization,2012,Benefits Queue,63,546,Resolved,Yes,30,No,0,0
4249,2024-12-25 00:00:00,2024-12,Medicare,Phone,Benefits Coverage,2026,Enrollment Queue,169,872,Resolved,Yes,30,No,0,0
4250,2024-12-25 01:00:00,2024-12,Medicare,Phone,Benefits Coverage,2034,Enrollment Queue,56,397,Abandoned,Yes,30,No,0,1
4251,2024-12-25 02:00:00,2024-12,Medicare,Phone,Prior Authorization,2009,Benefits Queue,413,270,Resolved,Yes,90,No,0,0
4252,2024-12-25 03:00:00,2024-12,Medicare,IVR,Provider Inquiry,2038,Claims Queue,68,639,Abandoned,Yes,90,Yes,0,1
4253,2024-12-25 04:00:00,2024-12,Medicare,IVR,Claims Status,2045,Enrollment Queue,16,702,Resolved,Yes,30,Yes,0,0
4254,2024-12-25 05:00:00,2024-12,Medicaid,IVR,System Access,2009,Claims Queue,117,421,Resolved,Yes,60,No,0,0
4255,2024-12-25 06:00:00,2024-12,Medicare,Phone,Benefits Coverage,2031,Claims Queue,143,341,Abandoned,No,60,No,0,1
4256,2024-12-25 07:00:00,2024-12,Medicaid,Phone,Claims Status,2052,Benefits Queue,52,321,Resolved,Yes,30,No,0,0
4257,2024-12-25 08:00:00,2024-12,Medicare,IVR,Benefits Coverage,2052,Enrollment Queue,174,161,Resolved,Yes,90,No,0,0
4258,2024-12-25 09:00:00,2024-12,Medicaid,Portal,Enrollment,2048,Claims Queue,58,103,Resolved,Yes,60,Yes,0,0
4259,2024-12-25 10:00:00,2024-12,Medicare,Phone,Claims Status,2034,Benefits Queue,259,468,Escalated,No,30,No,1,0
4260,2024-12-25 11:00:00,2024-12,Medicaid,Phone,Billing,2045,Enrollment Queue,78,344,Resolved,Yes,30,No,0,0
4261,2024-12-25 12:00:00,2024-12,Commercial,Portal,System Access,2040,Benefits Queue,126,250,Resolved,Yes,60,No,0,0
4262,2024-12-25 13:00:00,2024-12,Commercial,Phone,Billing,2055,Benefits Queue,18,241,Escalated,Yes,90,Yes,1,0
4263,2024-12-25 14:00:00,2024-12,Commercial,Phone,Provider Inquiry,2047,Claims Queue,248,118,Resolved,Yes,30,No,0,0
4264,2024-12-25 15:00:00,2024-12,Commercial,IVR,Claims Status,2004,Benefits Queue,73,549,Resolved,Yes,90,Yes,0,0
4265,2024-12-25 16:00:00,2024-12,Medicare,IVR,Claims Status,2055,Claims Queue,131,688,Escalated,No,90,No,1,0
4266,2024-12-25 17:00:00,2024-12,Medicaid,Phone,Prior Authorization,2028,Enrollment Queue,26,275,Abandoned,Yes,60,Yes,0,1
4267,2024-12-25 18:00:00,2024-12,Medicare,Phone,Claims Status,2005,Claims Queue,120,180,Resolved,Yes,30,No,0,0
4268,2024-12-25 19:00:00,2024-12,Medicaid,Phone,Benefits Coverage,2007,Claims Queue,135,310,Abandoned,Yes,60,No,0,1
4269,2024-12-25 20:00:00,2024-12,Medicaid,Phone,Billing,2019,Claims Queue,6,336,Resolved,Yes,60,Yes,0,0
4270,2024-12-25 21:00:00,2024-12,Medicare,Phone,Claims Status,2034,Claims Queue,50,281,Resolved,No,90,Yes,0,0
4271,2024-12-25 22:00:00,2024-12,Commercial,Phone,Claims Status,2031,Enrollment Queue,53,230,Resolved,Yes,60,Yes,0,0
4272,2024-12-25 23:00:00,2024-12,Commercial,Phone,Billing,2014,Benefits Queue,169,109,Resolved,Yes,30,No,0,0
4273,2024-12-26 00:00:00,2024-12,Medicaid,Phone,Prior Authorization,2045,Benefits Queue,59,366,Resolved,Yes,30,No,0,0
4274,2024-12-26 01:00:00,2024-12,Medicaid,Phone,Billing,2044,Benefits Queue,39,157,Escalated,Yes,60,Yes,1,0
4275,2024-12-26 02:00:00,2024-12,Medicare,IVR,System Access,2048,Enrollment Queue,46,360,Resolved,Yes,60,Yes,0,0
4276,2024-12-26 03:00:00,2024-12,Medicaid,Phone,Provider Inquiry,2008,Benefits Queue,147,210,Abandoned,Yes,60,No,0,1
4277,2024-12-26 04:00:00,2024-12,Commercial,Phone,Provider Inquiry,2022,Benefits Queue,112,250,Resolved,Yes,30,No,0,0
4278,2024-12-26 05:00:00,2024-12,Commercial,Portal,Prior Authorization,2055,Enrollment Queue,64,120,Resolved,No,60,No,0,0
4279,2024-12-26 06:00:00,2024-12,Medicare,Phone,Enrollment,2059,Benefits Queue,59,146,Escalated,Yes,30,No,1,0
4280,2024-12-26 07:00:00,2024-12,Commercial,Phone,Claims Status,2029,Claims Queue,131,551,Abandoned,Yes,90,No,0,1
4281,2024-12-26 08:00:00,2024-12,Medicaid,Portal,Enrollment,2001,Claims Queue,8,664,Resolved,Yes,30,Yes,0,0
4282,2024-12-26 09:00:00,2024-12,Commercial,Portal,System Access,2009,Benefits Queue,158,271,Escalated,No,90,No,1,0
4283,2024-12-26 10:00:00,2024-12,Medicaid,Phone,Claims Status,2045,Enrollment Queue,62,820,Abandoned,Yes,60,No,0,1
4284,2024-12-26 11:00:00,2024-12,Medicare,Phone,System Access,2059,Benefits Queue,75,249,Resolved,No,90,Yes,0,0
4285,2024-12-26 12:00:00,2024-12,Commercial,Phone,Billing,2057,Claims Queue,227,257,Escalated,Yes,60,No,1,0
4286,2024-12-26 13:00:00,2024-12,Medicare,Phone,Prior Authorization,2003,Enrollment Queue,178,226,Resolved,Yes,60,No,0,0
4287,2024-12-26 14:00:00,2024-12,Commercial,Phone,Provider Inquiry,2005,Claims Queue,70,249,Resolved,Yes,60,No,0,0
4288,2024-12-26 15:00:00,2024-12,Medicaid,Phone,Claims Status,2037,Enrollment Queue,35,129,Resolved,Yes,30,No,0,0
4289,2024-12-26 16:00:00,2024-12,Medicaid,Phone,Prior Authorization,2006,Enrollment Queue,59,182,Resolved,Yes,90,Yes,0,0
4290,2024-12-26 17:00:00,2024-12,Commercial,Phone,System Access,2056,Benefits Queue,66,588,Abandoned,Yes,60,No,0,1
4291,2024-12-26 18:00:00,2024-12,Commercial,Phone,Prior Authorization,2049,Benefits Queue,153,284,Escalated,Yes,30,No,1,0
4292,2024-12-26 19:00:00,2024-12,Medicare,Phone,Billing,2008,Benefits Queue,29,488,Resolved,Yes,60,Yes,0,0
4293,2024-12-26 20:00:00,2024-12,Medicare,Phone,Enrollment,2041,Enrollment Queue,61,272,Resolved,Yes,90,Yes,0,0
4294,2024-12-26 21:00:00,2024-12,Medicaid,Phone,Provider Inquiry,2024,Benefits Queue,40,352,Resolved,Yes,60,Yes,0,0
4295,2024-12-26 22:00:00,2024-12,Medicaid,IVR,Billing,2007,Benefits Queue,91,631,Abandoned,Yes,30,No,0,1
4296,2024-12-26 23:00:00,2024-12,Commercial,Phone,System Access,2034,Benefits Queue,90,124,Resolved,No,30,No,0,0
4297,2024-12-27 00:00:00,2024-12,Commercial,Phone,Billing,2028,Claims Queue,125,152,Resolved,Yes,60,No,0,0
4298,2024-12-27 01:00:00,2024-12,Medicaid,IVR,Claims Status,2015,Enrollment Queue,114,315,Abandoned,Yes,30,No,0,1
4299,2024-12-27 02:00:00,2024-12,Medicare,Phone,Enrollment,2028,Enrollment Queue,335,178,Resolved,No,60,No,0,0
4300,2024-12-27 03:00:00,2024-12,Medicare,IVR,Enrollment,2039,Benefits Queue,146,176,Escalated,No,90,No,1,0
4301,2024-12-27 04:00:00,2024-12,Medicare,Phone,Claims Status,2001,Benefits Queue,211,380,Resolved,Yes,90,No,0,0
4302,2024-12-27 05:00:00,2024-12,Medicare,Phone,Enrollment,2054,Claims Queue,62,232,Resolved,No,90,Yes,0,0
4303,2024-12-27 06:00:00,2024-12,Medicare,Phone,System Access,2009,Enrollment Queue,165,382,Escalated,Yes,60,No,1,0
4304,2024-12-27 07:00:00,2024-12,Medicaid,Phone,Provider Inquiry,2046,Claims Queue,85,329,Resolved,Yes,90,Yes,0,0
4305,2024-12-27 08:00:00,2024-12,Medicaid,Portal,Claims Status,2028,Enrollment Queue,74,631,Resolved,Yes,60,No,0,0
4306,2024-12-27 09:00:00,2024-12,Medicaid,IVR,Prior Authorization,2017,Benefits Queue,67,486,Resolved,No,30,No,0,0
4307,2024-12-27 10:00:00,2024-12,Medicaid,Phone,Billing,2053,Enrollment Queue,46,72,Resolved,No,30,No,0,0
4308,2024-12-27 11:00:00,2024-12,Medicaid,Phone,Benefits Coverage,2019,Claims Queue,149,128,Resolved,Yes,30,No,0,0
4309,2024-12-27 12:00:00,2024-12,Commercial,Phone,Claims Status,2007,Benefits Queue,22,344,Resolved,Yes,60,Yes,0,0
4310,2024-12-27 13:00:00,2024-12,Commercial,Phone,Benefits Coverage,2052,Claims Queue,162,393,Resolved,Yes,60,No,0,0
4311,2024-12-27 14:00:00,2024-12,Medicare,Phone,Billing,2016,Claims Queue,96,513,Escalated,Yes,90,No,1,0
4312,2024-12-27 15:00:00,2024-12,Medicaid,Phone,Provider Inquiry,2023,Enrollment Queue,75,462,Resolved,Yes,30,No,0,0
4313,2024-12-27 16:00:00,2024-12,Medicare,Phone,System Access,2040,Claims Queue,13,179,Resolved,No,30,Yes,0,0
4314,2024-12-27 17:00:00,2024-12,Medicare,Phone,Benefits Coverage,2008,Benefits Queue,62,786,Resolved,No,30,No,0,0
4315,2024-12-27 18:00:00,2024-12,Medicaid,IVR,Prior Authorization,2043,Claims Queue,89,338,Resolved,Yes,60,No,0,0
4316,2024-12-27 19:00:00,2024-12,Commercial,IVR,Claims Status,2049,Claims Queue,98,633,Abandoned,Yes,60,No,0,1
4317,2024-12-27 20:00:00,2024-12,Medicare,Phone,Provider Inquiry,2003,Claims Queue,202,308,Resolved,Yes,30,No,0,0
4318,2024-12-27 21:00:00,2024-12,Medicare,Phone,Enrollment,2043,Enrollment Queue,57,338,Escalated,Yes,60,Yes,1,0
4319,2024-12-27 22:00:00,2024-12,Medicaid,Phone,Billing,2054,Benefits Queue,113,198,Abandoned,Yes,30,No,0,1
4320,2024-12-27 23:00:00,2024-12,Medicaid,IVR,Prior Authorization,2031,Claims Queue,104,318,Abandoned,Yes,60,No,0,1
4321,2024-12-28 00:00:00,2024-12,Medicaid,Phone,System Access,2022,Enrollment Queue,206,135,Escalated,Yes,60,No,1,0
4322,2024-12-28 01:00:00,2024-12,Medicare,Phone,Prior Authorization,2010,Enrollment Queue,116,199,Resolved,Yes,60,No,0,0
4323,2024-12-28 02:00:00,2024-12,Medicare,Phone,Enrollment,2032,Claims Queue,87,516,Resolved,No,60,No,0,0
4324,2024-12-28 03:00:00,2024-12,Commercial,Phone,Claims Status,2013,Benefits Queue,85,70,Resolved,Yes,60,No,0,0
4325,2024-12-28 04:00:00,2024-12,Medicare,IVR,Benefits Coverage,2004,Claims Queue,51,390,Resolved,Yes,60,Yes,0,0
4326,2024-12-28 05:00:00,2024-12,Medicaid,IVR,Billing,2020,Claims Queue,127,405,Resolved,Yes,30,No,0,0
4327,2024-12-28 06:00:00,2024-12,Commercial,Phone,Billing,2003,Claims Queue,76,196,Resolved,Yes,30,No,0,0
4328,2024-12-28 07:00:00,2024-12,Medicare,Phone,Benefits Coverage,2053,Enrollment Queue,20,442,Resolved,No,90,Yes,0,0
4329,2024-12-28 08:00:00,2024-12,Commercial,Portal,Provider Inquiry,2013,Benefits Queue,176,279,Resolved,Yes,90,No,0,0
4330,2024-12-28 09:00:00,2024-12,Medicaid,Phone,Provider Inquiry,2009,Enrollment Queue,144,202,Escalated,No,60,No,1,0
4331,2024-12-28 10:00:00,2024-12,Medicaid,Phone,Prior Authorization,2024,Enrollment Queue,130,75,Escalated,Yes,90,No,1,0
4332,2024-12-28 11:00:00,2024-12,Commercial,Phone,System Access,2021,Benefits Queue,315,303,Resolved,Yes,30,No,0,0
4333,2024-12-28 12:00:00,2024-12,Medicaid,Portal,Claims Status,2042,Benefits Queue,54,828,Resolved,Yes,30,No,0,0
4334,2024-12-28 13:00:00,2024-12,Medicaid,Phone,Provider Inquiry,2037,Enrollment Queue,28,334,Abandoned,Yes,30,Yes,0,1
4335,2024-12-28 14:00:00,2024-12,Medicare,Phone,Billing,2025,Claims Queue,110,517,Escalated,Yes,60,No,1,0
4336,2024-12-28 15:00:00,2024-12,Medicare,Phone,System Access,2017,Benefits Queue,42,100,Escalated,Yes,30,No,1,0
4337,2024-12-28 16:00:00,2024-12,Medicaid,Phone,Prior Authorization,2043,Claims Queue,163,471,Escalated,No,60,No,1,0
4338,2024-12-28 17:00:00,2024-12,Medicaid,Phone,Prior Authorization,2024,Benefits Queue,140,289,Resolved,Yes,60,No,0,0
4339,2024-12-28 18:00:00,2024-12,Medicare,IVR,Billing,2048,Benefits Queue,269,580,Resolved,Yes,30,No,0,0
4340,2024-12-28 19:00:00,2024-12,Medicare,Phone,Benefits Coverage,2002,Enrollment Queue,196,624,Resolved,No,60,No,0,0
4341,2024-12-28 20:00:00,2024-12,Commercial,Phone,Enrollment,2001,Benefits Queue,245,455,Resolved,Yes,30,No,0,0
4342,2024-12-28 21:00:00,2024-12,Medicaid,Phone,System Access,2050,Claims Queue,71,475,Resolved,Yes,90,Yes,0,0
4343,2024-12-28 22:00:00,2024-12,Medicaid,IVR,Prior Authorization,2019,Benefits Queue,32,347,Abandoned,No,60,Yes,0,1
4344,2024-12-28 23:00:00,2024-12,Medicare,Portal,Provider Inquiry,2007,Claims Queue,229,224,Resolved,Yes,90,No,0,0
4345,2024-12-29 00:00:00,2024-12,Medicare,IVR,Billing,2037,Claims Queue,73,348,Resolved,Yes,30,No,0,0
4346,2024-12-29 01:00:00,2024-12,Medicaid,Phone,Billing,2014,Enrollment Queue,13,329,Escalated,Yes,90,Yes,1,0
4347,2024-12-29 02:00:00,2024-12,Medicaid,Phone,Billing,2043,Benefits Queue,84,318,Resolved,Yes,60,No,0,0
4348,2024-12-29 03:00:00,2024-12,Medicaid,Phone,Prior Authorization,2021,Claims Queue,168,267,Resolved,Yes,60,No,0,0
4349,2024-12-29 04:00:00,2024-12,Medicaid,Phone,System Access,2006,Benefits Queue,133,170,Resolved,Yes,30,No,0,0
4350,2024-12-29 05:00:00,2024-12,Medicare,IVR,Provider Inquiry,2020,Enrollment Queue,314,15,Resolved,Yes,60,No,0,0
4351,2024-12-29 06:00:00,2024-12,Medicaid,Portal,Prior Authorization,2025,Enrollment Queue,138,220,Abandoned,Yes,90,No,0,1
4352,2024-12-29 07:00:00,2024-12,Medicaid,Phone,Provider Inquiry,2007,Enrollment Queue,37,357,Resolved,Yes,30,No,0,0
4353,2024-12-29 08:00:00,2024-12,Commercial,Phone,Provider Inquiry,2032,Benefits Queue,70,236,Resolved,Yes,90,Yes,0,0
4354,2024-12-29 09:00:00,2024-12,Medicare,Portal,Provider Inquiry,2035,Enrollment Queue,15,765,Resolved,Yes,60,Yes,0,0
4355,2024-12-29 10:00:00,2024-12,Medicaid,Phone,Provider Inquiry,2041,Enrollment Queue,25,221,Resolved,Yes,90,Yes,0,0
4356,2024-12-29 11:00:00,2024-12,Medicare,Phone,Prior Authorization,2045,Enrollment Queue,57,222,Abandoned,Yes,90,Yes,0,1
4357,2024-12-29 12:00:00,2024-12,Medicaid,Phone,Provider Inquiry,2041,Claims Queue,181,308,Escalated,No,30,No,1,0
4358,2024-12-29 13:00:00,2024-12,Medicaid,Phone,Enrollment,2055,Claims Queue,115,109,Escalated,No,60,No,1,0
4359,2024-12-29 14:00:00,2024-12,Medicare,Phone,Benefits Coverage,2002,Claims Queue,170,234,Resolved,No,30,No,0,0
4360,2024-12-29 15:00:00,2024-12,Medicare,Phone,Prior Authorization,2036,Benefits Queue,78,167,Resolved,Yes,60,No,0,0
4361,2024-12-29 16:00:00,2024-12,Commercial,Phone,Benefits Coverage,2023,Claims Queue,124,378,Resolved,Yes,30,No,0,0
4362,2024-12-29 17:00:00,2024-12,Medicaid,Phone,Provider Inquiry,2057,Claims Queue,83,208,Resolved,Yes,30,No,0,0
4363,2024-12-29 18:00:00,2024-12,Medicaid,Phone,Prior Authorization,2017,Benefits Queue,49,586,Escalated,Yes,30,No,1,0
4364,2024-12-29 19:00:00,2024-12,Medicaid,Phone,System Access,2054,Claims Queue,130,184,Resolved,Yes,60,No,0,0
4365,2024-12-29 20:00:00,2024-12,Medicaid,Phone,Claims Status,2003,Enrollment Queue,356,537,Escalated,No,60,No,1,0
4366,2024-12-29 21:00:00,2024-12,Medicaid,Phone,Billing,2041,Enrollment Queue,349,315,Escalated,Yes,30,No,1,0
4367,2024-12-29 22:00:00,2024-12,Medicaid,Phone,Benefits Coverage,2038,Enrollment Queue,90,371,Resolved,Yes,90,Yes,0,0
4368,2024-12-29 23:00:00,2024-12,Medicaid,IVR,Prior Authorization,2005,Enrollment Queue,92,109,Abandoned,Yes,30,No,0,1
4369,2024-12-30 00:00:00,2024-12,Commercial,Phone,Billing,2043,Enrollment Queue,31,351,Resolved,Yes,60,Yes,0,0
4370,2024-12-30 01:00:00,2024-12,Commercial,IVR,Enrollment,2049,Benefits Queue,68,183,Resolved,Yes,60,No,0,0
4371,2024-12-30 02:00:00,2024-12,Medicaid,Phone,Provider Inquiry,2049,Claims Queue,58,455,Resolved,No,30,No,0,0
4372,2024-12-30 03:00:00,2024-12,Medicaid,Phone,Claims Status,2049,Claims Queue,91,570,Escalated,Yes,30,No,1,0
4373,2024-12-30 04:00:00,2024-12,Commercial,Phone,System Access,2028,Benefits Queue,57,372,Resolved,Yes,60,Yes,0,0
4374,2024-12-30 05:00:00,2024-12,Medicare,Phone,System Access,2024,Enrollment Queue,31,125,Resolved,Yes,60,Yes,0,0
4375,2024-12-30 06:00:00,2024-12,Commercial,Phone,Benefits Coverage,2016,Benefits Queue,23,767,Resolved,Yes,60,Yes,0,0
4376,2024-12-30 07:00:00,2024-12,Medicaid,IVR,Billing,2006,Benefits Queue,104,556,Resolved,Yes,60,No,0,0
4377,2024-12-30 08:00:00,2024-12,Medicaid,Phone,Enrollment,2041,Claims Queue,67,604,Resolved,No,60,No,0,0
4378,2024-12-30 09:00:00,2024-12,Medicaid,Phone,Prior Authorization,2041,Benefits Queue,45,217,Resolved,Yes,90,Yes,0,0
4379,2024-12-30 10:00:00,2024-12,Medicaid,IVR,Billing,2022,Claims Queue,47,791,Abandoned,Yes,60,Yes,0,1
4380,2024-12-30 11:00:00,2024-12,Medicare,Phone,Enrollment,2055,Claims Queue,42,425,Escalated,Yes,30,No,1,0
4381,2024-12-30 12:00:00,2024-12,Medicare,Phone,Enrollment,2006,Enrollment Queue,57,327,Abandoned,Yes,60,Yes,0,1
4382,2024-12-30 13:00:00,2024-12,Medicaid,Phone,Prior Authorization,2006,Claims Queue,71,702,Resolved,Yes,30,No,0,0
4383,2024-12-30 14:00:00,2024-12,Commercial,IVR,Enrollment,2047,Claims Queue,50,174,Abandoned,Yes,60,Yes,0,1
4384,2024-12-30 15:00:00,2024-12,Medicare,Phone,Enrollment,2058,Claims Queue,40,328,Resolved,Yes,30,No,0,0
4385,2024-12-30 16:00:00,2024-12,Medicaid,Portal,Benefits Coverage,2001,Claims Queue,64,408,Resolved,No,60,No,0,0
4386,2024-12-30 17:00:00,2024-12,Medicaid,Phone,Claims Status,2021,Enrollment Queue,16,320,Escalated,Yes,30,Yes,1,0
4387,2024-12-30 18:00:00,2024-12,Medicare,IVR,Provider Inquiry,2045,Enrollment Queue,96,567,Resolved,No,60,No,0,0
4388,2024-12-30 19:00:00,2024-12,Medicare,Phone,Billing,2027,Claims Queue,192,166,Resolved,Yes,60,No,0,0
4389,2024-12-30 20:00:00,2024-12,Medicare,Phone,Provider Inquiry,2017,Claims Queue,55,388,Resolved,Yes,90,Yes,0,0
4390,2024-12-30 21:00:00,2024-12,Commercial,Portal,System Access,2052,Benefits Queue,104,214,Resolved,Yes,90,No,0,0
4391,2024-12-30 22:00:00,2024-12,Medicare,IVR,Billing,2005,Benefits Queue,40,414,Resolved,Yes,30,No,0,0
4392,2024-12-30 23:00:00,2024-12,Medicaid,Phone,System Access,2002,Enrollment Queue,91,293,Escalated,Yes,30,No,1,0
4393,2024-12-31 00:00:00,2024-12,Medicare,Phone,System Access,2026,Claims Queue,47,168,Resolved,Yes,60,Yes,0,0
4394,2024-12-31 01:00:00,2024-12,Medicare,Phone,System Access,2059,Claims Queue,39,54,Escalated,Yes,60,Yes,1,0
4395,2024-12-31 02:00:00,2024-12,Medicaid,IVR,Billing,2031,Claims Queue,175,460,Resolved,Yes,90,No,0,0
4396,2024-12-31 03:00:00,2024-12,Medicare,Phone,System Access,2041,Claims Queue,28,688,Resolved,Yes,60,Yes,0,0
4397,2024-12-31 04:00:00,2024-12,Commercial,IVR,Benefits Coverage,2054,Enrollment Queue,64,238,Escalated,Yes,90,Yes,1,0
4398,2024-12-31 05:00:00,2024-12,Medicare,Phone,Benefits Coverage,2002,Benefits Queue,41,294,Resolved,Yes,60,Yes,0,0
4399,2024-12-31 06:00:00,2024-12,Medicare,Phone,Benefits Coverage,2003,Claims Queue,202,480,Abandoned,Yes,30,No,0,1
4400,2024-12-31 07:00:00,2024-12,Medicaid,Phone,Benefits Coverage,2001,Benefits Queue,8,652,Resolved,Yes,30,Yes,0,0
4401,2024-12-31 08:00:00,2024-12,Medicaid,Phone,Enrollment,2058,Benefits Queue,72,637,Resolved,No,30,No,0,0
4402,2024-12-31 09:00:00,2024-12,Medicaid,Phone,Billing,2002,Benefits Queue,62,602,Resolved,Yes,30,No,0,0
4403,2024-12-31 10:00:00,2024-12,Commercial,Phone,Prior Authorization,2036,Benefits Queue,91,1027,Resolved,Yes,90,No,0,0
4404,2024-12-31 11:00:00,2024-12,Medicaid,Phone,Billing,2032,Enrollment Queue,54,392,Resolved,Yes,30,No,0,0
4405,2024-12-31 12:00:00,2024-12,Medicaid,Phone,System Access,2039,Enrollment Queue,52,725,Abandoned,Yes,30,No,0,1
4406,2024-12-31 13:00:00,2024-12,Medicare,Portal,Claims Status,2027,Enrollment Queue,245,536,Escalated,Yes,60,No,1,0
4407,2024-12-31 14:00:00,2024-12,Commercial,Phone,Claims Status,2006,Enrollment Queue,67,421,Escalated,No,60,No,1,0
4408,2024-12-31 15:00:00,2024-12,Commercial,Phone,System Access,2054,Enrollment Queue,199,223,Resolved,No,30,No,0,0
4409,2024-12-31 16:00:00,2024-12,Medicare,Phone,Prior Authorization,2032,Enrollment Queue,79,441,Resolved,No,60,No,0,0
4410,2024-12-31 17:00:00,2024-12,Medicaid,IVR,Billing,2019,Benefits Queue,66,291,Resolved,Yes,90,Yes,0,0
4411,2024-12-31 18:00:00,2024-12,Medicaid,Portal,Provider Inquiry,2052,Benefits Queue,41,364,Resolved,No,30,No,0,0
4412,2024-12-31 19:00:00,2024-12,Commercial,Phone,Claims Status,2041,Claims Queue,71,472,Resolved,No,90,Yes,0,0
4413,2024-12-31 20:00:00,2024-12,Medicaid,Phone,Claims Status,2022,Enrollment Queue,75,267,Abandoned,Yes,60,No,0,1
4414,2024-12-31 21:00:00,2024-12,Medicaid,Phone,Benefits Coverage,2024,Claims Queue,122,210,Resolved,Yes,60,No,0,0
4415,2024-12-31 22:00:00,2024-12,Commercial,Phone,System Access,2057,Claims Queue,53,515,Escalated,Yes,30,No,1,0
4416,2024-12-31 23:00:00,2024-12,Commercial,IVR,Prior Authorization,2005,Claims Queue,32,440,Abandoned,Yes,30,No,0,1
4417,2025-01-01 00:00:00,2025-01,Medicare,Phone,Billing,2023,Enrollment Queue,37,462,Resolved,Yes,60,Yes,0,0
4418,2025-01-01 01:00:00,2025-01,Medicaid,Phone,System Access,2058,Claims Queue,90,156,Resolved,No,60,No,0,0
4419,2025-01-01 02:00:00,2025-01,Medicare,Phone,System Access,2039,Enrollment Queue,32,443,Resolved,No,60,Yes,0,0
4420,2025-01-01 03:00:00,2025-01,Medicaid,IVR,System Access,2056,Enrollment Queue,71,198,Resolved,Yes,60,No,0,0
4421,2025-01-01 04:00:00,2025-01,Medicaid,Phone,Prior Authorization,2033,Claims Queue,52,338,Abandoned,Yes,90,Yes,0,1
4422,2025-01-01 05:00:00,2025-01,Medicaid,Phone,Prior Authorization,2018,Benefits Queue,382,348,Resolved,Yes,30,No,0,0
4423,2025-01-01 06:00:00,2025-01,Medicaid,Phone,Provider Inquiry,2056,Claims Queue,154,114,Resolved,Yes,90,No,0,0
4424,2025-01-01 07:00:00,2025-01,Commercial,Phone,Provider Inquiry,2027,Claims Queue,80,246,Resolved,Yes,90,Yes,0,0
4425,2025-01-01 08:00:00,2025-01,Medicare,IVR,Enrollment,2022,Enrollment Queue,51,346,Escalated,Yes,30,No,1,0
4426,2025-01-01 09:00:00,2025-01,Medicare,Phone,Provider Inquiry,2023,Enrollment Queue,124,376,Resolved,No,30,No,0,0
4427,2025-01-01 10:00:00,2025-01,Medicare,Phone,System Access,2022,Benefits Queue,27,427,Resolved,Yes,90,Yes,0,0
4428,2025-01-01 11:00:00,2025-01,Medicaid,Phone,System Access,2050,Claims Queue,61,196,Resolved,Yes,30,No,0,0
4429,2025-01-01 12:00:00,2025-01,Medicaid,Phone,Claims Status,2019,Claims Queue,95,214,Escalated,Yes,30,No,1,0
4430,2025-01-01 13:00:00,2025-01,Medicaid,Phone,Billing,2040,Claims Queue,101,249,Resolved,Yes,60,No,0,0
4431,2025-01-01 14:00:00,2025-01,Commercial,Portal,Billing,2001,Benefits Queue,167,353,Resolved,Yes,30,No,0,0
4432,2025-01-01 15:00:00,2025-01,Medicare,Phone,System Access,2051,Benefits Queue,66,181,Resolved,Yes,30,No,0,0
4433,2025-01-01 16:00:00,2025-01,Medicaid,Phone,Enrollment,2008,Enrollment Queue,214,251,Escalated,Yes,60,No,1,0
4434,2025-01-01 17:00:00,2025-01,Medicaid,Phone,Provider Inquiry,2019,Enrollment Queue,79,642,Resolved,Yes,30,No,0,0
4435,2025-01-01 18:00:00,2025-01,Medicare,Phone,Provider Inquiry,2042,Claims Queue,111,402,Resolved,No,30,No,0,0
4436,2025-01-01 19:00:00,2025-01,Medicaid,IVR,Billing,2006,Claims Queue,89,718,Resolved,Yes,30,No,0,0
4437,2025-01-01 20:00:00,2025-01,Medicaid,Portal,Provider Inquiry,2044,Enrollment Queue,43,349,Resolved,Yes,30,No,0,0
4438,2025-01-01 21:00:00,2025-01,Medicare,Phone,Billing,2002,Claims Queue,90,294,Resolved,Yes,60,No,0,0
4439,2025-01-01 22:00:00,2025-01,Commercial,Portal,Enrollment,2026,Benefits Queue,191,518,Resolved,Yes,30,No,0,0
4440,2025-01-01 23:00:00,2025-01,Medicaid,Phone,Billing,2058,Claims Queue,227,268,Resolved,Yes,30,No,0,0
4441,2025-01-02 00:00:00,2025-01,Medicaid,IVR,Claims Status,2014,Benefits Queue,85,462,Resolved,Yes,60,No,0,0
4442,2025-01-02 01:00:00,2025-01,Medicare,Phone,Billing,2054,Enrollment Queue,78,572,Abandoned,Yes,90,Yes,0,1
4443,2025-01-02 02:00:00,2025-01,Medicare,Phone,Provider Inquiry,2046,Enrollment Queue,16,807,Escalated,Yes,60,Yes,1,0
4444,2025-01-02 03:00:00,2025-01,Medicare,Phone,Enrollment,2048,Enrollment Queue,185,549,Abandoned,Yes,30,No,0,1
4445,2025-01-02 04:00:00,2025-01,Medicare,Phone,Benefits Coverage,2027,Enrollment Queue,76,120,Abandoned,Yes,60,No,0,1
4446,2025-01-02 05:00:00,2025-01,Commercial,Phone,Claims Status,2035,Claims Queue,98,306,Abandoned,Yes,30,No,0,1
4447,2025-01-02 06:00:00,2025-01,Medicaid,Portal,Benefits Coverage,2036,Claims Queue,10,648,Resolved,Yes,30,Yes,0,0
4448,2025-01-02 07:00:00,2025-01,Medicare,IVR,System Access,2025,Claims Queue,31,206,Escalated,Yes,60,Yes,1,0
4449,2025-01-02 08:00:00,2025-01,Medicaid,Phone,Billing,2025,Benefits Queue,323,436,Resolved,Yes,60,No,0,0
4450,2025-01-02 09:00:00,2025-01,Medicaid,Phone,Enrollment,2027,Benefits Queue,60,244,Escalated,No,60,Yes,1,0
4451,2025-01-02 10:00:00,2025-01,Medicaid,Phone,Billing,2012,Benefits Queue,46,445,Resolved,Yes,30,No,0,0
4452,2025-01-02 11:00:00,2025-01,Medicaid,Phone,Benefits Coverage,2056,Benefits Queue,23,577,Resolved,Yes,90,Yes,0,0
4453,2025-01-02 12:00:00,2025-01,Commercial,Phone,Claims Status,2022,Benefits Queue,36,512,Resolved,Yes,30,No,0,0
4454,2025-01-02 13:00:00,2025-01,Medicaid,Phone,Claims Status,2053,Benefits Queue,85,277,Resolved,Yes,30,No,0,0
4455,2025-01-02 14:00:00,2025-01,Medicaid,Phone,System Access,2043,Benefits Queue,42,372,Resolved,Yes,30,No,0,0
4456,2025-01-02 15:00:00,2025-01,Medicaid,Phone,Enrollment,2031,Enrollment Queue,58,500,Escalated,Yes,60,Yes,1,0
4457,2025-01-02 16:00:00,2025-01,Medicare,Phone,Billing,2016,Benefits Queue,104,425,Escalated,No,30,No,1,0
4458,2025-01-02 17:00:00,2025-01,Medicare,Portal,System Access,2024,Benefits Queue,44,352,Resolved,Yes,60,Yes,0,0
4459,2025-01-02 18:00:00,2025-01,Medicare,Phone,Provider Inquiry,2016,Benefits Queue,71,398,Resolved,Yes,60,No,0,0
4460,2025-01-02 19:00:00,2025-01,Medicare,Phone,System Access,2051,Benefits Queue,144,494,Resolved,Yes,60,No,0,0
4461,2025-01-02 20:00:00,2025-01,Medicaid,Phone,Enrollment,2012,Enrollment Queue,43,124,Resolved,Yes,30,No,0,0
4462,2025-01-02 21:00:00,2025-01,Medicare,IVR,System Access,2054,Enrollment Queue,75,252,Abandoned,Yes,60,No,0,1
4463,2025-01-02 22:00:00,2025-01,Medicare,Phone,Billing,2021,Benefits Queue,99,469,Resolved,Yes,60,No,0,0
4464,2025-01-02 23:00:00,2025-01,Medicaid,Phone,System Access,2021,Claims Queue,148,112,Resolved,Yes,30,No,0,0
4465,2025-01-03 00:00:00,2025-01,Medicaid,IVR,Prior Authorization,2036,Enrollment Queue,100,501,Resolved,Yes,30,No,0,0
4466,2025-01-03 01:00:00,2025-01,Commercial,Phone,Benefits Coverage,2055,Claims Queue,111,484,Resolved,Yes,30,No,0,0
4467,2025-01-03 02:00:00,2025-01,Medicare,Phone,Claims Status,2017,Benefits Queue,131,176,Resolved,Yes,60,No,0,0
4468,2025-01-03 03:00:00,2025-01,Medicare,Phone,System Access,2018,Benefits Queue,46,519,Resolved,No,60,Yes,0,0
4469,2025-01-03 04:00:00,2025-01,Medicare,Phone,System Access,2024,Enrollment Queue,61,588,Resolved,Yes,30,No,0,0
4470,2025-01-03 05:00:00,2025-01,Medicare,Phone,System Access,2040,Claims Queue,110,190,Resolved,Yes,60,No,0,0
4471,2025-01-03 06:00:00,2025-01,Medicaid,IVR,Benefits Coverage,2039,Benefits Queue,43,514,Resolved,Yes,60,Yes,0,0
4472,2025-01-03 07:00:00,2025-01,Medicaid,Phone,Claims Status,2039,Claims Queue,56,68,Resolved,Yes,30,No,0,0
4473,2025-01-03 08:00:00,2025-01,Medicare,Phone,System Access,2001,Benefits Queue,64,290,Resolved,Yes,30,No,0,0
4474,2025-01-03 09:00:00,2025-01,Medicare,Phone,Billing,2004,Benefits Queue,351,169,Resolved,Yes,60,No,0,0
4475,2025-01-03 10:00:00,2025-01,Commercial,Phone,Claims Status,2023,Claims Queue,301,452,Abandoned,Yes,60,No,0,1
4476,2025-01-03 11:00:00,2025-01,Medicare,IVR,Billing,2039,Claims Queue,107,242,Resolved,Yes,60,No,0,0
4477,2025-01-03 12:00:00,2025-01,Medicare,IVR,Billing,2013,Benefits Queue,92,264,Resolved,No,60,No,0,0
4478,2025-01-03 13:00:00,2025-01,Medicare,Phone,Billing,2029,Enrollment Queue,118,184,Escalated,No,30,No,1,0
4479,2025-01-03 14:00:00,2025-01,Medicaid,IVR,Enrollment,2012,Enrollment Queue,35,292,Resolved,Yes,30,No,0,0
4480,2025-01-03 15:00:00,2025-01,Medicare,Phone,System Access,2053,Claims Queue,24,512,Resolved,Yes,90,Yes,0,0
4481,2025-01-03 16:00:00,2025-01,Commercial,Phone,Claims Status,2039,Benefits Queue,155,195,Resolved,Yes,30,No,0,0
4482,2025-01-03 17:00:00,2025-01,Commercial,Phone,Enrollment,2026,Claims Queue,83,254,Resolved,Yes,60,No,0,0
4483,2025-01-03 18:00:00,2025-01,Commercial,Phone,Claims Status,2027,Benefits Queue,104,405,Escalated,No,60,No,1,0
4484,2025-01-03 19:00:00,2025-01,Medicare,Phone,System Access,2003,Enrollment Queue,58,517,Escalated,Yes,30,No,1,0
4485,2025-01-03 20:00:00,2025-01,Medicaid,Portal,System Access,2026,Benefits Queue,52,227,Resolved,No,30,No,0,0
4486,2025-01-03 21:00:00,2025-01,Medicaid,Phone,Prior Authorization,2035,Enrollment Queue,56,195,Resolved,Yes,60,Yes,0,0
4487,2025-01-03 22:00:00,2025-01,Commercial,Phone,System Access,2003,Benefits Queue,75,313,Escalated,Yes,60,No,1,0
4488,2025-01-03 23:00:00,2025-01,Medicaid,Phone,Provider Inquiry,2057,Enrollment Queue,19,184,Resolved,Yes,60,Yes,0,0
4489,2025-01-04 00:00:00,2025-01,Medicaid,Phone,Prior Authorization,2043,Benefits Queue,117,605,Resolved,No,60,No,0,0
4490,2025-01-04 01:00:00,2025-01,Commercial,Portal,Billing,2055,Benefits Queue,200,101,Resolved,Yes,60,No,0,0
4491,2025-01-04 02:00:00,2025-01,Medicaid,Phone,Claims Status,2030,Benefits Queue,33,313,Resolved,Yes,30,No,0,0
4492,2025-01-04 03:00:00,2025-01,Medicare,Phone,Enrollment,2048,Enrollment Queue,66,199,Abandoned,Yes,30,No,0,1
4493,2025-01-04 04:00:00,2025-01,Medicaid,Phone,Prior Authorization,2037,Claims Queue,115,178,Resolved,Yes,30,No,0,0
4494,2025-01-04 05:00:00,2025-01,Medicare,Phone,System Access,2026,Claims Queue,85,171,Resolved,Yes,90,Yes,0,0
4495,2025-01-04 06:00:00,2025-01,Medicare,Phone,Provider Inquiry,2023,Benefits Queue,199,149,Resolved,Yes,60,No,0,0
4496,2025-01-04 07:00:00,2025-01,Medicaid,Phone,Claims Status,2032,Benefits Queue,34,566,Resolved,Yes,30,No,0,0
4497,2025-01-04 08:00:00,2025-01,Medicaid,Phone,Provider Inquiry,2005,Claims Queue,151,946,Resolved,No,30,No,0,0
4498,2025-01-04 09:00:00,2025-01,Medicaid,Phone,Provider Inquiry,2048,Benefits Queue,144,350,Resolved,Yes,30,No,0,0
4499,2025-01-04 10:00:00,2025-01,Medicare,Phone,Billing,2031,Benefits Queue,76,482,Resolved,Yes,30,No,0,0
4500,2025-01-04 11:00:00,2025-01,Commercial,Portal,Prior Authorization,2021,Enrollment Queue,238,314,Resolved,Yes,90,No,0,0
4501,2025-01-04 12:00:00,2025-01,Medicare,Phone,Benefits Coverage,2001,Claims Queue,72,372,Resolved,Yes,60,No,0,0
4502,2025-01-04 13:00:00,2025-01,Medicaid,Portal,Claims Status,2033,Enrollment Queue,16,249,Resolved,Yes,90,Yes,0,0
4503,2025-01-04 14:00:00,2025-01,Medicaid,Phone,Claims Status,2050,Benefits Queue,174,336,Resolved,Yes,60,No,0,0
4504,2025-01-04 15:00:00,2025-01,Medicaid,Phone,Billing,2007,Enrollment Queue,75,592,Resolved,No,30,No,0,0
4505,2025-01-04 16:00:00,2025-01,Medicare,IVR,Billing,2056,Benefits Queue,91,415,Resolved,No,30,No,0,0
4506,2025-01-04 17:00:00,2025-01,Medicare,Phone,System Access,2024,Benefits Queue,185,313,Resolved,Yes,60,No,0,0
4507,2025-01-04 18:00:00,2025-01,Commercial,Phone,Billing,2003,Benefits Queue,66,219,Resolved,No,60,No,0,0
4508,2025-01-04 19:00:00,2025-01,Medicare,Phone,Enrollment,2024,Claims Queue,145,106,Abandoned,No,30,No,0,1
4509,2025-01-04 20:00:00,2025-01,Commercial,Portal,Benefits Coverage,2020,Claims Queue,62,172,Resolved,Yes,30,No,0,0
4510,2025-01-04 21:00:00,2025-01,Medicaid,Phone,Benefits Coverage,2058,Claims Queue,275,472,Abandoned,Yes,90,No,0,1
4511,2025-01-04 22:00:00,2025-01,Medicare,IVR,Enrollment,2021,Enrollment Queue,85,285,Resolved,Yes,30,No,0,0
4512,2025-01-04 23:00:00,2025-01,Medicaid,IVR,Provider Inquiry,2023,Claims Queue,166,236,Resolved,Yes,60,No,0,0
4513,2025-01-05 00:00:00,2025-01,Medicare,Portal,Benefits Coverage,2052,Benefits Queue,91,743,Resolved,Yes,30,No,0,0
4514,2025-01-05 01:00:00,2025-01,Medicaid,Phone,Prior Authorization,2020,Claims Queue,89,479,Escalated,Yes,60,No,1,0
4515,2025-01-05 02:00:00,2025-01,Medicaid,Phone,Provider Inquiry,2005,Enrollment Queue,38,530,Resolved,No,30,No,0,0
4516,2025-01-05 03:00:00,2025-01,Medicaid,Phone,Billing,2052,Benefits Queue,32,508,Escalated,No,90,Yes,1,0
4517,2025-01-05 04:00:00,2025-01,Commercial,Portal,Provider Inquiry,2035,Claims Queue,76,501,Abandoned,Yes,90,Yes,0,1
4518,2025-01-05 05:00:00,2025-01,Medicare,Portal,Prior Authorization,2054,Benefits Queue,127,410,Resolved,Yes,90,No,0,0
4519,2025-01-05 06:00:00,2025-01,Medicaid,Phone,Benefits Coverage,2026,Claims Queue,226,123,Resolved,Yes,30,No,0,0
4520,2025-01-05 07:00:00,2025-01,Commercial,Phone,System Access,2006,Enrollment Queue,34,349,Resolved,Yes,60,Yes,0,0
4521,2025-01-05 08:00:00,2025-01,Commercial,IVR,Enrollment,2010,Claims Queue,64,714,Resolved,No,30,No,0,0
4522,2025-01-05 09:00:00,2025-01,Medicaid,Phone,Enrollment,2019,Benefits Queue,98,108,Resolved,Yes,60,No,0,0
4523,2025-01-05 10:00:00,2025-01,Medicaid,Phone,Provider Inquiry,2044,Claims Queue,103,413,Resolved,No,30,No,0,0
4524,2025-01-05 11:00:00,2025-01,Medicare,Portal,Benefits Coverage,2025,Benefits Queue,117,150,Escalated,Yes,60,No,1,0
4525,2025-01-05 12:00:00,2025-01,Commercial,Phone,Enrollment,2047,Benefits Queue,57,207,Resolved,Yes,90,Yes,0,0
4526,2025-01-05 13:00:00,2025-01,Medicare,Phone,Benefits Coverage,2007,Enrollment Queue,62,406,Resolved,Yes,90,Yes,0,0
4527,2025-01-05 14:00:00,2025-01,Commercial,Phone,Benefits Coverage,2046,Claims Queue,146,361,Abandoned,Yes,60,No,0,1
4528,2025-01-05 15:00:00,2025-01,Medicaid,Portal,Billing,2026,Benefits Queue,131,419,Resolved,No,90,No,0,0
4529,2025-01-05 16:00:00,2025-01,Medicaid,Phone,Provider Inquiry,2014,Benefits Queue,38,63,Escalated,Yes,60,Yes,1,0
4530,2025-01-05 17:00:00,2025-01,Medicaid,Phone,System Access,2020,Enrollment Queue,51,289,Resolved,Yes,30,No,0,0
4531,2025-01-05 18:00:00,2025-01,Medicaid,Phone,Enrollment,2041,Benefits Queue,104,334,Abandoned,Yes,30,No,0,1
4532,2025-01-05 19:00:00,2025-01,Medicare,IVR,Prior Authorization,2039,Enrollment Queue,61,585,Resolved,Yes,30,No,0,0
4533,2025-01-05 20:00:00,2025-01,Commercial,Phone,Benefits Coverage,2036,Claims Queue,98,601,Abandoned,Yes,60,No,0,1
4534,2025-01-05 21:00:00,2025-01,Medicaid,Phone,Billing,2045,Claims Queue,260,209,Escalated,No,60,No,1,0
4535,2025-01-05 22:00:00,2025-01,Medicare,Phone,Enrollment,2047,Benefits Queue,29,499,Resolved,Yes,60,Yes,0,0
4536,2025-01-05 23:00:00,2025-01,Medicaid,IVR,Prior Authorization,2032,Claims Queue,6,329,Resolved,Yes,30,Yes,0,0
4537,2025-01-06 00:00:00,2025-01,Medicaid,Portal,System Access,2045,Benefits Queue,358,285,Resolved,No,60,No,0,0
4538,2025-01-06 01:00:00,2025-01,Medicaid,Phone,Prior Authorization,2036,Enrollment Queue,30,379,Resolved,Yes,30,Yes,0,0
4539,2025-01-06 02:00:00,2025-01,Medicare,Phone,Benefits Coverage,2055,Claims Queue,51,277,Resolved,Yes,90,Yes,0,0
4540,2025-01-06 03:00:00,2025-01,Commercial,Phone,Claims Status,2018,Benefits Queue,126,340,Resolved,Yes,90,No,0,0
4541,2025-01-06 04:00:00,2025-01,Medicaid,Phone,Prior Authorization,2026,Claims Queue,168,261,Resolved,Yes,60,No,0,0
4542,2025-01-06 05:00:00,2025-01,Medicaid,IVR,Claims Status,2001,Enrollment Queue,73,125,Abandoned,Yes,60,No,0,1
4543,2025-01-06 06:00:00,2025-01,Commercial,IVR,Prior Authorization,2037,Benefits Queue,149,595,Resolved,No,60,No,0,0
4544,2025-01-06 07:00:00,2025-01,Medicaid,IVR,System Access,2019,Enrollment Queue,117,771,Resolved,Yes,60,No,0,0
4545,2025-01-06 08:00:00,2025-01,Medicare,Phone,Claims Status,2031,Enrollment Queue,112,750,Escalated,Yes,30,No,1,0
4546,2025-01-06 09:00:00,2025-01,Medicare,Phone,Provider Inquiry,2022,Claims Queue,49,201,Resolved,Yes,30,No,0,0
4547,2025-01-06 10:00:00,2025-01,Medicaid,Phone,Provider Inquiry,2023,Claims Queue,63,526,Resolved,Yes,60,No,0,0
4548,2025-01-06 11:00:00,2025-01,Medicare,Phone,Prior Authorization,2008,Enrollment Queue,80,474,Resolved,No,90,Yes,0,0
4549,2025-01-06 12:00:00,2025-01,Medicaid,Phone,Benefits Coverage,2031,Benefits Queue,44,473,Resolved,Yes,30,No,0,0
4550,2025-01-06 13:00:00,2025-01,Medicaid,IVR,Billing,2002,Enrollment Queue,60,224,Resolved,No,30,No,0,0
4551,2025-01-06 14:00:00,2025-01,Medicaid,IVR,Benefits Coverage,2032,Enrollment Queue,113,148,Resolved,Yes,30,No,0,0
4552,2025-01-06 15:00:00,2025-01,Medicare,Phone,Prior Authorization,2048,Claims Queue,58,290,Resolved,Yes,60,Yes,0,0
4553,2025-01-06 16:00:00,2025-01,Medicare,IVR,Claims Status,2034,Enrollment Queue,25,256,Resolved,Yes,60,Yes,0,0
4554,2025-01-06 17:00:00,2025-01,Medicaid,IVR,Provider Inquiry,2006,Enrollment Queue,77,414,Escalated,Yes,30,No,1,0
4555,2025-01-06 18:00:00,2025-01,Medicaid,Phone,Benefits Coverage,2056,Claims Queue,126,46,Resolved,Yes,30,No,0,0
4556,2025-01-06 19:00:00,2025-01,Medicaid,Phone,Billing,2042,Benefits Queue,164,403,Resolved,Yes,30,No,0,0
4557,2025-01-06 20:00:00,2025-01,Commercial,Phone,System Access,2050,Enrollment Queue,53,528,Resolved,No,30,No,0,0
4558,2025-01-06 21:00:00,2025-01,Medicaid,Phone,System Access,2044,Claims Queue,32,774,Resolved,No,90,Yes,0,0
4559,2025-01-06 22:00:00,2025-01,Medicaid,Portal,System Access,2042,Enrollment Queue,49,316,Resolved,Yes,30,No,0,0
4560,2025-01-06 23:00:00,2025-01,Medicaid,Phone,Billing,2058,Claims Queue,22,402,Resolved,Yes,30,Yes,0,0
4561,2025-01-07 00:00:00,2025-01,Medicare,Portal,Provider Inquiry,2006,Claims Queue,112,210,Resolved,Yes,30,No,0,0
4562,2025-01-07 01:00:00,2025-01,Medicare,IVR,Benefits Coverage,2028,Claims Queue,129,363,Abandoned,Yes,30,No,0,1
4563,2025-01-07 02:00:00,2025-01,Medicare,Phone,Prior Authorization,2009,Claims Queue,75,221,Escalated,Yes,60,No,1,0
4564,2025-01-07 03:00:00,2025-01,Medicare,Phone,Provider Inquiry,2010,Claims Queue,152,290,Resolved,Yes,60,No,0,0
4565,2025-01-07 04:00:00,2025-01,Medicaid,Phone,Claims Status,2016,Claims Queue,98,474,Abandoned,Yes,90,No,0,1
4566,2025-01-07 05:00:00,2025-01,Commercial,IVR,Claims Status,2025,Enrollment Queue,128,163,Abandoned,Yes,30,No,0,1
4567,2025-01-07 06:00:00,2025-01,Medicare,Phone,System Access,2024,Benefits Queue,161,437,Resolved,No,60,No,0,0
4568,2025-01-07 07:00:00,2025-01,Medicaid,Phone,Benefits Coverage,2011,Enrollment Queue,52,120,Resolved,Yes,60,Yes,0,0
4569,2025-01-07 08:00:00,2025-01,Medicare,Phone,Prior Authorization,2050,Enrollment Queue,37,216,Abandoned,Yes,30,No,0,1
4570,2025-01-07 09:00:00,2025-01,Medicaid,Phone,System Access,2053,Claims Queue,107,334,Resolved,Yes,90,No,0,0
4571,2025-01-07 10:00:00,2025-01,Commercial,Phone,Claims Status,2041,Benefits Queue,163,368,Resolved,Yes,30,No,0,0
4572,2025-01-07 11:00:00,2025-01,Commercial,Phone,Enrollment,2005,Enrollment Queue,85,228,Escalated,Yes,30,No,1,0
4573,2025-01-07 12:00:00,2025-01,Medicare,IVR,Enrollment,2046,Benefits Queue,145,202,Resolved,No,90,No,0,0
4574,2025-01-07 13:00:00,2025-01,Medicaid,Portal,Enrollment,2039,Enrollment Queue,43,329,Resolved,Yes,30,No,0,0
4575,2025-01-07 14:00:00,2025-01,Medicare,Portal,Provider Inquiry,2002,Benefits Queue,75,132,Escalated,Yes,60,No,1,0
4576,2025-01-07 15:00:00,2025-01,Medicaid,IVR,Provider Inquiry,2039,Enrollment Queue,53,263,Resolved,No,30,No,0,0
4577,2025-01-07 16:00:00,2025-01,Medicaid,Portal,Benefits Coverage,2045,Benefits Queue,94,193,Resolved,Yes,90,No,0,0
4578,2025-01-07 17:00:00,2025-01,Medicare,Phone,Billing,2040,Benefits Queue,108,579,Escalated,Yes,90,No,1,0
4579,2025-01-07 18:00:00,2025-01,Medicaid,Portal,Billing,2039,Claims Queue,31,442,Resolved,Yes,30,No,0,0
4580,2025-01-07 19:00:00,2025-01,Commercial,Phone,Benefits Coverage,2038,Claims Queue,68,411,Resolved,Yes,90,Yes,0,0
4581,2025-01-07 20:00:00,2025-01,Medicare,IVR,Benefits Coverage,2021,Enrollment Queue,72,236,Resolved,Yes,60,No,0,0
4582,2025-01-07 21:00:00,2025-01,Medicaid,Phone,Billing,2024,Claims Queue,31,515,Resolved,No,30,No,0,0
4583,2025-01-07 22:00:00,2025-01,Medicare,Phone,System Access,2017,Enrollment Queue,69,382,Escalated,Yes,30,No,1,0
4584,2025-01-07 23:00:00,2025-01,Commercial,Phone,System Access,2056,Claims Queue,291,356,Resolved,Yes,60,No,0,0
4585,2025-01-08 00:00:00,2025-01,Medicaid,IVR,Enrollment,2012,Claims Queue,149,207,Resolved,Yes,90,No,0,0
4586,2025-01-08 01:00:00,2025-01,Medicaid,Phone,Prior Authorization,2039,Benefits Queue,22,410,Resolved,Yes,30,Yes,0,0
4587,2025-01-08 02:00:00,2025-01,Medicare,Phone,Enrollment,2002,Benefits Queue,121,300,Resolved,Yes,60,No,0,0
4588,2025-01-08 03:00:00,2025-01,Medicare,Phone,Claims Status,2039,Claims Queue,24,400,Escalated,No,30,Yes,1,0
4589,2025-01-08 04:00:00,2025-01,Medicare,IVR,Claims Status,2036,Claims Queue,114,308,Resolved,No,90,No,0,0
4590,2025-01-08 05:00:00,2025-01,Medicare,Phone,Enrollment,2014,Claims Queue,53,616,Resolved,Yes,30,No,0,0
4591,2025-01-08 06:00:00,2025-01,Commercial,Phone,Prior Authorization,2030,Enrollment Queue,24,318,Resolved,Yes,60,Yes,0,0
4592,2025-01-08 07:00:00,2025-01,Medicare,Phone,Prior Authorization,2055,Enrollment Queue,37,153,Escalated,Yes,30,No,1,0
4593,2025-01-08 08:00:00,2025-01,Medicaid,Phone,Benefits Coverage,2010,Claims Queue,67,205,Resolved,Yes,60,No,0,0
4594,2025-01-08 09:00:00,2025-01,Commercial,Portal,Billing,2043,Benefits Queue,135,340,Resolved,Yes,60,No,0,0
4595,2025-01-08 10:00:00,2025-01,Commercial,Phone,System Access,2058,Enrollment Queue,19,280,Resolved,Yes,30,Yes,0,0
4596,2025-01-08 11:00:00,2025-01,Medicare,Phone,Enrollment,2028,Benefits Queue,89,247,Resolved,Yes,60,No,0,0
4597,2025-01-08 12:00:00,2025-01,Medicare,Phone,Prior Authorization,2046,Claims Queue,85,117,Escalated,Yes,30,No,1,0
4598,2025-01-08 13:00:00,2025-01,Commercial,Phone,System Access,2035,Claims Queue,100,379,Resolved,Yes,30,No,0,0
4599,2025-01-08 14:00:00,2025-01,Medicaid,Portal,Billing,2055,Enrollment Queue,65,332,Abandoned,Yes,30,No,0,1
4600,2025-01-08 15:00:00,2025-01,Medicare,IVR,Enrollment,2017,Claims Queue,36,417,Escalated,Yes,60,Yes,1,0
4601,2025-01-08 16:00:00,2025-01,Medicaid,Phone,Billing,2056,Enrollment Queue,276,388,Resolved,No,60,No,0,0
4602,2025-01-08 17:00:00,2025-01,Medicaid,Phone,Benefits Coverage,2020,Benefits Queue,101,140,Resolved,No,60,No,0,0
4603,2025-01-08 18:00:00,2025-01,Commercial,Phone,Benefits Coverage,2034,Benefits Queue,87,202,Resolved,Yes,60,No,0,0
4604,2025-01-08 19:00:00,2025-01,Medicare,Phone,Benefits Coverage,2052,Enrollment Queue,40,802,Resolved,No,30,No,0,0
4605,2025-01-08 20:00:00,2025-01,Medicaid,Phone,Enrollment,2025,Benefits Queue,29,275,Resolved,No,60,Yes,0,0
4606,2025-01-08 21:00:00,2025-01,Medicaid,Phone,Enrollment,2038,Claims Queue,192,519,Resolved,Yes,30,No,0,0
4607,2025-01-08 22:00:00,2025-01,Medicare,IVR,Claims Status,2059,Benefits Queue,114,384,Resolved,Yes,60,No,0,0
4608,2025-01-08 23:00:00,2025-01,Medicaid,Phone,Provider Inquiry,2029,Claims Queue,35,283,Resolved,Yes,90,Yes,0,0
4609,2025-01-09 00:00:00,2025-01,Medicaid,Phone,Enrollment,2045,Claims Queue,88,375,Resolved,Yes,30,No,0,0
4610,2025-01-09 01:00:00,2025-01,Commercial,Phone,Claims Status,2027,Enrollment Queue,30,311,Resolved,Yes,60,Yes,0,0
4611,2025-01-09 02:00:00,2025-01,Medicaid,Phone,Benefits Coverage,2049,Claims Queue,106,279,Resolved,No,60,No,0,0
4612,2025-01-09 03:00:00,2025-01,Medicare,Phone,Claims Status,2042,Enrollment Queue,203,324,Escalated,No,30,No,1,0
4613,2025-01-09 04:00:00,2025-01,Commercial,Phone,Enrollment,2044,Claims Queue,112,489,Resolved,No,90,No,0,0
4614,2025-01-09 05:00:00,2025-01,Medicaid,Phone,Enrollment,2002,Benefits Queue,35,549,Resolved,Yes,30,No,0,0
4615,2025-01-09 06:00:00,2025-01,Medicaid,Phone,Prior Authorization,2055,Claims Queue,142,118,Resolved,Yes,90,No,0,0
4616,2025-01-09 07:00:00,2025-01,Medicaid,Phone,System Access,2013,Claims Queue,56,187,Resolved,Yes,90,Yes,0,0
4617,2025-01-09 08:00:00,2025-01,Medicaid,Phone,Benefits Coverage,2011,Claims Queue,118,213,Resolved,No,60,No,0,0
4618,2025-01-09 09:00:00,2025-01,Commercial,Phone,System Access,2012,Benefits Queue,189,427,Abandoned,Yes,60,No,0,1
4619,2025-01-09 10:00:00,2025-01,Medicaid,IVR,Billing,2037,Benefits Queue,43,399,Resolved,No,30,No,0,0
4620,2025-01-09 11:00:00,2025-01,Medicaid,Phone,Enrollment,2041,Enrollment Queue,148,358,Resolved,Yes,60,No,0,0
4621,2025-01-09 12:00:00,2025-01,Medicare,IVR,Claims Status,2052,Claims Queue,44,499,Resolved,No,30,No,0,0
4622,2025-01-09 13:00:00,2025-01,Medicaid,Phone,Benefits Coverage,2002,Benefits Queue,20,197,Resolved,Yes,30,Yes,0,0
4623,2025-01-09 14:00:00,2025-01,Medicaid,Portal,Billing,2001,Claims Queue,138,607,Escalated,Yes,60,No,1,0
4624,2025-01-09 15:00:00,2025-01,Medicare,Phone,Prior Authorization,2045,Enrollment Queue,78,403,Resolved,Yes,60,No,0,0
4625,2025-01-09 16:00:00,2025-01,Medicaid,Portal,Benefits Coverage,2017,Benefits Queue,88,924,Resolved,Yes,30,No,0,0
4626,2025-01-09 17:00:00,2025-01,Medicaid,IVR,Prior Authorization,2014,Enrollment Queue,181,104,Resolved,Yes,30,No,0,0
4627,2025-01-09 18:00:00,2025-01,Medicaid,Phone,System Access,2038,Enrollment Queue,129,100,Resolved,No,30,No,0,0
4628,2025-01-09 19:00:00,2025-01,Medicare,Phone,Claims Status,2008,Benefits Queue,58,401,Escalated,Yes,90,Yes,1,0
4629,2025-01-09 20:00:00,2025-01,Medicare,Phone,Benefits Coverage,2058,Enrollment Queue,113,316,Escalated,Yes,30,No,1,0
4630,2025-01-09 21:00:00,2025-01,Medicare,Phone,Provider Inquiry,2040,Enrollment Queue,194,244,Resolved,Yes,30,No,0,0
4631,2025-01-09 22:00:00,2025-01,Medicaid,Phone,Billing,2003,Claims Queue,144,322,Resolved,Yes,60,No,0,0
4632,2025-01-09 23:00:00,2025-01,Medicaid,Portal,Benefits Coverage,2016,Enrollment Queue,185,366,Abandoned,Yes,60,No,0,1
4633,2025-01-10 00:00:00,2025-01,Medicare,Phone,Enrollment,2049,Claims Queue,43,132,Escalated,Yes,60,Yes,1,0
4634,2025-01-10 01:00:00,2025-01,Commercial,IVR,System Access,2057,Enrollment Queue,24,236,Resolved,No,30,Yes,0,0
4635,2025-01-10 02:00:00,2025-01,Medicaid,Phone,System Access,2013,Claims Queue,77,272,Resolved,Yes,90,Yes,0,0
4636,2025-01-10 03:00:00,2025-01,Medicaid,Phone,Claims Status,2052,Enrollment Queue,84,223,Abandoned,Yes,30,No,0,1
4637,2025-01-10 04:00:00,2025-01,Medicaid,Phone,Claims Status,2059,Benefits Queue,169,478,Resolved,Yes,30,No,0,0
4638,2025-01-10 05:00:00,2025-01,Medicare,Phone,Prior Authorization,2047,Enrollment Queue,125,229,Resolved,Yes,60,No,0,0
4639,2025-01-10 06:00:00,2025-01,Medicaid,IVR,System Access,2011,Benefits Queue,92,258,Resolved,No,60,No,0,0
4640,2025-01-10 07:00:00,2025-01,Medicaid,Phone,Provider Inquiry,2053,Claims Queue,113,468,Resolved,Yes,60,No,0,0
4641,2025-01-10 08:00:00,2025-01,Medicaid,IVR,Prior Authorization,2018,Benefits Queue,64,51,Resolved,No,60,No,0,0
4642,2025-01-10 09:00:00,2025-01,Medicaid,Phone,Billing,2037,Claims Queue,255,189,Resolved,Yes,30,No,0,0
4643,2025-01-10 10:00:00,2025-01,Medicare,Phone,Prior Authorization,2009,Claims Queue,148,361,Resolved,Yes,30,No,0,0
4644,2025-01-10 11:00:00,2025-01,Medicaid,Phone,Benefits Coverage,2049,Enrollment Queue,21,360,Escalated,Yes,30,Yes,1,0
4645,2025-01-10 12:00:00,2025-01,Medicare,IVR,System Access,2009,Benefits Queue,192,131,Resolved,Yes,30,No,0,0
4646,2025-01-10 13:00:00,2025-01,Commercial,IVR,Billing,2054,Claims Queue,89,297,Resolved,No,30,No,0,0
4647,2025-01-10 14:00:00,2025-01,Medicare,IVR,Provider Inquiry,2001,Enrollment Queue,108,423,Resolved,Yes,60,No,0,0
4648,2025-01-10 15:00:00,2025-01,Medicare,IVR,Provider Inquiry,2016,Claims Queue,77,253,Abandoned,Yes,60,No,0,1
4649,2025-01-10 16:00:00,2025-01,Medicare,Phone,System Access,2024,Enrollment Queue,141,536,Resolved,Yes,30,No,0,0
4650,2025-01-10 17:00:00,2025-01,Medicare,Portal,Billing,2045,Benefits Queue,75,334,Resolved,Yes,60,No,0,0
4651,2025-01-10 18:00:00,2025-01,Medicaid,Phone,Billing,2023,Claims Queue,68,76,Resolved,Yes,90,Yes,0,0
4652,2025-01-10 19:00:00,2025-01,Commercial,IVR,Enrollment,2044,Claims Queue,54,331,Resolved,Yes,60,Yes,0,0
4653,2025-01-10 20:00:00,2025-01,Medicaid,Phone,Billing,2008,Enrollment Queue,97,428,Resolved,Yes,30,No,0,0
4654,2025-01-10 21:00:00,2025-01,Medicaid,Portal,Billing,2016,Claims Queue,113,327,Resolved,No,30,No,0,0
4655,2025-01-10 22:00:00,2025-01,Commercial,Phone,Prior Authorization,2037,Enrollment Queue,40,562,Resolved,Yes,60,Yes,0,0
4656,2025-01-10 23:00:00,2025-01,Medicaid,Phone,Provider Inquiry,2013,Enrollment Queue,38,245,Resolved,Yes,60,Yes,0,0
4657,2025-01-11 00:00:00,2025-01,Medicaid,Phone,Prior Authorization,2050,Claims Queue,16,362,Resolved,No,30,Yes,0,0
4658,2025-01-11 01:00:00,2025-01,Medicaid,Phone,Prior Authorization,2017,Enrollment Queue,135,299,Resolved,Yes,60,No,0,0
4659,2025-01-11 02:00:00,2025-01,Commercial,Portal,Prior Authorization,2017,Claims Queue,92,405,Resolved,Yes,90,No,0,0
4660,2025-01-11 03:00:00,2025-01,Medicaid,IVR,Claims Status,2046,Enrollment Queue,84,750,Resolved,No,90,Yes,0,0
4661,2025-01-11 04:00:00,2025-01,Medicare,Phone,Billing,2008,Benefits Queue,73,1141,Resolved,Yes,60,No,0,0
4662,2025-01-11 05:00:00,2025-01,Medicare,Portal,Prior Authorization,2013,Benefits Queue,22,527,Abandoned,Yes,60,Yes,0,1
4663,2025-01-11 06:00:00,2025-01,Medicaid,Phone,Prior Authorization,2043,Enrollment Queue,86,709,Escalated,No,60,No,1,0
4664,2025-01-11 07:00:00,2025-01,Medicaid,Phone,Enrollment,2016,Benefits Queue,87,389,Escalated,No,30,No,1,0
4665,2025-01-11 08:00:00,2025-01,Medicare,Phone,Claims Status,2053,Enrollment Queue,74,280,Resolved,Yes,90,Yes,0,0
4666,2025-01-11 09:00:00,2025-01,Medicaid,Phone,Provider Inquiry,2035,Benefits Queue,49,192,Abandoned,Yes,30,No,0,1
4667,2025-01-11 10:00:00,2025-01,Medicaid,Portal,Provider Inquiry,2036,Benefits Queue,28,362,Resolved,No,30,Yes,0,0
4668,2025-01-11 11:00:00,2025-01,Medicare,IVR,Provider Inquiry,2056,Enrollment Queue,120,539,Resolved,Yes,90,No,0,0
4669,2025-01-11 12:00:00,2025-01,Commercial,Portal,Benefits Coverage,2053,Claims Queue,118,478,Resolved,Yes,90,No,0,0
4670,2025-01-11 13:00:00,2025-01,Medicaid,Phone,Claims Status,2040,Benefits Queue,110,753,Abandoned,Yes,60,No,0,1
4671,2025-01-11 14:00:00,2025-01,Medicaid,IVR,Benefits Coverage,2027,Benefits Queue,50,506,Resolved,No,60,Yes,0,0
4672,2025-01-11 15:00:00,2025-01,Medicaid,Phone,Claims Status,2012,Claims Queue,186,358,Resolved,Yes,60,No,0,0
4673,2025-01-11 16:00:00,2025-01,Medicaid,Phone,Billing,2044,Benefits Queue,16,109,Abandoned,No,90,Yes,0,1
4674,2025-01-11 17:00:00,2025-01,Medicare,Phone,Prior Authorization,2026,Claims Queue,110,159,Escalated,Yes,30,No,1,0
4675,2025-01-11 18:00:00,2025-01,Commercial,Phone,System Access,2021,Enrollment Queue,149,39,Escalated,Yes,60,No,1,0
4676,2025-01-11 19:00:00,2025-01,Medicare,Phone,Billing,2045,Benefits Queue,78,557,Escalated,Yes,60,No,1,0
4677,2025-01-11 20:00:00,2025-01,Medicaid,Phone,Prior Authorization,2042,Benefits Queue,99,338,Escalated,No,30,No,1,0
4678,2025-01-11 21:00:00,2025-01,Medicare,Phone,Billing,2021,Benefits Queue,27,116,Resolved,Yes,60,Yes,0,0
4679,2025-01-11 22:00:00,2025-01,Medicaid,Phone,System Access,2015,Benefits Queue,149,853,Escalated,No,60,No,1,0
4680,2025-01-11 23:00:00,2025-01,Medicaid,Phone,Billing,2015,Benefits Queue,147,75,Abandoned,Yes,90,No,0,1
4681,2025-01-12 00:00:00,2025-01,Medicaid,Phone,Billing,2001,Benefits Queue,19,547,Resolved,Yes,60,Yes,0,0
4682,2025-01-12 01:00:00,2025-01,Commercial,IVR,Claims Status,2003,Claims Queue,89,312,Escalated,Yes,30,No,1,0
4683,2025-01-12 02:00:00,2025-01,Medicare,IVR,Provider Inquiry,2046,Enrollment Queue,167,347,Escalated,Yes,90,No,1,0
4684,2025-01-12 03:00:00,2025-01,Medicaid,Phone,Enrollment,2027,Benefits Queue,107,153,Resolved,Yes,60,No,0,0
4685,2025-01-12 04:00:00,2025-01,Commercial,IVR,System Access,2037,Benefits Queue,182,56,Escalated,Yes,30,No,1,0
4686,2025-01-12 05:00:00,2025-01,Medicaid,Phone,Claims Status,2040,Benefits Queue,11,494,Abandoned,Yes,30,Yes,0,1
4687,2025-01-12 06:00:00,2025-01,Medicaid,Phone,Provider Inquiry,2055,Enrollment Queue,317,417,Resolved,Yes,30,No,0,0
4688,2025-01-12 07:00:00,2025-01,Medicare,Phone,Provider Inquiry,2020,Claims Queue,110,402,Resolved,Yes,90,No,0,0
4689,2025-01-12 08:00:00,2025-01,Medicare,Portal,Enrollment,2056,Enrollment Queue,151,361,Abandoned,Yes,30,No,0,1
4690,2025-01-12 09:00:00,2025-01,Medicare,Phone,Prior Authorization,2029,Benefits Queue,35,335,Resolved,Yes,60,Yes,0,0
4691,2025-01-12 10:00:00,2025-01,Medicaid,Phone,Billing,2043,Claims Queue,16,407,Abandoned,Yes,90,Yes,0,1
4692,2025-01-12 11:00:00,2025-01,Medicaid,Phone,Claims Status,2042,Benefits Queue,71,167,Resolved,Yes,30,No,0,0
4693,2025-01-12 12:00:00,2025-01,Medicaid,Portal,Prior Authorization,2026,Enrollment Queue,182,440,Escalated,Yes,60,No,1,0
4694,2025-01-12 13:00:00,2025-01,Medicare,Phone,Claims Status,2050,Enrollment Queue,79,440,Abandoned,Yes,30,No,0,1
4695,2025-01-12 14:00:00,2025-01,Medicare,Phone,System Access,2039,Enrollment Queue,182,439,Resolved,Yes,30,No,0,0
4696,2025-01-12 15:00:00,2025-01,Medicaid,Phone,Claims Status,2059,Claims Queue,130,465,Resolved,Yes,60,No,0,0
4697,2025-01-12 16:00:00,2025-01,Medicare,Phone,Provider Inquiry,2004,Claims Queue,46,96,Resolved,Yes,30,No,0,0
4698,2025-01-12 17:00:00,2025-01,Medicare,Phone,Provider Inquiry,2005,Benefits Queue,170,226,Resolved,Yes,60,No,0,0
4699,2025-01-12 18:00:00,2025-01,Commercial,Phone,Benefits Coverage,2043,Claims Queue,89,161,Resolved,Yes,30,No,0,0
4700,2025-01-12 19:00:00,2025-01,Medicare,Phone,System Access,2025,Benefits Queue,52,336,Resolved,No,30,No,0,0
4701,2025-01-12 20:00:00,2025-01,Commercial,Phone,Enrollment,2044,Enrollment Queue,160,298,Resolved,Yes,90,No,0,0
4702,2025-01-12 21:00:00,2025-01,Medicaid,Phone,Claims Status,2043,Benefits Queue,78,656,Resolved,Yes,60,No,0,0
4703,2025-01-12 22:00:00,2025-01,Medicare,Portal,Billing,2052,Enrollment Queue,63,319,Resolved,Yes,90,Yes,0,0
4704,2025-01-12 23:00:00,2025-01,Commercial,Phone,Prior Authorization,2050,Benefits Queue,103,191,Resolved,No,30,No,0,0
4705,2025-01-13 00:00:00,2025-01,Medicare,Phone,Claims Status,2051,Benefits Queue,256,86,Resolved,Yes,90,No,0,0
4706,2025-01-13 01:00:00,2025-01,Medicaid,Phone,Benefits Coverage,2029,Benefits Queue,68,232,Resolved,No,30,No,0,0
4707,2025-01-13 02:00:00,2025-01,Medicare,Phone,Benefits Coverage,2041,Benefits Queue,58,548,Escalated,Yes,30,No,1,0
4708,2025-01-13 03:00:00,2025-01,Medicare,Phone,Provider Inquiry,2009,Claims Queue,113,537,Resolved,No,60,No,0,0
4709,2025-01-13 04:00:00,2025-01,Medicaid,IVR,System Access,2006,Benefits Queue,122,222,Resolved,Yes,30,No,0,0
4710,2025-01-13 05:00:00,2025-01,Medicare,Phone,Provider Inquiry,2033,Benefits Queue,21,667,Resolved,Yes,30,Yes,0,0
4711,2025-01-13 06:00:00,2025-01,Medicaid,Portal,Prior Authorization,2046,Claims Queue,56,194,Resolved,Yes,60,Yes,0,0
4712,2025-01-13 07:00:00,2025-01,Medicaid,IVR,Prior Authorization,2055,Benefits Queue,288,578,Abandoned,No,30,No,0,1
4713,2025-01-13 08:00:00,2025-01,Medicaid,Phone,Prior Authorization,2023,Claims Queue,13,615,Resolved,Yes,30,Yes,0,0
4714,2025-01-13 09:00:00,2025-01,Medicaid,Phone,System Access,2013,Claims Queue,29,331,Resolved,Yes,60,Yes,0,0
4715,2025-01-13 10:00:00,2025-01,Commercial,Phone,System Access,2059,Enrollment Queue,218,207,Resolved,Yes,30,No,0,0
4716,2025-01-13 11:00:00,2025-01,Medicaid,Portal,Provider Inquiry,2033,Claims Queue,115,356,Resolved,No,60,No,0,0
4717,2025-01-13 12:00:00,2025-01,Commercial,Phone,Prior Authorization,2022,Enrollment Queue,92,312,Resolved,Yes,30,No,0,0
4718,2025-01-13 13:00:00,2025-01,Medicaid,Phone,Billing,2028,Benefits Queue,90,154,Resolved,Yes,60,No,0,0
4719,2025-01-13 14:00:00,2025-01,Medicaid,Phone,Prior Authorization,2016,Claims Queue,118,177,Resolved,Yes,30,No,0,0
4720,2025-01-13 15:00:00,2025-01,Medicaid,Phone,Billing,2045,Enrollment Queue,32,322,Resolved,No,60,Yes,0,0
4721,2025-01-13 16:00:00,2025-01,Medicare,Phone,Provider Inquiry,2001,Benefits Queue,3,235,Escalated,Yes,60,Yes,1,0
4722,2025-01-13 17:00:00,2025-01,Medicare,Phone,Claims Status,2003,Claims Queue,55,242,Resolved,Yes,60,Yes,0,0
4723,2025-01-13 18:00:00,2025-01,Medicaid,Phone,Benefits Coverage,2024,Enrollment Queue,74,195,Escalated,Yes,90,Yes,1,0
4724,2025-01-13 19:00:00,2025-01,Medicare,Phone,Claims Status,2006,Enrollment Queue,92,107,Resolved,Yes,60,No,0,0
4725,2025-01-13 20:00:00,2025-01,Medicaid,Phone,Enrollment,2059,Benefits Queue,165,398,Escalated,Yes,30,No,1,0
4726,2025-01-13 21:00:00,2025-01,Medicaid,Phone,Claims Status,2011,Claims Queue,97,318,Resolved,No,90,No,0,0
4727,2025-01-13 22:00:00,2025-01,Medicaid,Phone,System Access,2053,Benefits Queue,88,429,Escalated,Yes,60,No,1,0
4728,2025-01-13 23:00:00,2025-01,Medicaid,Phone,Claims Status,2025,Claims Queue,220,206,Resolved,No,30,No,0,0
4729,2025-01-14 00:00:00,2025-01,Commercial,IVR,Enrollment,2054,Enrollment Queue,21,501,Abandoned,No,90,Yes,0,1
4730,2025-01-14 01:00:00,2025-01,Commercial,Phone,Billing,2006,Benefits Queue,80,554,Resolved,Yes,30,No,0,0
4731,2025-01-14 02:00:00,2025-01,Medicaid,Portal,Claims Status,2056,Claims Queue,51,524,Abandoned,Yes,30,No,0,1
4732,2025-01-14 03:00:00,2025-01,Medicare,IVR,Enrollment,2026,Enrollment Queue,145,601,Resolved,Yes,60,No,0,0
4733,2025-01-14 04:00:00,2025-01,Medicaid,Phone,Enrollment,2029,Benefits Queue,32,351,Resolved,No,90,Yes,0,0
4734,2025-01-14 05:00:00,2025-01,Medicaid,Phone,Benefits Coverage,2010,Enrollment Queue,151,203,Escalated,Yes,90,No,1,0
4735,2025-01-14 06:00:00,2025-01,Medicaid,Phone,Billing,2036,Claims Queue,115,665,Resolved,Yes,30,No,0,0
4736,2025-01-14 07:00:00,2025-01,Medicare,Phone,Billing,2052,Claims Queue,124,83,Resolved,No,30,No,0,0
4737,2025-01-14 08:00:00,2025-01,Medicare,IVR,Claims Status,2052,Benefits Queue,36,424,Escalated,Yes,60,Yes,1,0
4738,2025-01-14 09:00:00,2025-01,Medicare,Phone,Benefits Coverage,2033,Enrollment Queue,34,428,Resolved,Yes,30,No,0,0
4739,2025-01-14 10:00:00,2025-01,Medicaid,Portal,Enrollment,2010,Enrollment Queue,54,338,Escalated,Yes,90,Yes,1,0
4740,2025-01-14 11:00:00,2025-01,Commercial,Phone,Enrollment,2049,Enrollment Queue,69,110,Abandoned,Yes,90,Yes,0,1
4741,2025-01-14 12:00:00,2025-01,Medicare,IVR,Claims Status,2043,Benefits Queue,27,738,Escalated,Yes,60,Yes,1,0
4742,2025-01-14 13:00:00,2025-01,Medicare,IVR,Provider Inquiry,2004,Benefits Queue,93,519,Resolved,Yes,30,No,0,0
4743,2025-01-14 14:00:00,2025-01,Commercial,Phone,Provider Inquiry,2053,Enrollment Queue,160,417,Resolved,Yes,30,No,0,0
4744,2025-01-14 15:00:00,2025-01,Medicaid,Portal,Provider Inquiry,2020,Benefits Queue,135,264,Escalated,Yes,90,No,1,0
4745,2025-01-14 16:00:00,2025-01,Medicaid,IVR,Prior Authorization,2050,Enrollment Queue,94,273,Abandoned,Yes,30,No,0,1
4746,2025-01-14 17:00:00,2025-01,Medicaid,Phone,Provider Inquiry,2007,Benefits Queue,42,231,Resolved,Yes,90,Yes,0,0
4747,2025-01-14 18:00:00,2025-01,Medicaid,Phone,Benefits Coverage,2031,Enrollment Queue,85,261,Escalated,No,60,No,1,0
4748,2025-01-14 19:00:00,2025-01,Commercial,Phone,Prior Authorization,2058,Claims Queue,157,818,Abandoned,No,60,No,0,1
4749,2025-01-14 20:00:00,2025-01,Medicare,Phone,Claims Status,2040,Claims Queue,47,299,Resolved,Yes,90,Yes,0,0
4750,2025-01-14 21:00:00,2025-01,Medicaid,Phone,Prior Authorization,2040,Benefits Queue,88,520,Escalated,Yes,30,No,1,0
4751,2025-01-14 22:00:00,2025-01,Medicaid,IVR,Provider Inquiry,2009,Enrollment Queue,211,189,Escalated,Yes,90,No,1,0
4752,2025-01-14 23:00:00,2025-01,Medicare,Phone,Prior Authorization,2034,Enrollment Queue,112,404,Resolved,Yes,30,No,0,0
4753,2025-01-15 00:00:00,2025-01,Commercial,Phone,Billing,2011,Enrollment Queue,48,198,Resolved,Yes,60,Yes,0,0
4754,2025-01-15 01:00:00,2025-01,Medicaid,Phone,Provider Inquiry,2034,Enrollment Queue,24,358,Resolved,Yes,90,Yes,0,0
4755,2025-01-15 02:00:00,2025-01,Medicaid,Phone,Benefits Coverage,2045,Benefits Queue,132,434,Resolved,No,30,No,0,0
4756,2025-01-15 03:00:00,2025-01,Commercial,Phone,Billing,2047,Enrollment Queue,89,268,Resolved,Yes,30,No,0,0
4757,2025-01-15 04:00:00,2025-01,Commercial,Phone,Prior Authorization,2029,Enrollment Queue,161,196,Resolved,Yes,30,No,0,0
4758,2025-01-15 05:00:00,2025-01,Medicare,Phone,Claims Status,2045,Enrollment Queue,97,887,Escalated,No,90,No,1,0
4759,2025-01-15 06:00:00,2025-01,Medicaid,Portal,Prior Authorization,2004,Enrollment Queue,84,129,Resolved,Yes,90,Yes,0,0
4760,2025-01-15 07:00:00,2025-01,Medicaid,Phone,System Access,2055,Benefits Queue,109,445,Resolved,No,90,No,0,0
4761,2025-01-15 08:00:00,2025-01,Medicaid,Phone,Provider Inquiry,2056,Claims Queue,162,973,Resolved,Yes,90,No,0,0
4762,2025-01-15 09:00:00,2025-01,Medicaid,Phone,Benefits Coverage,2012,Enrollment Queue,63,186,Abandoned,No,30,No,0,1
4763,2025-01-15 10:00:00,2025-01,Medicaid,Phone,Benefits Coverage,2023,Benefits Queue,33,149,Resolved,Yes,60,Yes,0,0
4764,2025-01-15 11:00:00,2025-01,Medicare,Phone,Billing,2037,Enrollment Queue,153,168,Resolved,Yes,30,No,0,0
4765,2025-01-15 12:00:00,2025-01,Medicare,Phone,Prior Authorization,2004,Enrollment Queue,69,677,Escalated,Yes,60,No,1,0
4766,2025-01-15 13:00:00,2025-01,Medicaid,Phone,Enrollment,2039,Claims Queue,42,207,Resolved,Yes,30,No,0,0
4767,2025-01-15 14:00:00,2025-01,Medicaid,Phone,Claims Status,2029,Benefits Queue,51,437,Resolved,Yes,60,Yes,0,0
4768,2025-01-15 15:00:00,2025-01,Commercial,Phone,Claims Status,2012,Claims Queue,100,305,Resolved,Yes,30,No,0,0
4769,2025-01-15 16:00:00,2025-01,Medicaid,Phone,Provider Inquiry,2017,Claims Queue,39,116,Resolved,Yes,60,Yes,0,0
4770,2025-01-15 17:00:00,2025-01,Medicare,Portal,Claims Status,2021,Claims Queue,41,292,Resolved,Yes,60,Yes,0,0
4771,2025-01-15 18:00:00,2025-01,Medicare,Portal,Billing,2017,Claims Queue,93,565,Abandoned,Yes,60,No,0,1
4772,2025-01-15 19:00:00,2025-01,Medicaid,Phone,Enrollment,2059,Benefits Queue,53,286,Resolved,Yes,60,Yes,0,0
4773,2025-01-15 20:00:00,2025-01,Medicaid,Phone,System Access,2012,Benefits Queue,110,213,Abandoned,No,30,No,0,1
4774,2025-01-15 21:00:00,2025-01,Medicare,Phone,Enrollment,2050,Enrollment Queue,231,347,Resolved,Yes,60,No,0,0
4775,2025-01-15 22:00:00,2025-01,Medicare,Phone,Claims Status,2056,Claims Queue,37,287,Resolved,Yes,30,No,0,0
4776,2025-01-15 23:00:00,2025-01,Medicaid,IVR,Provider Inquiry,2024,Claims Queue,195,316,Resolved,Yes,60,No,0,0
4777,2025-01-16 00:00:00,2025-01,Medicaid,Phone,Enrollment,2008,Claims Queue,62,241,Resolved,No,30,No,0,0
4778,2025-01-16 01:00:00,2025-01,Medicare,Phone,Billing,2028,Benefits Queue,60,650,Abandoned,Yes,60,Yes,0,1
4779,2025-01-16 02:00:00,2025-01,Medicaid,Phone,System Access,2048,Enrollment Queue,205,358,Abandoned,Yes,60,No,0,1
4780,2025-01-16 03:00:00,2025-01,Medicaid,Phone,Prior Authorization,2058,Enrollment Queue,44,126,Resolved,Yes,30,No,0,0
4781,2025-01-16 04:00:00,2025-01,Medicare,Phone,Billing,2035,Claims Queue,26,588,Resolved,Yes,30,Yes,0,0
4782,2025-01-16 05:00:00,2025-01,Commercial,Phone,Enrollment,2003,Benefits Queue,59,208,Abandoned,Yes,60,Yes,0,1
4783,2025-01-16 06:00:00,2025-01,Medicare,IVR,Enrollment,2054,Claims Queue,249,600,Resolved,Yes,90,No,0,0
4784,2025-01-16 07:00:00,2025-01,Medicare,Phone,Provider Inquiry,2029,Benefits Queue,29,190,Resolved,Yes,30,Yes,0,0
4785,2025-01-16 08:00:00,2025-01,Medicaid,Portal,System Access,2023,Claims Queue,105,611,Resolved,Yes,30,No,0,0
4786,2025-01-16 09:00:00,2025-01,Medicare,Phone,Claims Status,2020,Claims Queue,300,30,Resolved,No,90,No,0,0
4787,2025-01-16 10:00:00,2025-01,Medicaid,Phone,System Access,2026,Claims Queue,44,630,Resolved,Yes,90,Yes,0,0
4788,2025-01-16 11:00:00,2025-01,Commercial,IVR,Claims Status,2025,Enrollment Queue,118,475,Escalated,Yes,30,No,1,0
4789,2025-01-16 12:00:00,2025-01,Medicaid,Phone,System Access,2039,Claims Queue,69,190,Resolved,Yes,30,No,0,0
4790,2025-01-16 13:00:00,2025-01,Medicare,IVR,Benefits Coverage,2021,Enrollment Queue,86,88,Resolved,Yes,60,No,0,0
4791,2025-01-16 14:00:00,2025-01,Medicare,Phone,Billing,2024,Claims Queue,54,396,Resolved,Yes,60,Yes,0,0
4792,2025-01-16 15:00:00,2025-01,Medicaid,Phone,Benefits Coverage,2034,Benefits Queue,125,430,Resolved,Yes,90,No,0,0
4793,2025-01-16 16:00:00,2025-01,Commercial,Phone,Billing,2011,Claims Queue,48,545,Resolved,No,60,Yes,0,0
4794,2025-01-16 17:00:00,2025-01,Medicare,Phone,Provider Inquiry,2057,Claims Queue,34,311,Escalated,Yes,60,Yes,1,0
4795,2025-01-16 18:00:00,2025-01,Medicaid,Phone,Billing,2001,Enrollment Queue,181,223,Abandoned,Yes,30,No,0,1
4796,2025-01-16 19:00:00,2025-01,Commercial,Phone,Prior Authorization,2043,Benefits Queue,81,410,Resolved,Yes,90,Yes,0,0
4797,2025-01-16 20:00:00,2025-01,Medicare,IVR,Benefits Coverage,2053,Benefits Queue,33,343,Resolved,Yes,60,Yes,0,0
4798,2025-01-16 21:00:00,2025-01,Medicaid,Phone,Billing,2032,Benefits Queue,56,180,Resolved,Yes,30,No,0,0
4799,2025-01-16 22:00:00,2025-01,Medicaid,Phone,Enrollment,2011,Benefits Queue,60,348,Resolved,Yes,30,No,0,0
4800,2025-01-16 23:00:00,2025-01,Medicare,Phone,Benefits Coverage,2042,Enrollment Queue,87,366,Escalated,No,30,No,1,0
4801,2025-01-17 00:00:00,2025-01,Medicare,Phone,Provider Inquiry,2048,Enrollment Queue,127,158,Resolved,Yes,90,No,0,0
4802,2025-01-17 01:00:00,2025-01,Medicare,Phone,System Access,2040,Enrollment Queue,148,253,Abandoned,Yes,30,No,0,1
4803,2025-01-17 02:00:00,2025-01,Commercial,Portal,Enrollment,2059,Enrollment Queue,107,287,Resolved,Yes,60,No,0,0
4804,2025-01-17 03:00:00,2025-01,Medicaid,Phone,Billing,2027,Benefits Queue,56,80,Resolved,Yes,30,No,0,0
4805,2025-01-17 04:00:00,2025-01,Medicare,Phone,Prior Authorization,2053,Claims Queue,52,482,Resolved,Yes,30,No,0,0
4806,2025-01-17 05:00:00,2025-01,Medicaid,Phone,System Access,2058,Enrollment Queue,80,263,Abandoned,Yes,30,No,0,1
4807,2025-01-17 06:00:00,2025-01,Medicaid,IVR,System Access,2006,Claims Queue,92,418,Resolved,Yes,60,No,0,0
4808,2025-01-17 07:00:00,2025-01,Medicaid,Phone,Benefits Coverage,2022,Claims Queue,97,265,Resolved,Yes,30,No,0,0
4809,2025-01-17 08:00:00,2025-01,Medicaid,Phone,System Access,2034,Claims Queue,310,763,Resolved,No,60,No,0,0
4810,2025-01-17 09:00:00,2025-01,Medicaid,Phone,Benefits Coverage,2011,Benefits Queue,7,325,Escalated,Yes,30,Yes,1,0
4811,2025-01-17 10:00:00,2025-01,Medicaid,Phone,Prior Authorization,2028,Claims Queue,54,380,Escalated,Yes,60,Yes,1,0
4812,2025-01-17 11:00:00,2025-01,Medicaid,IVR,Provider Inquiry,2016,Benefits Queue,50,769,Resolved,Yes,60,Yes,0,0
4813,2025-01-17 12:00:00,2025-01,Commercial,Portal,Prior Authorization,2049,Claims Queue,60,139,Resolved,Yes,90,Yes,0,0
4814,2025-01-17 13:00:00,2025-01,Medicaid,Phone,Benefits Coverage,2013,Enrollment Queue,63,378,Resolved,No,60,No,0,0
4815,2025-01-17 14:00:00,2025-01,Medicaid,Portal,Provider Inquiry,2048,Benefits Queue,212,412,Resolved,Yes,30,No,0,0
4816,2025-01-17 15:00:00,2025-01,Medicaid,Phone,System Access,2024,Enrollment Queue,124,513,Resolved,No,60,No,0,0
4817,2025-01-17 16:00:00,2025-01,Medicaid,Phone,Provider Inquiry,2043,Benefits Queue,78,167,Resolved,Yes,30,No,0,0
4818,2025-01-17 17:00:00,2025-01,Medicaid,IVR,Provider Inquiry,2015,Benefits Queue,17,130,Resolved,Yes,60,Yes,0,0
4819,2025-01-17 18:00:00,2025-01,Medicaid,Portal,Provider Inquiry,2032,Benefits Queue,73,252,Resolved,Yes,30,No,0,0
4820,2025-01-17 19:00:00,2025-01,Medicaid,Phone,Billing,2052,Claims Queue,138,189,Resolved,No,30,No,0,0
4821,2025-01-17 20:00:00,2025-01,Medicare,Portal,Claims Status,2033,Enrollment Queue,182,231,Resolved,Yes,30,No,0,0
4822,2025-01-17 21:00:00,2025-01,Medicaid,Portal,Benefits Coverage,2025,Benefits Queue,109,438,Resolved,No,30,No,0,0
4823,2025-01-17 22:00:00,2025-01,Medicare,Phone,Enrollment,2055,Benefits Queue,109,392,Resolved,Yes,60,No,0,0
4824,2025-01-17 23:00:00,2025-01,Medicaid,Phone,System Access,2027,Enrollment Queue,186,566,Escalated,Yes,60,No,1,0
4825,2025-01-18 00:00:00,2025-01,Commercial,Phone,Enrollment,2055,Claims Queue,86,122,Resolved,Yes,60,No,0,0
4826,2025-01-18 01:00:00,2025-01,Medicaid,Phone,System Access,2002,Enrollment Queue,235,240,Resolved,Yes,30,No,0,0
4827,2025-01-18 02:00:00,2025-01,Medicare,Phone,Provider Inquiry,2057,Enrollment Queue,54,298,Resolved,Yes,30,No,0,0
4828,2025-01-18 03:00:00,2025-01,Commercial,Phone,Claims Status,2032,Enrollment Queue,33,341,Abandoned,Yes,30,No,0,1
4829,2025-01-18 04:00:00,2025-01,Medicaid,Phone,Claims Status,2016,Claims Queue,69,114,Resolved,Yes,30,No,0,0
4830,2025-01-18 05:00:00,2025-01,Commercial,Phone,System Access,2044,Claims Queue,125,110,Resolved,No,60,No,0,0
4831,2025-01-18 06:00:00,2025-01,Medicare,Portal,System Access,2024,Claims Queue,129,270,Resolved,Yes,60,No,0,0
4832,2025-01-18 07:00:00,2025-01,Commercial,Portal,Prior Authorization,2005,Benefits Queue,47,318,Resolved,Yes,60,Yes,0,0
4833,2025-01-18 08:00:00,2025-01,Commercial,Phone,System Access,2027,Benefits Queue,39,173,Escalated,No,60,Yes,1,0
4834,2025-01-18 09:00:00,2025-01,Medicaid,IVR,Benefits Coverage,2042,Claims Queue,133,165,Resolved,No,60,No,0,0
4835,2025-01-18 10:00:00,2025-01,Medicare,Phone,Prior Authorization,2009,Claims Queue,153,947,Escalated,Yes,30,No,1,0
4836,2025-01-18 11:00:00,2025-01,Medicaid,Phone,Provider Inquiry,2052,Benefits Queue,13,243,Resolved,Yes,60,Yes,0,0
4837,2025-01-18 12:00:00,2025-01,Medicaid,IVR,System Access,2007,Claims Queue,133,291,Escalated,No,60,No,1,0
4838,2025-01-18 13:00:00,2025-01,Medicaid,Phone,Billing,2029,Benefits Queue,166,249,Resolved,Yes,30,No,0,0
4839,2025-01-18 14:00:00,2025-01,Medicaid,IVR,Prior Authorization,2013,Enrollment Queue,82,180,Escalated,Yes,60,No,1,0
4840,2025-01-18 15:00:00,2025-01,Medicare,Phone,System Access,2010,Benefits Queue,95,649,Resolved,No,90,No,0,0
4841,2025-01-18 16:00:00,2025-01,Medicaid,Phone,Benefits Coverage,2004,Claims Queue,242,381,Abandoned,No,60,No,0,1
4842,2025-01-18 17:00:00,2025-01,Medicaid,IVR,Claims Status,2049,Claims Queue,229,304,Resolved,Yes,90,No,0,0
4843,2025-01-18 18:00:00,2025-01,Medicare,IVR,Prior Authorization,2031,Enrollment Queue,159,194,Resolved,Yes,30,No,0,0
4844,2025-01-18 19:00:00,2025-01,Medicaid,IVR,Billing,2056,Benefits Queue,133,547,Resolved,No,60,No,0,0
4845,2025-01-18 20:00:00,2025-01,Medicare,Phone,Billing,2037,Claims Queue,107,68,Abandoned,Yes,90,No,0,1
4846,2025-01-18 21:00:00,2025-01,Medicare,Phone,System Access,2056,Enrollment Queue,22,196,Resolved,Yes,60,Yes,0,0
4847,2025-01-18 22:00:00,2025-01,Medicaid,Phone,System Access,2050,Benefits Queue,33,358,Resolved,Yes,60,Yes,0,0
4848,2025-01-18 23:00:00,2025-01,Medicare,IVR,Claims Status,2032,Claims Queue,156,202,Escalated,Yes,30,No,1,0
4849,2025-01-19 00:00:00,2025-01,Medicare,Phone,Benefits Coverage,2055,Claims Queue,103,181,Resolved,No,90,No,0,0
4850,2025-01-19 01:00:00,2025-01,Medicare,IVR,Prior Authorization,2053,Benefits Queue,89,455,Resolved,Yes,30,No,0,0
4851,2025-01-19 02:00:00,2025-01,Commercial,Phone,Billing,2007,Enrollment Queue,117,587,Escalated,Yes,60,No,1,0
4852,2025-01-19 03:00:00,2025-01,Commercial,Phone,Prior Authorization,2001,Benefits Queue,26,211,Resolved,Yes,60,Yes,0,0
4853,2025-01-19 04:00:00,2025-01,Medicaid,Portal,System Access,2018,Enrollment Queue,93,274,Escalated,Yes,60,No,1,0
4854,2025-01-19 05:00:00,2025-01,Medicaid,Phone,Provider Inquiry,2018,Benefits Queue,139,354,Resolved,Yes,30,No,0,0
4855,2025-01-19 06:00:00,2025-01,Medicaid,Phone,Claims Status,2046,Benefits Queue,36,442,Escalated,No,30,No,1,0
4856,2025-01-19 07:00:00,2025-01,Medicaid,Portal,Benefits Coverage,2050,Enrollment Queue,211,259,Abandoned,Yes,60,No,0,1
4857,2025-01-19 08:00:00,2025-01,Medicare,IVR,System Access,2002,Claims Queue,10,133,Resolved,No,60,Yes,0,0
4858,2025-01-19 09:00:00,2025-01,Commercial,Phone,Claims Status,2001,Enrollment Queue,8,356,Resolved,No,30,Yes,0,0
4859,2025-01-19 10:00:00,2025-01,Medicaid,Phone,Benefits Coverage,2011,Enrollment Queue,159,592,Resolved,No,30,No,0,0
4860,2025-01-19 11:00:00,2025-01,Medicare,Phone,Claims Status,2042,Claims Queue,83,238,Resolved,Yes,30,No,0,0
4861,2025-01-19 12:00:00,2025-01,Medicaid,Phone,Provider Inquiry,2036,Benefits Queue,117,213,Resolved,Yes,30,No,0,0
4862,2025-01-19 13:00:00,2025-01,Commercial,IVR,Claims Status,2058,Enrollment Queue,106,610,Resolved,Yes,30,No,0,0
4863,2025-01-19 14:00:00,2025-01,Commercial,Phone,Benefits Coverage,2015,Benefits Queue,82,179,Abandoned,Yes,90,Yes,0,1
4864,2025-01-19 15:00:00,2025-01,Medicaid,Portal,Billing,2049,Enrollment Queue,119,239,Resolved,No,60,No,0,0
4865,2025-01-19 16:00:00,2025-01,Medicaid,Phone,Prior Authorization,2014,Claims Queue,102,255,Resolved,No,90,No,0,0
4866,2025-01-19 17:00:00,2025-01,Commercial,Phone,Provider Inquiry,2005,Benefits Queue,31,292,Resolved,No,30,No,0,0
4867,2025-01-19 18:00:00,2025-01,Medicaid,Phone,Benefits Coverage,2007,Benefits Queue,171,380,Resolved,Yes,30,No,0,0
4868,2025-01-19 19:00:00,2025-01,Medicaid,IVR,Benefits Coverage,2004,Benefits Queue,47,232,Resolved,No,60,Yes,0,0
4869,2025-01-19 20:00:00,2025-01,Commercial,Phone,Enrollment,2012,Benefits Queue,55,96,Resolved,Yes,90,Yes,0,0
4870,2025-01-19 21:00:00,2025-01,Commercial,IVR,Prior Authorization,2025,Claims Queue,46,344,Resolved,Yes,60,Yes,0,0
4871,2025-01-19 22:00:00,2025-01,Medicaid,Phone,Enrollment,2046,Claims Queue,73,243,Resolved,No,60,No,0,0
4872,2025-01-19 23:00:00,2025-01,Medicaid,Phone,Provider Inquiry,2048,Claims Queue,159,759,Escalated,Yes,30,No,1,0
4873,2025-01-20 00:00:00,2025-01,Commercial,IVR,Prior Authorization,2044,Enrollment Queue,118,801,Resolved,Yes,90,No,0,0
4874,2025-01-20 01:00:00,2025-01,Commercial,Portal,System Access,2006,Benefits Queue,72,440,Resolved,Yes,90,Yes,0,0
4875,2025-01-20 02:00:00,2025-01,Medicaid,IVR,Claims Status,2051,Claims Queue,40,196,Resolved,Yes,30,No,0,0
4876,2025-01-20 03:00:00,2025-01,Medicaid,Phone,Prior Authorization,2013,Benefits Queue,143,305,Resolved,Yes,30,No,0,0
4877,2025-01-20 04:00:00,2025-01,Medicare,Phone,Provider Inquiry,2042,Enrollment Queue,65,303,Resolved,Yes,90,Yes,0,0
4878,2025-01-20 05:00:00,2025-01,Medicaid,Phone,Claims Status,2046,Enrollment Queue,47,596,Escalated,Yes,90,Yes,1,0
4879,2025-01-20 06:00:00,2025-01,Medicaid,Portal,Billing,2045,Claims Queue,37,198,Resolved,Yes,60,Yes,0,0
4880,2025-01-20 07:00:00,2025-01,Medicaid,Phone,Billing,2048,Claims Queue,126,178,Resolved,No,60,No,0,0
4881,2025-01-20 08:00:00,2025-01,Medicaid,Phone,Enrollment,2010,Enrollment Queue,208,340,Resolved,Yes,60,No,0,0
4882,2025-01-20 09:00:00,2025-01,Medicaid,Phone,System Access,2048,Benefits Queue,80,122,Resolved,No,60,No,0,0
4883,2025-01-20 10:00:00,2025-01,Medicaid,Phone,Prior Authorization,2038,Claims Queue,168,543,Resolved,Yes,60,No,0,0
4884,2025-01-20 11:00:00,2025-01,Medicare,IVR,Benefits Coverage,2033,Claims Queue,28,224,Resolved,Yes,60,Yes,0,0
4885,2025-01-20 12:00:00,2025-01,Commercial,Phone,Prior Authorization,2020,Benefits Queue,26,142,Resolved,Yes,60,Yes,0,0
4886,2025-01-20 13:00:00,2025-01,Medicaid,Phone,Claims Status,2053,Claims Queue,133,584,Escalated,Yes,30,No,1,0
4887,2025-01-20 14:00:00,2025-01,Medicaid,Phone,System Access,2037,Benefits Queue,20,277,Resolved,No,30,Yes,0,0
4888,2025-01-20 15:00:00,2025-01,Medicare,Phone,Enrollment,2005,Enrollment Queue,63,458,Resolved,Yes,90,Yes,0,0
4889,2025-01-20 16:00:00,2025-01,Medicare,Phone,System Access,2037,Enrollment Queue,114,308,Resolved,No,30,No,0,0
4890,2025-01-20 17:00:00,2025-01,Medicare,Phone,Prior Authorization,2054,Enrollment Queue,161,139,Resolved,Yes,30,No,0,0
4891,2025-01-20 18:00:00,2025-01,Medicare,Phone,Billing,2016,Benefits Queue,88,206,Resolved,Yes,90,Yes,0,0
4892,2025-01-20 19:00:00,2025-01,Commercial,Phone,System Access,2005,Enrollment Queue,29,622,Resolved,Yes,90,Yes,0,0
4893,2025-01-20 20:00:00,2025-01,Medicaid,Phone,Claims Status,2058,Claims Queue,25,352,Abandoned,Yes,60,Yes,0,1
4894,2025-01-20 21:00:00,2025-01,Medicare,IVR,Claims Status,2028,Enrollment Queue,74,444,Resolved,Yes,60,No,0,0
4895,2025-01-20 22:00:00,2025-01,Medicaid,Phone,Benefits Coverage,2021,Claims Queue,227,407,Resolved,Yes,60,No,0,0
4896,2025-01-20 23:00:00,2025-01,Commercial,Phone,Billing,2032,Enrollment Queue,117,666,Resolved,Yes,60,No,0,0
4897,2025-01-21 00:00:00,2025-01,Commercial,Phone,Provider Inquiry,2008,Claims Queue,109,382,Resolved,Yes,60,No,0,0
4898,2025-01-21 01:00:00,2025-01,Medicare,IVR,Prior Authorization,2030,Benefits Queue,80,120,Resolved,No,30,No,0,0
4899,2025-01-21 02:00:00,2025-01,Commercial,Phone,Claims Status,2003,Benefits Queue,88,282,Resolved,Yes,90,Yes,0,0
4900,2025-01-21 03:00:00,2025-01,Medicare,Phone,Billing,2023,Claims Queue,173,437,Resolved,No,60,No,0,0
4901,2025-01-21 04:00:00,2025-01,Commercial,IVR,System Access,2009,Benefits Queue,190,611,Resolved,Yes,60,No,0,0
4902,2025-01-21 05:00:00,2025-01,Medicare,Phone,Benefits Coverage,2016,Claims Queue,82,236,Resolved,Yes,60,No,0,0
4903,2025-01-21 06:00:00,2025-01,Medicare,IVR,Prior Authorization,2046,Enrollment Queue,108,176,Resolved,Yes,90,No,0,0
4904,2025-01-21 07:00:00,2025-01,Medicare,Phone,Billing,2018,Benefits Queue,11,436,Resolved,Yes,60,Yes,0,0
4905,2025-01-21 08:00:00,2025-01,Medicare,Phone,Prior Authorization,2038,Benefits Queue,66,542,Resolved,Yes,90,Yes,0,0
4906,2025-01-21 09:00:00,2025-01,Medicaid,Phone,Claims Status,2049,Enrollment Queue,110,221,Escalated,Yes,60,No,1,0
4907,2025-01-21 10:00:00,2025-01,Medicaid,Phone,Provider Inquiry,2009,Benefits Queue,132,211,Escalated,No,30,No,1,0
4908,2025-01-21 11:00:00,2025-01,Medicaid,Phone,Provider Inquiry,2022,Benefits Queue,135,449,Resolved,Yes,60,No,0,0
4909,2025-01-21 12:00:00,2025-01,Medicaid,Phone,Enrollment,2003,Claims Queue,146,341,Abandoned,Yes,30,No,0,1
4910,2025-01-21 13:00:00,2025-01,Commercial,Phone,System Access,2059,Enrollment Queue,85,426,Resolved,Yes,60,No,0,0
4911,2025-01-21 14:00:00,2025-01,Medicare,Phone,Enrollment,2039,Claims Queue,26,341,Abandoned,Yes,30,Yes,0,1
4912,2025-01-21 15:00:00,2025-01,Medicare,Phone,Benefits Coverage,2048,Claims Queue,56,479,Escalated,No,30,No,1,0
4913,2025-01-21 16:00:00,2025-01,Medicaid,Phone,Billing,2011,Enrollment Queue,107,183,Resolved,Yes,90,No,0,0
4914,2025-01-21 17:00:00,2025-01,Medicaid,Phone,Billing,2003,Enrollment Queue,65,493,Abandoned,No,60,No,0,1
4915,2025-01-21 18:00:00,2025-01,Medicaid,IVR,System Access,2033,Claims Queue,40,88,Resolved,Yes,60,Yes,0,0
4916,2025-01-21 19:00:00,2025-01,Medicare,Phone,Claims Status,2045,Benefits Queue,122,366,Escalated,No,60,No,1,0
4917,2025-01-21 20:00:00,2025-01,Medicaid,Phone,Provider Inquiry,2050,Benefits Queue,309,225,Escalated,Yes,90,No,1,0
4918,2025-01-21 21:00:00,2025-01,Medicaid,Phone,Provider Inquiry,2057,Benefits Queue,70,369,Abandoned,No,60,No,0,1
4919,2025-01-21 22:00:00,2025-01,Medicare,IVR,Provider Inquiry,2005,Claims Queue,96,313,Resolved,Yes,60,No,0,0
4920,2025-01-21 23:00:00,2025-01,Medicare,Phone,Claims Status,2007,Benefits Queue,69,119,Resolved,No,30,No,0,0
4921,2025-01-22 00:00:00,2025-01,Medicaid,Phone,System Access,2030,Claims Queue,93,462,Escalated,Yes,60,No,1,0
4922,2025-01-22 01:00:00,2025-01,Medicare,Phone,Provider Inquiry,2015,Claims Queue,55,1298,Abandoned,Yes,60,Yes,0,1
4923,2025-01-22 02:00:00,2025-01,Medicaid,Phone,Prior Authorization,2010,Benefits Queue,42,88,Resolved,Yes,60,Yes,0,0
4924,2025-01-22 03:00:00,2025-01,Medicaid,Portal,Billing,2049,Benefits Queue,117,422,Resolved,Yes,90,No,0,0
4925,2025-01-22 04:00:00,2025-01,Medicare,Phone,Enrollment,2031,Enrollment Queue,63,277,Resolved,Yes,90,Yes,0,0
4926,2025-01-22 05:00:00,2025-01,Commercial,IVR,Benefits Coverage,2044,Enrollment Queue,119,374,Resolved,Yes,90,No,0,0
4927,2025-01-22 06:00:00,2025-01,Medicaid,Phone,Billing,2020,Claims Queue,56,363,Abandoned,Yes,30,No,0,1
4928,2025-01-22 07:00:00,2025-01,Medicaid,Phone,Benefits Coverage,2030,Benefits Queue,26,239,Resolved,Yes,60,Yes,0,0
4929,2025-01-22 08:00:00,2025-01,Medicare,Phone,Provider Inquiry,2013,Claims Queue,46,480,Resolved,Yes,90,Yes,0,0
4930,2025-01-22 09:00:00,2025-01,Commercial,Phone,System Access,2053,Benefits Queue,30,340,Resolved,No,60,Yes,0,0
4931,2025-01-22 10:00:00,2025-01,Commercial,Phone,Prior Authorization,2047,Claims Queue,77,295,Abandoned,Yes,30,No,0,1
4932,2025-01-22 11:00:00,2025-01,Medicaid,Phone,Provider Inquiry,2040,Benefits Queue,170,217,Resolved,Yes,60,No,0,0
4933,2025-01-22 12:00:00,2025-01,Commercial,Phone,Claims Status,2044,Enrollment Queue,90,269,Resolved,Yes,30,No,0,0
4934,2025-01-22 13:00:00,2025-01,Medicaid,Phone,System Access,2004,Benefits Queue,41,487,Escalated,Yes,90,Yes,1,0
4935,2025-01-22 14:00:00,2025-01,Medicaid,Portal,Billing,2013,Enrollment Queue,173,241,Abandoned,Yes,60,No,0,1
4936,2025-01-22 15:00:00,2025-01,Medicare,IVR,Billing,2014,Enrollment Queue,133,398,Escalated,No,30,No,1,0
4937,2025-01-22 16:00:00,2025-01,Medicare,IVR,Provider Inquiry,2042,Claims Queue,25,125,Resolved,Yes,60,Yes,0,0
4938,2025-01-22 17:00:00,2025-01,Medicare,Phone,Benefits Coverage,2041,Enrollment Queue,42,560,Escalated,Yes,30,No,1,0
4939,2025-01-22 18:00:00,2025-01,Medicare,Phone,Provider Inquiry,2032,Claims Queue,21,261,Resolved,Yes,60,Yes,0,0
4940,2025-01-22 19:00:00,2025-01,Medicaid,Portal,Provider Inquiry,2043,Enrollment Queue,48,635,Resolved,Yes,30,No,0,0
4941,2025-01-22 20:00:00,2025-01,Commercial,Portal,Prior Authorization,2044,Enrollment Queue,186,145,Escalated,Yes,60,No,1,0
4942,2025-01-22 21:00:00,2025-01,Medicaid,Phone,Prior Authorization,2057,Claims Queue,76,930,Resolved,No,30,No,0,0
4943,2025-01-22 22:00:00,2025-01,Medicare,Phone,Claims Status,2020,Benefits Queue,135,358,Resolved,No,60,No,0,0
4944,2025-01-22 23:00:00,2025-01,Commercial,Portal,Claims Status,2037,Claims Queue,53,319,Resolved,Yes,60,Yes,0,0
4945,2025-01-23 00:00:00,2025-01,Medicare,IVR,Provider Inquiry,2023,Benefits Queue,21,231,Resolved,Yes,30,Yes,0,0
4946,2025-01-23 01:00:00,2025-01,Medicaid,Phone,Prior Authorization,2031,Claims Queue,37,77,Resolved,Yes,60,Yes,0,0
4947,2025-01-23 02:00:00,2025-01,Medicare,Phone,Benefits Coverage,2055,Claims Queue,85,400,Resolved,Yes,60,No,0,0
4948,2025-01-23 03:00:00,2025-01,Commercial,Phone,Prior Authorization,2037,Enrollment Queue,105,85,Resolved,Yes,90,No,0,0
4949,2025-01-23 04:00:00,2025-01,Medicaid,Phone,Enrollment,2002,Benefits Queue,131,300,Escalated,No,30,No,1,0
4950,2025-01-23 05:00:00,2025-01,Commercial,Phone,Benefits Coverage,2048,Benefits Queue,165,643,Abandoned,Yes,60,No,0,1
4951,2025-01-23 06:00:00,2025-01,Medicaid,Phone,Billing,2005,Claims Queue,47,144,Escalated,No,90,Yes,1,0
4952,2025-01-23 07:00:00,2025-01,Medicare,Phone,Prior Authorization,2009,Benefits Queue,47,417,Resolved,Yes,90,Yes,0,0
4953,2025-01-23 08:00:00,2025-01,Commercial,Phone,Prior Authorization,2056,Claims Queue,91,529,Abandoned,Yes,30,No,0,1
4954,2025-01-23 09:00:00,2025-01,Commercial,IVR,Enrollment,2008,Claims Queue,116,206,Resolved,Yes,30,No,0,0
4955,2025-01-23 10:00:00,2025-01,Medicaid,IVR,Benefits Coverage,2005,Benefits Queue,93,580,Abandoned,No,30,No,0,1
4956,2025-01-23 11:00:00,2025-01,Commercial,Phone,Prior Authorization,2050,Benefits Queue,87,880,Resolved,No,60,No,0,0
4957,2025-01-23 12:00:00,2025-01,Medicare,IVR,Enrollment,2037,Enrollment Queue,66,239,Abandoned,No,30,No,0,1
4958,2025-01-23 13:00:00,2025-01,Commercial,Phone,Prior Authorization,2037,Enrollment Queue,88,756,Resolved,No,30,No,0,0
4959,2025-01-23 14:00:00,2025-01,Medicare,Phone,Enrollment,2019,Claims Queue,52,391,Resolved,No,60,Yes,0,0
4960,2025-01-23 15:00:00,2025-01,Medicaid,IVR,Prior Authorization,2020,Enrollment Queue,63,280,Resolved,Yes,30,No,0,0
4961,2025-01-23 16:00:00,2025-01,Medicare,IVR,System Access,2002,Benefits Queue,41,189,Abandoned,Yes,90,Yes,0,1
4962,2025-01-23 17:00:00,2025-01,Medicare,Phone,Prior Authorization,2039,Claims Queue,147,288,Resolved,Yes,60,No,0,0
4963,2025-01-23 18:00:00,2025-01,Medicaid,Phone,Enrollment,2047,Enrollment Queue,55,575,Abandoned,Yes,60,Yes,0,1
4964,2025-01-23 19:00:00,2025-01,Medicare,IVR,Billing,2053,Enrollment Queue,102,471,Resolved,Yes,30,No,0,0
4965,2025-01-23 20:00:00,2025-01,Commercial,Portal,Billing,2045,Benefits Queue,71,80,Resolved,Yes,60,No,0,0
4966,2025-01-23 21:00:00,2025-01,Medicare,Phone,Provider Inquiry,2023,Enrollment Queue,61,220,Escalated,Yes,60,No,1,0
4967,2025-01-23 22:00:00,2025-01,Medicaid,Phone,Prior Authorization,2017,Claims Queue,233,39,Resolved,No,30,No,0,0
4968,2025-01-23 23:00:00,2025-01,Medicare,Phone,Claims Status,2047,Claims Queue,20,366,Escalated,Yes,60,Yes,1,0
4969,2025-01-24 00:00:00,2025-01,Commercial,Phone,Claims Status,2008,Claims Queue,110,392,Resolved,No,30,No,0,0
4970,2025-01-24 01:00:00,2025-01,Commercial,Phone,Benefits Coverage,2042,Benefits Queue,19,453,Resolved,Yes,60,Yes,0,0
4971,2025-01-24 02:00:00,2025-01,Medicaid,IVR,Benefits Coverage,2048,Benefits Queue,115,328,Resolved,Yes,90,No,0,0
4972,2025-01-24 03:00:00,2025-01,Medicaid,Phone,Claims Status,2041,Enrollment Queue,99,147,Resolved,Yes,60,No,0,0
4973,2025-01-24 04:00:00,2025-01,Medicaid,IVR,Provider Inquiry,2020,Enrollment Queue,91,346,Resolved,Yes,90,No,0,0
4974,2025-01-24 05:00:00,2025-01,Medicare,Phone,Provider Inquiry,2035,Benefits Queue,34,238,Resolved,Yes,30,No,0,0
4975,2025-01-24 06:00:00,2025-01,Medicaid,Portal,Provider Inquiry,2041,Claims Queue,49,613,Abandoned,Yes,30,No,0,1
4976,2025-01-24 07:00:00,2025-01,Medicaid,Phone,Prior Authorization,2044,Enrollment Queue,91,350,Resolved,Yes,30,No,0,0
4977,2025-01-24 08:00:00,2025-01,Medicare,Phone,Benefits Coverage,2029,Benefits Queue,102,348,Resolved,Yes,60,No,0,0
4978,2025-01-24 09:00:00,2025-01,Medicaid,Phone,Provider Inquiry,2021,Claims Queue,11,349,Resolved,No,60,Yes,0,0
4979,2025-01-24 10:00:00,2025-01,Medicaid,Phone,System Access,2011,Claims Queue,41,127,Resolved,No,60,Yes,0,0
4980,2025-01-24 11:00:00,2025-01,Medicaid,Phone,Claims Status,2019,Claims Queue,87,267,Resolved,Yes,60,No,0,0
4981,2025-01-24 12:00:00,2025-01,Medicaid,Phone,System Access,2031,Enrollment Queue,96,338,Resolved,Yes,30,No,0,0
4982,2025-01-24 13:00:00,2025-01,Commercial,Phone,System Access,2054,Benefits Queue,167,162,Resolved,No,90,No,0,0
4983,2025-01-24 14:00:00,2025-01,Medicare,Phone,Provider Inquiry,2022,Benefits Queue,106,418,Resolved,Yes,60,No,0,0
4984,2025-01-24 15:00:00,2025-01,Commercial,Phone,Prior Authorization,2057,Enrollment Queue,97,251,Abandoned,No,60,No,0,1
4985,2025-01-24 16:00:00,2025-01,Medicare,IVR,Benefits Coverage,2038,Benefits Queue,214,170,Abandoned,Yes,30,No,0,1
4986,2025-01-24 17:00:00,2025-01,Commercial,Phone,Provider Inquiry,2012,Benefits Queue,39,257,Resolved,No,60,Yes,0,0
4987,2025-01-24 18:00:00,2025-01,Medicaid,Portal,Claims Status,2041,Benefits Queue,159,200,Escalated,Yes,30,No,1,0
4988,2025-01-24 19:00:00,2025-01,Medicare,IVR,Enrollment,2030,Benefits Queue,77,289,Abandoned,Yes,30,No,0,1
4989,2025-01-24 20:00:00,2025-01,Medicaid,Phone,Billing,2044,Enrollment Queue,106,307,Escalated,Yes,90,No,1,0
4990,2025-01-24 21:00:00,2025-01,Medicaid,Portal,Claims Status,2046,Benefits Queue,109,253,Resolved,Yes,60,No,0,0
4991,2025-01-24 22:00:00,2025-01,Medicaid,Phone,Billing,2036,Enrollment Queue,102,464,Resolved,No,60,No,0,0
4992,2025-01-24 23:00:00,2025-01,Medicare,IVR,Billing,2037,Benefits Queue,80,153,Resolved,No,30,No,0,0
4993,2025-01-25 00:00:00,2025-01,Medicaid,Phone,System Access,2048,Benefits Queue,26,194,Resolved,Yes,90,Yes,0,0
4994,2025-01-25 01:00:00,2025-01,Medicare,Portal,System Access,2047,Enrollment Queue,66,486,Resolved,Yes,30,No,0,0
4995,2025-01-25 02:00:00,2025-01,Medicaid,Phone,Enrollment,2037,Enrollment Queue,145,147,Resolved,Yes,60,No,0,0
4996,2025-01-25 03:00:00,2025-01,Medicare,Phone,System Access,2043,Claims Queue,156,227,Resolved,Yes,30,No,0,0
4997,2025-01-25 04:00:00,2025-01,Medicaid,IVR,Prior Authorization,2059,Benefits Queue,17,590,Resolved,No,60,Yes,0,0
4998,2025-01-25 05:00:00,2025-01,Medicaid,IVR,Benefits Coverage,2056,Enrollment Queue,47,151,Escalated,No,30,No,1,0
4999,2025-01-25 06:00:00,2025-01,Commercial,Phone,Claims Status,2026,Benefits Queue,80,214,Abandoned,No,60,No,0,1
5000,2025-01-25 07:00:00,2025-01,Medicaid,Phone,Enrollment,2029,Enrollment Queue,187,152,Resolved,Yes,90,No,0,0
